相对路径,中文说明（是什么）,负责人（谁弄的）,所属分类
00-索引.md,归档总索引,王启龙（前期工作区）,00-索引.md
01-课题-保肝中药成分虚拟筛选/.gitignore,保肝中药筛选课题·Git忽略配置,王启龙,01-课题-保肝中药成分虚拟筛选
01-课题-保肝中药成分虚拟筛选/CONTRIBUTORS.md,成员-模块映射,王启龙,01-课题-保肝中药成分虚拟筛选
01-课题-保肝中药成分虚拟筛选/README.md,项目总览、速览指标、复核清单,王启龙,01-课题-保肝中药成分虚拟筛选
01-课题-保肝中药成分虚拟筛选/data/processed/cleaned_compounds.csv,保肝中药筛选课题·CSV数据表,王启龙,01-课题-保肝中药成分虚拟筛选
01-课题-保肝中药成分虚拟筛选/data/processed/rejected.csv,保肝中药筛选课题·CSV数据表,王启龙,01-课题-保肝中药成分虚拟筛选
01-课题-保肝中药成分虚拟筛选/data/processed/screening_pool.csv,保肝中药筛选课题·CSV数据表,王启龙,01-课题-保肝中药成分虚拟筛选
01-课题-保肝中药成分虚拟筛选/data/raw/novel_terpenes_lignans.csv,保肝中药筛选课题·CSV数据表,王启龙,01-课题-保肝中药成分虚拟筛选
01-课题-保肝中药成分虚拟筛选/data/raw/tcm_seed_compounds.csv,保肝中药筛选课题·CSV数据表,王启龙,01-课题-保肝中药成分虚拟筛选
01-课题-保肝中药成分虚拟筛选/data/splits/test.csv,保肝中药筛选课题·CSV数据表,王启龙,01-课题-保肝中药成分虚拟筛选
01-课题-保肝中药成分虚拟筛选/data/splits/train.csv,保肝中药筛选课题·CSV数据表,王启龙,01-课题-保肝中药成分虚拟筛选
01-课题-保肝中药成分虚拟筛选/data/splits/val.csv,保肝中药筛选课题·CSV数据表,王启龙,01-课题-保肝中药成分虚拟筛选
01-课题-保肝中药成分虚拟筛选/docs/00_environment.md,保肝中药筛选课题·Markdown文档,王启龙,01-课题-保肝中药成分虚拟筛选
01-课题-保肝中药成分虚拟筛选/docs/01_data_dictionary.md,保肝中药筛选课题·Markdown文档,王启龙,01-课题-保肝中药成分虚拟筛选
01-课题-保肝中药成分虚拟筛选/docs/02_model_notes.md,保肝中药筛选课题·Markdown文档,王启龙,01-课题-保肝中药成分虚拟筛选
01-课题-保肝中药成分虚拟筛选/docs/03_docking_protocol.md,保肝中药筛选课题·分子对接相关,王启龙,01-课题-保肝中药成分虚拟筛选
01-课题-保肝中药成分虚拟筛选/docs/MANIFEST.md,保肝中药筛选课题·Markdown文档,王启龙,01-课题-保肝中药成分虚拟筛选
01-课题-保肝中药成分虚拟筛选/docs/PHASE_PLAN.md,保肝中药筛选课题·Markdown文档,王启龙,01-课题-保肝中药成分虚拟筛选
01-课题-保肝中药成分虚拟筛选/docs/VERIFY_MANUAL.md,保肝中药筛选课题·Markdown文档,王启龙,01-课题-保肝中药成分虚拟筛选
01-课题-保肝中药成分虚拟筛选/docs/minutes/week1-2.md,保肝中药筛选课题·组会纪要相关,王启龙,01-课题-保肝中药成分虚拟筛选
01-课题-保肝中药成分虚拟筛选/docs/minutes/week3-4.md,保肝中药筛选课题·组会纪要相关,王启龙,01-课题-保肝中药成分虚拟筛选
01-课题-保肝中药成分虚拟筛选/docs/minutes/week5-6.md,保肝中药筛选课题·组会纪要相关,王启龙,01-课题-保肝中药成分虚拟筛选
01-课题-保肝中药成分虚拟筛选/docs/personal/00_工作量与成果总表.md,保肝中药筛选课题·个人工作档案相关,王启龙,01-课题-保肝中药成分虚拟筛选
01-课题-保肝中药成分虚拟筛选/docs/personal/P1_王启龙.md,保肝中药筛选课题·个人工作档案相关,王启龙,01-课题-保肝中药成分虚拟筛选
01-课题-保肝中药成分虚拟筛选/docs/personal/P2_宁显泷.md,保肝中药筛选课题·个人工作档案相关,王启龙,01-课题-保肝中药成分虚拟筛选
01-课题-保肝中药成分虚拟筛选/docs/personal/P3_衣思淼.md,保肝中药筛选课题·个人工作档案相关,王启龙,01-课题-保肝中药成分虚拟筛选
01-课题-保肝中药成分虚拟筛选/docs/personal/P4_代维斯丹.md,保肝中药筛选课题·个人工作档案相关,王启龙,01-课题-保肝中药成分虚拟筛选
01-课题-保肝中药成分虚拟筛选/docs/personal/P5_王散曼.md,保肝中药筛选课题·个人工作档案相关,王启龙,01-课题-保肝中药成分虚拟筛选
01-课题-保肝中药成分虚拟筛选/literature/01_classic_evidence.md,保肝中药筛选课题·文献库相关,王启龙,01-课题-保肝中药成分虚拟筛选
01-课题-保肝中药成分虚拟筛选/literature/02_novel_terpenes_lignans.md,保肝中药筛选课题·文献库相关,王启龙,01-课题-保肝中药成分虚拟筛选
01-课题-保肝中药成分虚拟筛选/literature/03_top_candidate_mechanisms.md,保肝中药筛选课题·文献库相关,王启龙,01-课题-保肝中药成分虚拟筛选
01-课题-保肝中药成分虚拟筛选/phase2_semester/WP1_verify_baseline.md,保肝中药筛选课题·下学期工作包相关,王启龙,01-课题-保肝中药成分虚拟筛选
01-课题-保肝中药成分虚拟筛选/phase2_semester/WP2_real_docking.md,保肝中药筛选课题·分子对接相关,王启龙,01-课题-保肝中药成分虚拟筛选
01-课题-保肝中药成分虚拟筛选/phase2_semester/WP3_data_expansion.md,保肝中药筛选课题·下学期工作包相关,王启龙,01-课题-保肝中药成分虚拟筛选
01-课题-保肝中药成分虚拟筛选/phase2_semester/WP4_model_upgrade.md,保肝中药筛选课题·下学期工作包相关,王启龙,01-课题-保肝中药成分虚拟筛选
01-课题-保肝中药成分虚拟筛选/phase2_semester/WP5_experiment_bridge.md,保肝中药筛选课题·下学期工作包相关,王启龙,01-课题-保肝中药成分虚拟筛选
01-课题-保肝中药成分虚拟筛选/reports/midterm_report.md,保肝中药筛选课题·报告材料相关,王启龙,01-课题-保肝中药成分虚拟筛选
01-课题-保肝中药成分虚拟筛选/reports/pdf_all/CONTRIBUTORS.pdf,保肝中药筛选课题·报告材料相关,王启龙,01-课题-保肝中药成分虚拟筛选
01-课题-保肝中药成分虚拟筛选/reports/pdf_all/README.pdf,保肝中药筛选课题·报告材料相关,王启龙,01-课题-保肝中药成分虚拟筛选
01-课题-保肝中药成分虚拟筛选/reports/pdf_all/docs/00_environment.pdf,保肝中药筛选课题·报告材料相关,王启龙,01-课题-保肝中药成分虚拟筛选
01-课题-保肝中药成分虚拟筛选/reports/pdf_all/docs/01_data_dictionary.pdf,保肝中药筛选课题·报告材料相关,王启龙,01-课题-保肝中药成分虚拟筛选
01-课题-保肝中药成分虚拟筛选/reports/pdf_all/docs/02_model_notes.pdf,保肝中药筛选课题·报告材料相关,王启龙,01-课题-保肝中药成分虚拟筛选
01-课题-保肝中药成分虚拟筛选/reports/pdf_all/docs/03_docking_protocol.pdf,保肝中药筛选课题·分子对接相关,王启龙,01-课题-保肝中药成分虚拟筛选
01-课题-保肝中药成分虚拟筛选/reports/pdf_all/docs/MANIFEST.pdf,保肝中药筛选课题·报告材料相关,王启龙,01-课题-保肝中药成分虚拟筛选
01-课题-保肝中药成分虚拟筛选/reports/pdf_all/docs/PHASE_PLAN.pdf,保肝中药筛选课题·报告材料相关,王启龙,01-课题-保肝中药成分虚拟筛选
01-课题-保肝中药成分虚拟筛选/reports/pdf_all/docs/VERIFY_MANUAL.pdf,保肝中药筛选课题·报告材料相关,王启龙,01-课题-保肝中药成分虚拟筛选
01-课题-保肝中药成分虚拟筛选/reports/pdf_all/docs/minutes/week1-2.pdf,保肝中药筛选课题·报告材料相关,王启龙,01-课题-保肝中药成分虚拟筛选
01-课题-保肝中药成分虚拟筛选/reports/pdf_all/docs/minutes/week3-4.pdf,保肝中药筛选课题·报告材料相关,王启龙,01-课题-保肝中药成分虚拟筛选
01-课题-保肝中药成分虚拟筛选/reports/pdf_all/docs/minutes/week5-6.pdf,保肝中药筛选课题·报告材料相关,王启龙,01-课题-保肝中药成分虚拟筛选
01-课题-保肝中药成分虚拟筛选/reports/pdf_all/docs/personal/00_工作量与成果总表.pdf,保肝中药筛选课题·报告材料相关,王启龙,01-课题-保肝中药成分虚拟筛选
01-课题-保肝中药成分虚拟筛选/reports/pdf_all/docs/personal/P1_王启龙.pdf,保肝中药筛选课题·报告材料相关,王启龙,01-课题-保肝中药成分虚拟筛选
01-课题-保肝中药成分虚拟筛选/reports/pdf_all/docs/personal/P2_宁显泷.pdf,保肝中药筛选课题·报告材料相关,王启龙,01-课题-保肝中药成分虚拟筛选
01-课题-保肝中药成分虚拟筛选/reports/pdf_all/docs/personal/P3_衣思淼.pdf,保肝中药筛选课题·报告材料相关,王启龙,01-课题-保肝中药成分虚拟筛选
01-课题-保肝中药成分虚拟筛选/reports/pdf_all/docs/personal/P4_代维斯丹.pdf,保肝中药筛选课题·报告材料相关,王启龙,01-课题-保肝中药成分虚拟筛选
01-课题-保肝中药成分虚拟筛选/reports/pdf_all/docs/personal/P5_王散曼.pdf,保肝中药筛选课题·报告材料相关,王启龙,01-课题-保肝中药成分虚拟筛选
01-课题-保肝中药成分虚拟筛选/reports/pdf_all/literature/01_classic_evidence.pdf,保肝中药筛选课题·报告材料相关,王启龙,01-课题-保肝中药成分虚拟筛选
01-课题-保肝中药成分虚拟筛选/reports/pdf_all/literature/02_novel_terpenes_lignans.pdf,保肝中药筛选课题·报告材料相关,王启龙,01-课题-保肝中药成分虚拟筛选
01-课题-保肝中药成分虚拟筛选/reports/pdf_all/literature/03_top_candidate_mechanisms.pdf,保肝中药筛选课题·报告材料相关,王启龙,01-课题-保肝中药成分虚拟筛选
01-课题-保肝中药成分虚拟筛选/reports/pdf_all/phase2_semester/WP1_verify_baseline.pdf,保肝中药筛选课题·报告材料相关,王启龙,01-课题-保肝中药成分虚拟筛选
01-课题-保肝中药成分虚拟筛选/reports/pdf_all/phase2_semester/WP2_real_docking.pdf,保肝中药筛选课题·分子对接相关,王启龙,01-课题-保肝中药成分虚拟筛选
01-课题-保肝中药成分虚拟筛选/reports/pdf_all/phase2_semester/WP3_data_expansion.pdf,保肝中药筛选课题·报告材料相关,王启龙,01-课题-保肝中药成分虚拟筛选
01-课题-保肝中药成分虚拟筛选/reports/pdf_all/phase2_semester/WP4_model_upgrade.pdf,保肝中药筛选课题·报告材料相关,王启龙,01-课题-保肝中药成分虚拟筛选
01-课题-保肝中药成分虚拟筛选/reports/pdf_all/phase2_semester/WP5_experiment_bridge.pdf,保肝中药筛选课题·报告材料相关,王启龙,01-课题-保肝中药成分虚拟筛选
01-课题-保肝中药成分虚拟筛选/reports/pdf_all/reports/midterm_report.pdf,保肝中药筛选课题·报告材料相关,王启龙,01-课题-保肝中药成分虚拟筛选
01-课题-保肝中药成分虚拟筛选/reports/pdf_build/body.pdf,保肝中药筛选课题·报告材料相关,王启龙,01-课题-保肝中药成分虚拟筛选
01-课题-保肝中药成分虚拟筛选/reports/pdf_build/body_phase1.pdf,保肝中药筛选课题·报告材料相关,王启龙,01-课题-保肝中药成分虚拟筛选
01-课题-保肝中药成分虚拟筛选/reports/pdf_build/build_body.py,保肝中药筛选课题·报告材料生成脚本,王启龙,01-课题-保肝中药成分虚拟筛选
01-课题-保肝中药成分虚拟筛选/reports/pdf_build/build_phase1.py,保肝中药筛选课题·报告材料生成脚本,王启龙,01-课题-保肝中药成分虚拟筛选
01-课题-保肝中药成分虚拟筛选/reports/pdf_build/cover.html,保肝中药筛选课题·报告材料相关,王启龙,01-课题-保肝中药成分虚拟筛选
01-课题-保肝中药成分虚拟筛选/reports/pdf_build/cover.pdf,保肝中药筛选课题·报告材料相关,王启龙,01-课题-保肝中药成分虚拟筛选
01-课题-保肝中药成分虚拟筛选/reports/pdf_build/cover_phase1.html,保肝中药筛选课题·报告材料相关,王启龙,01-课题-保肝中药成分虚拟筛选
01-课题-保肝中药成分虚拟筛选/reports/pdf_build/cover_phase1.pdf,保肝中药筛选课题·报告材料相关,王启龙,01-课题-保肝中药成分虚拟筛选
01-课题-保肝中药成分虚拟筛选/reports/pdf_build/md2pdf.py,保肝中药筛选课题·报告材料相关,王启龙,01-课题-保肝中药成分虚拟筛选
01-课题-保肝中药成分虚拟筛选/reports/pdf_build/merge_final.py,保肝中药筛选课题·报告材料相关,王启龙,01-课题-保肝中药成分虚拟筛选
01-课题-保肝中药成分虚拟筛选/reports/pdf_build/patch_phase1.py,保肝中药筛选课题·报告材料相关,王启龙,01-课题-保肝中药成分虚拟筛选
01-课题-保肝中药成分虚拟筛选/reports/pdf_build/push_via_api.py,保肝中药筛选课题·报告材料相关,王启龙,01-课题-保肝中药成分虚拟筛选
01-课题-保肝中药成分虚拟筛选/reports/pdf_build/t_req.json,保肝中药筛选课题·报告材料相关,王启龙,01-课题-保肝中药成分虚拟筛选
01-课题-保肝中药成分虚拟筛选/reports/pdf_build/tree02.json,保肝中药筛选课题·报告材料相关,王启龙,01-课题-保肝中药成分虚拟筛选
01-课题-保肝中药成分虚拟筛选/reports/pdf_build/upload_aidd.py,保肝中药筛选课题·报告材料相关,王启龙,01-课题-保肝中药成分虚拟筛选
01-课题-保肝中药成分虚拟筛选/reports/pdf_build/verify.py,保肝中药筛选课题·报告材料相关,王启龙,01-课题-保肝中药成分虚拟筛选
01-课题-保肝中药成分虚拟筛选/reports/暑假阶段报告汇总.pdf,保肝中药筛选课题·报告材料相关,王启龙,01-课题-保肝中药成分虚拟筛选
01-课题-保肝中药成分虚拟筛选/reports/课题详解与阶段结果说明.pdf,保肝中药筛选课题·报告材料相关,王启龙,01-课题-保肝中药成分虚拟筛选
01-课题-保肝中药成分虚拟筛选/requirements.txt,依赖声明（仅 numpy 必需）,王启龙,01-课题-保肝中药成分虚拟筛选
01-课题-保肝中药成分虚拟筛选/results/ad/ad_report.csv,保肝中药筛选课题·结果数据相关,王启龙,01-课题-保肝中药成分虚拟筛选
01-课题-保肝中药成分虚拟筛选/results/docking/docking_scores.csv,保肝中药筛选课题·分子对接相关,王启龙,01-课题-保肝中药成分虚拟筛选
01-课题-保肝中药成分虚拟筛选/results/figures/model_dock_scatter.png,保肝中药筛选课题·结果数据相关,王启龙,01-课题-保肝中药成分虚拟筛选
01-课题-保肝中药成分虚拟筛选/results/figures/reliability_diagram.png,保肝中药筛选课题·结果数据相关,王启龙,01-课题-保肝中药成分虚拟筛选
01-课题-保肝中药成分虚拟筛选/results/figures/top_candidates.png,保肝中药筛选课题·结果数据相关,王启龙,01-课题-保肝中药成分虚拟筛选
01-课题-保肝中药成分虚拟筛选/results/figures/uncertainty_vs_error.png,保肝中药筛选课题·结果数据相关,王启龙,01-课题-保肝中药成分虚拟筛选
01-课题-保肝中药成分虚拟筛选/results/metrics/baseline.csv,保肝中药筛选课题·结果数据相关,王启龙,01-课题-保肝中药成分虚拟筛选
01-课题-保肝中药成分虚拟筛选/results/metrics/reliability_curve.csv,保肝中药筛选课题·结果数据相关,王启龙,01-课题-保肝中药成分虚拟筛选
01-课题-保肝中药成分虚拟筛选/results/predictions/fullpool_predictions.csv,保肝中药筛选课题·结果数据相关,王启龙,01-课题-保肝中药成分虚拟筛选
01-课题-保肝中药成分虚拟筛选/results/predictions/test_mean.npy,保肝中药筛选课题·结果数据相关,王启龙,01-课题-保肝中药成分虚拟筛选
01-课题-保肝中药成分虚拟筛选/results/predictions/test_predictions.csv,保肝中药筛选课题·结果数据相关,王启龙,01-课题-保肝中药成分虚拟筛选
01-课题-保肝中药成分虚拟筛选/results/predictions/test_var.npy,保肝中药筛选课题·结果数据相关,王启龙,01-课题-保肝中药成分虚拟筛选
01-课题-保肝中药成分虚拟筛选/results/rankings/final_ranking.csv,保肝中药筛选课题·结果数据相关,王启龙,01-课题-保肝中药成分虚拟筛选
01-课题-保肝中药成分虚拟筛选/run_all.py,一键复现八阶段流水线,王启龙,01-课题-保肝中药成分虚拟筛选
01-课题-保肝中药成分虚拟筛选/src/__init__.py,保肝中药筛选课题·源代码相关,王启龙,01-课题-保肝中药成分虚拟筛选
01-课题-保肝中药成分虚拟筛选/src/chem/__init__.py,保肝中药筛选课题·源代码相关,王启龙,01-课题-保肝中药成分虚拟筛选
01-课题-保肝中药成分虚拟筛选/src/chem/descriptors.py,保肝中药筛选课题·源代码相关,王启龙,01-课题-保肝中药成分虚拟筛选
01-课题-保肝中药成分虚拟筛选/src/chem/fingerprints.py,保肝中药筛选课题·源代码相关,王启龙,01-课题-保肝中药成分虚拟筛选
01-课题-保肝中药成分虚拟筛选/src/chem/smiles_graph.py,保肝中药筛选课题·源代码相关,王启龙,01-课题-保肝中药成分虚拟筛选
01-课题-保肝中药成分虚拟筛选/src/data/__init__.py,保肝中药筛选课题·源代码相关,王启龙,01-课题-保肝中药成分虚拟筛选
01-课题-保肝中药成分虚拟筛选/src/data/ad.py,保肝中药筛选课题·源代码相关,王启龙,01-课题-保肝中药成分虚拟筛选
01-课题-保肝中药成分虚拟筛选/src/data/clean.py,保肝中药筛选课题·源代码相关,王启龙,01-课题-保肝中药成分虚拟筛选
01-课题-保肝中药成分虚拟筛选/src/data/split.py,保肝中药筛选课题·源代码相关,王启龙,01-课题-保肝中药成分虚拟筛选
01-课题-保肝中药成分虚拟筛选/src/docking/__init__.py,保肝中药筛选课题·分子对接相关,王启龙,01-课题-保肝中药成分虚拟筛选
01-课题-保肝中药成分虚拟筛选/src/docking/grid_box.py,保肝中药筛选课题·分子对接相关,王启龙,01-课题-保肝中药成分虚拟筛选
01-课题-保肝中药成分虚拟筛选/src/docking/mock_docking.py,保肝中药筛选课题·分子对接相关,王启龙,01-课题-保肝中药成分虚拟筛选
01-课题-保肝中药成分虚拟筛选/src/docking/run_vina.sh,保肝中药筛选课题·分子对接相关,王启龙,01-课题-保肝中药成分虚拟筛选
01-课题-保肝中药成分虚拟筛选/src/models/__init__.py,保肝中药筛选课题·源代码相关,王启龙,01-课题-保肝中药成分虚拟筛选
01-课题-保肝中药成分虚拟筛选/src/models/baseline.py,保肝中药筛选课题·源代码相关,王启龙,01-课题-保肝中药成分虚拟筛选
01-课题-保肝中药成分虚拟筛选/src/models/dataset.py,保肝中药筛选课题·源代码相关,王启龙,01-课题-保肝中药成分虚拟筛选
01-课题-保肝中药成分虚拟筛选/src/models/gnn.py,保肝中药筛选课题·源代码相关,王启龙,01-课题-保肝中药成分虚拟筛选
01-课题-保肝中药成分虚拟筛选/src/scoring/__init__.py,保肝中药筛选课题·源代码相关,王启龙,01-课题-保肝中药成分虚拟筛选
01-课题-保肝中药成分虚拟筛选/src/scoring/fuse.py,保肝中药筛选课题·源代码相关,王启龙,01-课题-保肝中药成分虚拟筛选
01-课题-保肝中药成分虚拟筛选/src/viz/__init__.py,保肝中药筛选课题·源代码相关,王启龙,01-课题-保肝中药成分虚拟筛选
01-课题-保肝中药成分虚拟筛选/src/viz/plots.py,保肝中药筛选课题·源代码相关,王启龙,01-课题-保肝中药成分虚拟筛选
02-课题-MASH研究-v1/FINAL_REPORT.md,MASH研究v1·最终报告,王启龙（前期工作区）,02-课题-MASH研究-v1
02-课题-MASH研究-v1/README.md,MASH研究v1·项目说明文档,王启龙（前期工作区）,02-课题-MASH研究-v1
02-课题-MASH研究-v1/data/chembl/ad_reference.json,MASH研究v1·JSON数据,王启龙（前期工作区）,02-课题-MASH研究-v1
02-课题-MASH研究-v1/data/chembl/chembl_status_20260823.json,MASH研究v1·JSON数据,王启龙（前期工作区）,02-课题-MASH研究-v1
02-课题-MASH研究-v1/data/chembl/fxr_chembl2047_ic50_raw.csv,MASH研究v1·CSV数据表,王启龙（前期工作区）,02-课题-MASH研究-v1
02-课题-MASH研究-v1/data/chembl/fxr_clean_before_ad.csv,MASH研究v1·CSV数据表,王启龙（前期工作区）,02-课题-MASH研究-v1
02-课题-MASH研究-v1/data/chembl/fxr_final_dataset.csv,MASH研究v1·CSV数据表,王启龙（前期工作区）,02-课题-MASH研究-v1
02-课题-MASH研究-v1/data/geo/GSE135251_filelist.txt,MASH研究v1·GEO转录组数据相关,王启龙（前期工作区）,02-课题-MASH研究-v1
02-课题-MASH研究-v1/data/geo/GSE135251_series_matrix.txt.gz,MASH研究v1·GEO转录组数据相关,王启龙（前期工作区）,02-课题-MASH研究-v1
02-课题-MASH研究-v1/data/geo/count_matrix_raw.csv.gz,MASH研究v1·GEO转录组数据相关,王启龙（前期工作区）,02-课题-MASH研究-v1
02-课题-MASH研究-v1/data/geo/deg_NASH_vs_Normal.csv,MASH研究v1·GEO转录组数据相关,王启龙（前期工作区）,02-课题-MASH研究-v1
02-课题-MASH研究-v1/data/geo/deg_advFibrosis_vs_Normal.csv,MASH研究v1·GEO转录组数据相关,王启龙（前期工作区）,02-课题-MASH研究-v1
02-课题-MASH研究-v1/data/geo/ensembl2symbol.tsv,MASH研究v1·GEO转录组数据相关,王启龙（前期工作区）,02-课题-MASH研究-v1
02-课题-MASH研究-v1/data/geo/lognorm_matrix.csv.gz,MASH研究v1·GEO转录组数据相关,王启龙（前期工作区）,02-课题-MASH研究-v1
02-课题-MASH研究-v1/data/geo/raw/GSM3998167_017-Ann-Daly_S1.counts.txt.gz,MASH研究v1·GEO转录组数据相关,王启龙（前期工作区）,02-课题-MASH研究-v1
02-课题-MASH研究-v1/data/geo/raw/GSM3998168_018-Ann-Daly_S2.counts.txt.gz,MASH研究v1·GEO转录组数据相关,王启龙（前期工作区）,02-课题-MASH研究-v1
02-课题-MASH研究-v1/data/geo/raw/GSM3998169_029-Ann-Daly_S4.counts.txt.gz,MASH研究v1·GEO转录组数据相关,王启龙（前期工作区）,02-课题-MASH研究-v1
02-课题-MASH研究-v1/data/geo/raw/GSM3998170_030-Ann-Daly_S5.counts.txt.gz,MASH研究v1·GEO转录组数据相关,王启龙（前期工作区）,02-课题-MASH研究-v1
02-课题-MASH研究-v1/data/geo/raw/GSM3998171_031-Ann-Daly_S6.counts.txt.gz,MASH研究v1·GEO转录组数据相关,王启龙（前期工作区）,02-课题-MASH研究-v1
02-课题-MASH研究-v1/data/geo/raw/GSM3998172_032-Ann-Daly_S7.counts.txt.gz,MASH研究v1·GEO转录组数据相关,王启龙（前期工作区）,02-课题-MASH研究-v1
02-课题-MASH研究-v1/data/geo/raw/GSM3998173_033-Ann-Daly_S8.counts.txt.gz,MASH研究v1·GEO转录组数据相关,王启龙（前期工作区）,02-课题-MASH研究-v1
02-课题-MASH研究-v1/data/geo/raw/GSM3998174_035-Ann-Daly_S10.counts.txt.gz,MASH研究v1·GEO转录组数据相关,王启龙（前期工作区）,02-课题-MASH研究-v1
02-课题-MASH研究-v1/data/geo/raw/GSM3998175_036-Ann-Daly_S11.counts.txt.gz,MASH研究v1·GEO转录组数据相关,王启龙（前期工作区）,02-课题-MASH研究-v1
02-课题-MASH研究-v1/data/geo/raw/GSM3998176_037-Ann-Daly_S12.counts.txt.gz,MASH研究v1·GEO转录组数据相关,王启龙（前期工作区）,02-课题-MASH研究-v1
02-课题-MASH研究-v1/data/geo/raw/GSM3998177_038-Ann-Daly_S13.counts.txt.gz,MASH研究v1·GEO转录组数据相关,王启龙（前期工作区）,02-课题-MASH研究-v1
02-课题-MASH研究-v1/data/geo/raw/GSM3998178_040-Ann-Daly_S14.counts.txt.gz,MASH研究v1·GEO转录组数据相关,王启龙（前期工作区）,02-课题-MASH研究-v1
02-课题-MASH研究-v1/data/geo/raw/GSM3998179_041-Ann-Daly_S15.counts.txt.gz,MASH研究v1·GEO转录组数据相关,王启龙（前期工作区）,02-课题-MASH研究-v1
02-课题-MASH研究-v1/data/geo/raw/GSM3998180_042-Ann-Daly_S16.counts.txt.gz,MASH研究v1·GEO转录组数据相关,王启龙（前期工作区）,02-课题-MASH研究-v1
02-课题-MASH研究-v1/data/geo/raw/GSM3998181_043-Ann-Daly_S1.counts.txt.gz,MASH研究v1·GEO转录组数据相关,王启龙（前期工作区）,02-课题-MASH研究-v1
02-课题-MASH研究-v1/data/geo/raw/GSM3998182_044-Ann-Daly_S2.counts.txt.gz,MASH研究v1·GEO转录组数据相关,王启龙（前期工作区）,02-课题-MASH研究-v1
02-课题-MASH研究-v1/data/geo/raw/GSM3998183_046-Ann-Daly_S3.counts.txt.gz,MASH研究v1·GEO转录组数据相关,王启龙（前期工作区）,02-课题-MASH研究-v1
02-课题-MASH研究-v1/data/geo/raw/GSM3998184_047-Ann-Daly_S4.counts.txt.gz,MASH研究v1·GEO转录组数据相关,王启龙（前期工作区）,02-课题-MASH研究-v1
02-课题-MASH研究-v1/data/geo/raw/GSM3998185_048-Ann-Daly_S5.counts.txt.gz,MASH研究v1·GEO转录组数据相关,王启龙（前期工作区）,02-课题-MASH研究-v1
02-课题-MASH研究-v1/data/geo/raw/GSM3998186_049-Ann-Daly_S6.counts.txt.gz,MASH研究v1·GEO转录组数据相关,王启龙（前期工作区）,02-课题-MASH研究-v1
02-课题-MASH研究-v1/data/geo/raw/GSM3998187_051-Ann-Daly_S7.counts.txt.gz,MASH研究v1·GEO转录组数据相关,王启龙（前期工作区）,02-课题-MASH研究-v1
02-课题-MASH研究-v1/data/geo/raw/GSM3998188_053-Ann-Daly_S9.counts.txt.gz,MASH研究v1·GEO转录组数据相关,王启龙（前期工作区）,02-课题-MASH研究-v1
02-课题-MASH研究-v1/data/geo/raw/GSM3998189_054-Ann-Daly_S10.counts.txt.gz,MASH研究v1·GEO转录组数据相关,王启龙（前期工作区）,02-课题-MASH研究-v1
02-课题-MASH研究-v1/data/geo/raw/GSM3998190_055-Ann-Daly_S11.counts.txt.gz,MASH研究v1·GEO转录组数据相关,王启龙（前期工作区）,02-课题-MASH研究-v1
02-课题-MASH研究-v1/data/geo/raw/GSM3998191_059-Ann-Daly_S12.counts.txt.gz,MASH研究v1·GEO转录组数据相关,王启龙（前期工作区）,02-课题-MASH研究-v1
02-课题-MASH研究-v1/data/geo/raw/GSM3998192_060-Ann-Daly_S13.counts.txt.gz,MASH研究v1·GEO转录组数据相关,王启龙（前期工作区）,02-课题-MASH研究-v1
02-课题-MASH研究-v1/data/geo/raw/GSM3998193_061-Ann-Daly_S14.counts.txt.gz,MASH研究v1·GEO转录组数据相关,王启龙（前期工作区）,02-课题-MASH研究-v1
02-课题-MASH研究-v1/data/geo/raw/GSM3998194_062-Ann-Daly_S15.counts.txt.gz,MASH研究v1·GEO转录组数据相关,王启龙（前期工作区）,02-课题-MASH研究-v1
02-课题-MASH研究-v1/data/geo/raw/GSM3998195_075-Ann-Daly_S16.counts.txt.gz,MASH研究v1·GEO转录组数据相关,王启龙（前期工作区）,02-课题-MASH研究-v1
02-课题-MASH研究-v1/data/geo/raw/GSM3998196_076-Ann-Daly_S3.counts.txt.gz,MASH研究v1·GEO转录组数据相关,王启龙（前期工作区）,02-课题-MASH研究-v1
02-课题-MASH研究-v1/data/geo/raw/GSM3998197_1_20.counts.txt.gz,MASH研究v1·GEO转录组数据相关,王启龙（前期工作区）,02-课题-MASH研究-v1
02-课题-MASH研究-v1/data/geo/raw/GSM3998198_10_352.counts.txt.gz,MASH研究v1·GEO转录组数据相关,王启龙（前期工作区）,02-课题-MASH研究-v1
02-课题-MASH研究-v1/data/geo/raw/GSM3998199_101-Ann-Daly_S1.counts.txt.gz,MASH研究v1·GEO转录组数据相关,王启龙（前期工作区）,02-课题-MASH研究-v1
02-课题-MASH研究-v1/data/geo/raw/GSM3998200_102-Ann-Daly_S2.counts.txt.gz,MASH研究v1·GEO转录组数据相关,王启龙（前期工作区）,02-课题-MASH研究-v1
02-课题-MASH研究-v1/data/geo/raw/GSM3998201_103-Ann-Daly_S3.counts.txt.gz,MASH研究v1·GEO转录组数据相关,王启龙（前期工作区）,02-课题-MASH研究-v1
02-课题-MASH研究-v1/data/geo/raw/GSM3998202_104-Ann-Daly_S4.counts.txt.gz,MASH研究v1·GEO转录组数据相关,王启龙（前期工作区）,02-课题-MASH研究-v1
02-课题-MASH研究-v1/data/geo/raw/GSM3998203_105-Ann-Daly_S5.counts.txt.gz,MASH研究v1·GEO转录组数据相关,王启龙（前期工作区）,02-课题-MASH研究-v1
02-课题-MASH研究-v1/data/geo/raw/GSM3998204_106-Ann-Daly_S6.counts.txt.gz,MASH研究v1·GEO转录组数据相关,王启龙（前期工作区）,02-课题-MASH研究-v1
02-课题-MASH研究-v1/data/geo/raw/GSM3998205_108-Ann-Daly_S8.counts.txt.gz,MASH研究v1·GEO转录组数据相关,王启龙（前期工作区）,02-课题-MASH研究-v1
02-课题-MASH研究-v1/data/geo/raw/GSM3998206_109-Ann-Daly_S1.counts.txt.gz,MASH研究v1·GEO转录组数据相关,王启龙（前期工作区）,02-课题-MASH研究-v1
02-课题-MASH研究-v1/data/geo/raw/GSM3998207_110-Ann-Daly_S2.counts.txt.gz,MASH研究v1·GEO转录组数据相关,王启龙（前期工作区）,02-课题-MASH研究-v1
02-课题-MASH研究-v1/data/geo/raw/GSM3998208_111-Ann-Daly_S3.counts.txt.gz,MASH研究v1·GEO转录组数据相关,王启龙（前期工作区）,02-课题-MASH研究-v1
02-课题-MASH研究-v1/data/geo/raw/GSM3998209_112-Ann-Daly_S4.counts.txt.gz,MASH研究v1·GEO转录组数据相关,王启龙（前期工作区）,02-课题-MASH研究-v1
02-课题-MASH研究-v1/data/geo/raw/GSM3998210_114-Ann-Daly_S5.counts.txt.gz,MASH研究v1·GEO转录组数据相关,王启龙（前期工作区）,02-课题-MASH研究-v1
02-课题-MASH研究-v1/data/geo/raw/GSM3998211_115-Ann-Daly_S6.counts.txt.gz,MASH研究v1·GEO转录组数据相关,王启龙（前期工作区）,02-课题-MASH研究-v1
02-课题-MASH研究-v1/data/geo/raw/GSM3998212_116-Ann-Daly_S7.counts.txt.gz,MASH研究v1·GEO转录组数据相关,王启龙（前期工作区）,02-课题-MASH研究-v1
02-课题-MASH研究-v1/data/geo/raw/GSM3998213_12_469.counts.txt.gz,MASH研究v1·GEO转录组数据相关,王启龙（前期工作区）,02-课题-MASH研究-v1
02-课题-MASH研究-v1/data/geo/raw/GSM3998214_120-Ann-Daly_S9.counts.txt.gz,MASH研究v1·GEO转录组数据相关,王启龙（前期工作区）,02-课题-MASH研究-v1
02-课题-MASH研究-v1/data/geo/raw/GSM3998215_124-Ann-Daly_S10.counts.txt.gz,MASH研究v1·GEO转录组数据相关,王启龙（前期工作区）,02-课题-MASH研究-v1
02-课题-MASH研究-v1/data/geo/raw/GSM3998216_127-Ann-Daly_S11.counts.txt.gz,MASH研究v1·GEO转录组数据相关,王启龙（前期工作区）,02-课题-MASH研究-v1
02-课题-MASH研究-v1/data/geo/raw/GSM3998217_128-Ann-Daly_S12.counts.txt.gz,MASH研究v1·GEO转录组数据相关,王启龙（前期工作区）,02-课题-MASH研究-v1
02-课题-MASH研究-v1/data/geo/raw/GSM3998218_129-Ann-Daly_S13.counts.txt.gz,MASH研究v1·GEO转录组数据相关,王启龙（前期工作区）,02-课题-MASH研究-v1
02-课题-MASH研究-v1/data/geo/raw/GSM3998219_13_470.counts.txt.gz,MASH研究v1·GEO转录组数据相关,王启龙（前期工作区）,02-课题-MASH研究-v1
02-课题-MASH研究-v1/data/geo/raw/GSM3998220_130-Ann-Daly_S14.counts.txt.gz,MASH研究v1·GEO转录组数据相关,王启龙（前期工作区）,02-课题-MASH研究-v1
02-课题-MASH研究-v1/data/geo/raw/GSM3998221_132-Ann-Daly_S15.counts.txt.gz,MASH研究v1·GEO转录组数据相关,王启龙（前期工作区）,02-课题-MASH研究-v1
02-课题-MASH研究-v1/data/geo/raw/GSM3998222_133-Ann-Daly_S16.counts.txt.gz,MASH研究v1·GEO转录组数据相关,王启龙（前期工作区）,02-课题-MASH研究-v1
02-课题-MASH研究-v1/data/geo/raw/GSM3998223_134-Ann-Daly_S1.counts.txt.gz,MASH研究v1·GEO转录组数据相关,王启龙（前期工作区）,02-课题-MASH研究-v1
02-课题-MASH研究-v1/data/geo/raw/GSM3998224_135-Ann-Daly_S2.counts.txt.gz,MASH研究v1·GEO转录组数据相关,王启龙（前期工作区）,02-课题-MASH研究-v1
02-课题-MASH研究-v1/data/geo/raw/GSM3998225_136-Ann-Daly_S1.counts.txt.gz,MASH研究v1·GEO转录组数据相关,王启龙（前期工作区）,02-课题-MASH研究-v1
02-课题-MASH研究-v1/data/geo/raw/GSM3998226_14_472.counts.txt.gz,MASH研究v1·GEO转录组数据相关,王启龙（前期工作区）,02-课题-MASH研究-v1
02-课题-MASH研究-v1/data/geo/raw/GSM3998227_141-Ann-Daly_S2.counts.txt.gz,MASH研究v1·GEO转录组数据相关,王启龙（前期工作区）,02-课题-MASH研究-v1
02-课题-MASH研究-v1/data/geo/raw/GSM3998228_15_473.counts.txt.gz,MASH研究v1·GEO转录组数据相关,王启龙（前期工作区）,02-课题-MASH研究-v1
02-课题-MASH研究-v1/data/geo/raw/GSM3998229_152-Ann-Daly_S3.counts.txt.gz,MASH研究v1·GEO转录组数据相关,王启龙（前期工作区）,02-课题-MASH研究-v1
02-课题-MASH研究-v1/data/geo/raw/GSM3998230_155-Ann-Daly_S4.counts.txt.gz,MASH研究v1·GEO转录组数据相关,王启龙（前期工作区）,02-课题-MASH研究-v1
02-课题-MASH研究-v1/data/geo/raw/GSM3998231_169-Ann-Daly_S5.counts.txt.gz,MASH研究v1·GEO转录组数据相关,王启龙（前期工作区）,02-课题-MASH研究-v1
02-课题-MASH研究-v1/data/geo/raw/GSM3998232_17_82.counts.txt.gz,MASH研究v1·GEO转录组数据相关,王启龙（前期工作区）,02-课题-MASH研究-v1
02-课题-MASH研究-v1/data/geo/raw/GSM3998233_172-Ann-Daly_S6.counts.txt.gz,MASH研究v1·GEO转录组数据相关,王启龙（前期工作区）,02-课题-MASH研究-v1
02-课题-MASH研究-v1/data/geo/raw/GSM3998234_176-Ann-Daly_S7.counts.txt.gz,MASH研究v1·GEO转录组数据相关,王启龙（前期工作区）,02-课题-MASH研究-v1
02-课题-MASH研究-v1/data/geo/raw/GSM3998235_177-Ann-Daly_S8.counts.txt.gz,MASH研究v1·GEO转录组数据相关,王启龙（前期工作区）,02-课题-MASH研究-v1
02-课题-MASH研究-v1/data/geo/raw/GSM3998236_179-Ann-Daly_S10.counts.txt.gz,MASH研究v1·GEO转录组数据相关,王启龙（前期工作区）,02-课题-MASH研究-v1
02-课题-MASH研究-v1/data/geo/raw/GSM3998237_184-Ann-Daly_S11.counts.txt.gz,MASH研究v1·GEO转录组数据相关,王启龙（前期工作区）,02-课题-MASH研究-v1
02-课题-MASH研究-v1/data/geo/raw/GSM3998238_185-Ann-Daly_S12.counts.txt.gz,MASH研究v1·GEO转录组数据相关,王启龙（前期工作区）,02-课题-MASH研究-v1
02-课题-MASH研究-v1/data/geo/raw/GSM3998239_186-Ann-Daly_S13.counts.txt.gz,MASH研究v1·GEO转录组数据相关,王启龙（前期工作区）,02-课题-MASH研究-v1
02-课题-MASH研究-v1/data/geo/raw/GSM3998240_187-Ann-Daly_S14.counts.txt.gz,MASH研究v1·GEO转录组数据相关,王启龙（前期工作区）,02-课题-MASH研究-v1
02-课题-MASH研究-v1/data/geo/raw/GSM3998241_188-Ann-Daly_S15.counts.txt.gz,MASH研究v1·GEO转录组数据相关,王启龙（前期工作区）,02-课题-MASH研究-v1
02-课题-MASH研究-v1/data/geo/raw/GSM3998242_19_138.counts.txt.gz,MASH研究v1·GEO转录组数据相关,王启龙（前期工作区）,02-课题-MASH研究-v1
02-课题-MASH研究-v1/data/geo/raw/GSM3998243_191-Ann-Daly_S1.counts.txt.gz,MASH研究v1·GEO转录组数据相关,王启龙（前期工作区）,02-课题-MASH研究-v1
02-课题-MASH研究-v1/data/geo/raw/GSM3998244_193-Ann-Daly_S2.counts.txt.gz,MASH研究v1·GEO转录组数据相关,王启龙（前期工作区）,02-课题-MASH研究-v1
02-课题-MASH研究-v1/data/geo/raw/GSM3998245_197-Ann-Daly_S3.counts.txt.gz,MASH研究v1·GEO转录组数据相关,王启龙（前期工作区）,02-课题-MASH研究-v1
02-课题-MASH研究-v1/data/geo/raw/GSM3998246_199-Ann-Daly_S4.counts.txt.gz,MASH研究v1·GEO转录组数据相关,王启龙（前期工作区）,02-课题-MASH研究-v1
02-课题-MASH研究-v1/data/geo/raw/GSM3998247_2_23.counts.txt.gz,MASH研究v1·GEO转录组数据相关,王启龙（前期工作区）,02-课题-MASH研究-v1
02-课题-MASH研究-v1/data/geo/raw/GSM3998248_200-Ann-Daly_S5.counts.txt.gz,MASH研究v1·GEO转录组数据相关,王启龙（前期工作区）,02-课题-MASH研究-v1
02-课题-MASH研究-v1/data/geo/raw/GSM3998249_201-Ann-Daly_S6.counts.txt.gz,MASH研究v1·GEO转录组数据相关,王启龙（前期工作区）,02-课题-MASH研究-v1
02-课题-MASH研究-v1/data/geo/raw/GSM3998250_202-Ann-Daly_S7.counts.txt.gz,MASH研究v1·GEO转录组数据相关,王启龙（前期工作区）,02-课题-MASH研究-v1
02-课题-MASH研究-v1/data/geo/raw/GSM3998251_204-Ann-Daly_S8.counts.txt.gz,MASH研究v1·GEO转录组数据相关,王启龙（前期工作区）,02-课题-MASH研究-v1
02-课题-MASH研究-v1/data/geo/raw/GSM3998252_205-Ann-Daly_S9.counts.txt.gz,MASH研究v1·GEO转录组数据相关,王启龙（前期工作区）,02-课题-MASH研究-v1
02-课题-MASH研究-v1/data/geo/raw/GSM3998253_207-Ann-Daly_S10.counts.txt.gz,MASH研究v1·GEO转录组数据相关,王启龙（前期工作区）,02-课题-MASH研究-v1
02-课题-MASH研究-v1/data/geo/raw/GSM3998254_208-Ann-Daly_S11.counts.txt.gz,MASH研究v1·GEO转录组数据相关,王启龙（前期工作区）,02-课题-MASH研究-v1
02-课题-MASH研究-v1/data/geo/raw/GSM3998255_211-Ann-Daly_S13.counts.txt.gz,MASH研究v1·GEO转录组数据相关,王启龙（前期工作区）,02-课题-MASH研究-v1
02-课题-MASH研究-v1/data/geo/raw/GSM3998256_214-Ann-Daly_S15.counts.txt.gz,MASH研究v1·GEO转录组数据相关,王启龙（前期工作区）,02-课题-MASH研究-v1
02-课题-MASH研究-v1/data/geo/raw/GSM3998257_215-Ann-Daly_S16.counts.txt.gz,MASH研究v1·GEO转录组数据相关,王启龙（前期工作区）,02-课题-MASH研究-v1
02-课题-MASH研究-v1/data/geo/raw/GSM3998258_216-Ann-Daly_S1.counts.txt.gz,MASH研究v1·GEO转录组数据相关,王启龙（前期工作区）,02-课题-MASH研究-v1
02-课题-MASH研究-v1/data/geo/raw/GSM3998259_22_151.counts.txt.gz,MASH研究v1·GEO转录组数据相关,王启龙（前期工作区）,02-课题-MASH研究-v1
02-课题-MASH研究-v1/data/geo/raw/GSM3998260_23_154.counts.txt.gz,MASH研究v1·GEO转录组数据相关,王启龙（前期工作区）,02-课题-MASH研究-v1
02-课题-MASH研究-v1/data/geo/raw/GSM3998261_233-Ann-Daly_S3.counts.txt.gz,MASH研究v1·GEO转录组数据相关,王启龙（前期工作区）,02-课题-MASH研究-v1
02-课题-MASH研究-v1/data/geo/raw/GSM3998262_234-Ann-Daly_S4.counts.txt.gz,MASH研究v1·GEO转录组数据相关,王启龙（前期工作区）,02-课题-MASH研究-v1
02-课题-MASH研究-v1/data/geo/raw/GSM3998263_235-Ann-Daly_S5.counts.txt.gz,MASH研究v1·GEO转录组数据相关,王启龙（前期工作区）,02-课题-MASH研究-v1
02-课题-MASH研究-v1/data/geo/raw/GSM3998264_236-Ann-Daly_S6.counts.txt.gz,MASH研究v1·GEO转录组数据相关,王启龙（前期工作区）,02-课题-MASH研究-v1
02-课题-MASH研究-v1/data/geo/raw/GSM3998265_237-Ann-Daly_S7.counts.txt.gz,MASH研究v1·GEO转录组数据相关,王启龙（前期工作区）,02-课题-MASH研究-v1
02-课题-MASH研究-v1/data/geo/raw/GSM3998266_238-Ann-Daly_S8.counts.txt.gz,MASH研究v1·GEO转录组数据相关,王启龙（前期工作区）,02-课题-MASH研究-v1
02-课题-MASH研究-v1/data/geo/raw/GSM3998267_239-Ann-Daly_S9.counts.txt.gz,MASH研究v1·GEO转录组数据相关,王启龙（前期工作区）,02-课题-MASH研究-v1
02-课题-MASH研究-v1/data/geo/raw/GSM3998268_24_160.counts.txt.gz,MASH研究v1·GEO转录组数据相关,王启龙（前期工作区）,02-课题-MASH研究-v1
02-课题-MASH研究-v1/data/geo/raw/GSM3998269_240-Ann-Daly_S1.counts.txt.gz,MASH研究v1·GEO转录组数据相关,王启龙（前期工作区）,02-课题-MASH研究-v1
02-课题-MASH研究-v1/data/geo/raw/GSM3998270_241-Ann-Daly_S2.counts.txt.gz,MASH研究v1·GEO转录组数据相关,王启龙（前期工作区）,02-课题-MASH研究-v1
02-课题-MASH研究-v1/data/geo/raw/GSM3998271_242-Ann-Daly_S10.counts.txt.gz,MASH研究v1·GEO转录组数据相关,王启龙（前期工作区）,02-课题-MASH研究-v1
02-课题-MASH研究-v1/data/geo/raw/GSM3998272_243-Ann-Daly_S11.counts.txt.gz,MASH研究v1·GEO转录组数据相关,王启龙（前期工作区）,02-课题-MASH研究-v1
02-课题-MASH研究-v1/data/geo/raw/GSM3998273_244-Ann-Daly_S12.counts.txt.gz,MASH研究v1·GEO转录组数据相关,王启龙（前期工作区）,02-课题-MASH研究-v1
02-课题-MASH研究-v1/data/geo/raw/GSM3998274_245-Ann-Daly_S13.counts.txt.gz,MASH研究v1·GEO转录组数据相关,王启龙（前期工作区）,02-课题-MASH研究-v1
02-课题-MASH研究-v1/data/geo/raw/GSM3998275_246-Ann-Daly_S14.counts.txt.gz,MASH研究v1·GEO转录组数据相关,王启龙（前期工作区）,02-课题-MASH研究-v1
02-课题-MASH研究-v1/data/geo/raw/GSM3998276_247-Ann-Daly_S15.counts.txt.gz,MASH研究v1·GEO转录组数据相关,王启龙（前期工作区）,02-课题-MASH研究-v1
02-课题-MASH研究-v1/data/geo/raw/GSM3998277_25_164.counts.txt.gz,MASH研究v1·GEO转录组数据相关,王启龙（前期工作区）,02-课题-MASH研究-v1
02-课题-MASH研究-v1/data/geo/raw/GSM3998278_252-Ann-Daly_S16.counts.txt.gz,MASH研究v1·GEO转录组数据相关,王启龙（前期工作区）,02-课题-MASH研究-v1
02-课题-MASH研究-v1/data/geo/raw/GSM3998279_255-Ann-Daly_S3.counts.txt.gz,MASH研究v1·GEO转录组数据相关,王启龙（前期工作区）,02-课题-MASH研究-v1
02-课题-MASH研究-v1/data/geo/raw/GSM3998280_26_171.counts.txt.gz,MASH研究v1·GEO转录组数据相关,王启龙（前期工作区）,02-课题-MASH研究-v1
02-课题-MASH研究-v1/data/geo/raw/GSM3998281_260-Ann-Daly_S4.counts.txt.gz,MASH研究v1·GEO转录组数据相关,王启龙（前期工作区）,02-课题-MASH研究-v1
02-课题-MASH研究-v1/data/geo/raw/GSM3998282_264-Ann-Daly_S5.counts.txt.gz,MASH研究v1·GEO转录组数据相关,王启龙（前期工作区）,02-课题-MASH研究-v1
02-课题-MASH研究-v1/data/geo/raw/GSM3998283_266-Ann-Daly_S7.counts.txt.gz,MASH研究v1·GEO转录组数据相关,王启龙（前期工作区）,02-课题-MASH研究-v1
02-课题-MASH研究-v1/data/geo/raw/GSM3998284_268-Ann-Daly_S8.counts.txt.gz,MASH研究v1·GEO转录组数据相关,王启龙（前期工作区）,02-课题-MASH研究-v1
02-课题-MASH研究-v1/data/geo/raw/GSM3998285_27_181.counts.txt.gz,MASH研究v1·GEO转录组数据相关,王启龙（前期工作区）,02-课题-MASH研究-v1
02-课题-MASH研究-v1/data/geo/raw/GSM3998286_274-Ann-Daly_S10.counts.txt.gz,MASH研究v1·GEO转录组数据相关,王启龙（前期工作区）,02-课题-MASH研究-v1
02-课题-MASH研究-v1/data/geo/raw/GSM3998287_277-Ann-Daly_S11.counts.txt.gz,MASH研究v1·GEO转录组数据相关,王启龙（前期工作区）,02-课题-MASH研究-v1
02-课题-MASH研究-v1/data/geo/raw/GSM3998288_278-Ann-Daly_S12.counts.txt.gz,MASH研究v1·GEO转录组数据相关,王启龙（前期工作区）,02-课题-MASH研究-v1
02-课题-MASH研究-v1/data/geo/raw/GSM3998289_279-Ann-Daly_S13.counts.txt.gz,MASH研究v1·GEO转录组数据相关,王启龙（前期工作区）,02-课题-MASH研究-v1
02-课题-MASH研究-v1/data/geo/raw/GSM3998290_280-Ann-Daly_S14.counts.txt.gz,MASH研究v1·GEO转录组数据相关,王启龙（前期工作区）,02-课题-MASH研究-v1
02-课题-MASH研究-v1/data/geo/raw/GSM3998291_281-Ann-Daly_S15.counts.txt.gz,MASH研究v1·GEO转录组数据相关,王启龙（前期工作区）,02-课题-MASH研究-v1
02-课题-MASH研究-v1/data/geo/raw/GSM3998292_282-Ann-Daly_S16.counts.txt.gz,MASH研究v1·GEO转录组数据相关,王启龙（前期工作区）,02-课题-MASH研究-v1
02-课题-MASH研究-v1/data/geo/raw/GSM3998293_284-Ann-Daly_S2.counts.txt.gz,MASH研究v1·GEO转录组数据相关,王启龙（前期工作区）,02-课题-MASH研究-v1
02-课题-MASH研究-v1/data/geo/raw/GSM3998294_285-Ann-Daly_S3.counts.txt.gz,MASH研究v1·GEO转录组数据相关,王启龙（前期工作区）,02-课题-MASH研究-v1
02-课题-MASH研究-v1/data/geo/raw/GSM3998295_286-Ann-Daly_S4.counts.txt.gz,MASH研究v1·GEO转录组数据相关,王启龙（前期工作区）,02-课题-MASH研究-v1
02-课题-MASH研究-v1/data/geo/raw/GSM3998296_287-Ann-Daly_S5.counts.txt.gz,MASH研究v1·GEO转录组数据相关,王启龙（前期工作区）,02-课题-MASH研究-v1
02-课题-MASH研究-v1/data/geo/raw/GSM3998297_288-Ann-Daly_S6.counts.txt.gz,MASH研究v1·GEO转录组数据相关,王启龙（前期工作区）,02-课题-MASH研究-v1
02-课题-MASH研究-v1/data/geo/raw/GSM3998298_289-Ann-Daly_S7.counts.txt.gz,MASH研究v1·GEO转录组数据相关,王启龙（前期工作区）,02-课题-MASH研究-v1
02-课题-MASH研究-v1/data/geo/raw/GSM3998299_29_474.counts.txt.gz,MASH研究v1·GEO转录组数据相关,王启龙（前期工作区）,02-课题-MASH研究-v1
02-课题-MASH研究-v1/data/geo/raw/GSM3998300_290-Ann-Daly_S8.counts.txt.gz,MASH研究v1·GEO转录组数据相关,王启龙（前期工作区）,02-课题-MASH研究-v1
02-课题-MASH研究-v1/data/geo/raw/GSM3998301_291-Ann-Daly_S9.counts.txt.gz,MASH研究v1·GEO转录组数据相关,王启龙（前期工作区）,02-课题-MASH研究-v1
02-课题-MASH研究-v1/data/geo/raw/GSM3998302_293-Ann-Daly_S10.counts.txt.gz,MASH研究v1·GEO转录组数据相关,王启龙（前期工作区）,02-课题-MASH研究-v1
02-课题-MASH研究-v1/data/geo/raw/GSM3998303_295-Ann-Daly_S11.counts.txt.gz,MASH研究v1·GEO转录组数据相关,王启龙（前期工作区）,02-课题-MASH研究-v1
02-课题-MASH研究-v1/data/geo/raw/GSM3998304_296-Ann-Daly_S12.counts.txt.gz,MASH研究v1·GEO转录组数据相关,王启龙（前期工作区）,02-课题-MASH研究-v1
02-课题-MASH研究-v1/data/geo/raw/GSM3998305_299-Ann-Daly_S13.counts.txt.gz,MASH研究v1·GEO转录组数据相关,王启龙（前期工作区）,02-课题-MASH研究-v1
02-课题-MASH研究-v1/data/geo/raw/GSM3998306_3_45.counts.txt.gz,MASH研究v1·GEO转录组数据相关,王启龙（前期工作区）,02-课题-MASH研究-v1
02-课题-MASH研究-v1/data/geo/raw/GSM3998307_300-Ann-Daly_S14.counts.txt.gz,MASH研究v1·GEO转录组数据相关,王启龙（前期工作区）,02-课题-MASH研究-v1
02-课题-MASH研究-v1/data/geo/raw/GSM3998308_303-Ann-Daly_S15.counts.txt.gz,MASH研究v1·GEO转录组数据相关,王启龙（前期工作区）,02-课题-MASH研究-v1
02-课题-MASH研究-v1/data/geo/raw/GSM3998309_304-Ann-Daly_S1.counts.txt.gz,MASH研究v1·GEO转录组数据相关,王启龙（前期工作区）,02-课题-MASH研究-v1
02-课题-MASH研究-v1/data/geo/raw/GSM3998310_306-Ann-Daly_S1.counts.txt.gz,MASH研究v1·GEO转录组数据相关,王启龙（前期工作区）,02-课题-MASH研究-v1
02-课题-MASH研究-v1/data/geo/raw/GSM3998311_31_477.counts.txt.gz,MASH研究v1·GEO转录组数据相关,王启龙（前期工作区）,02-课题-MASH研究-v1
02-课题-MASH研究-v1/data/geo/raw/GSM3998312_319-Ann-Daly_S2.counts.txt.gz,MASH研究v1·GEO转录组数据相关,王启龙（前期工作区）,02-课题-MASH研究-v1
02-课题-MASH研究-v1/data/geo/raw/GSM3998313_32_478.counts.txt.gz,MASH研究v1·GEO转录组数据相关,王启龙（前期工作区）,02-课题-MASH研究-v1
02-课题-MASH研究-v1/data/geo/raw/GSM3998314_345-Ann-Daly_S3.counts.txt.gz,MASH研究v1·GEO转录组数据相关,王启龙（前期工作区）,02-课题-MASH研究-v1
02-课题-MASH研究-v1/data/geo/raw/GSM3998315_350-Ann-Daly_S4.counts.txt.gz,MASH研究v1·GEO转录组数据相关,王启龙（前期工作区）,02-课题-MASH研究-v1
02-课题-MASH研究-v1/data/geo/raw/GSM3998316_354-Ann-Daly_S5.counts.txt.gz,MASH研究v1·GEO转录组数据相关,王启龙（前期工作区）,02-课题-MASH研究-v1
02-课题-MASH研究-v1/data/geo/raw/GSM3998317_355-Ann-Daly_S6.counts.txt.gz,MASH研究v1·GEO转录组数据相关,王启龙（前期工作区）,02-课题-MASH研究-v1
02-课题-MASH研究-v1/data/geo/raw/GSM3998318_361-Ann-Daly_S7.counts.txt.gz,MASH研究v1·GEO转录组数据相关,王启龙（前期工作区）,02-课题-MASH研究-v1
02-课题-MASH研究-v1/data/geo/raw/GSM3998319_373-Ann-Daly_S8.counts.txt.gz,MASH研究v1·GEO转录组数据相关,王启龙（前期工作区）,02-课题-MASH研究-v1
02-课题-MASH研究-v1/data/geo/raw/GSM3998320_384-Ann-Daly_S10.counts.txt.gz,MASH研究v1·GEO转录组数据相关,王启龙（前期工作区）,02-课题-MASH研究-v1
02-课题-MASH研究-v1/data/geo/raw/GSM3998321_4_67.counts.txt.gz,MASH研究v1·GEO转录组数据相关,王启龙（前期工作区）,02-课题-MASH研究-v1
02-课题-MASH研究-v1/data/geo/raw/GSM3998322_402-Ann-Daly_S11.counts.txt.gz,MASH研究v1·GEO转录组数据相关,王启龙（前期工作区）,02-课题-MASH研究-v1
02-课题-MASH研究-v1/data/geo/raw/GSM3998323_407-Ann-Daly_S13.counts.txt.gz,MASH研究v1·GEO转录组数据相关,王启龙（前期工作区）,02-课题-MASH研究-v1
02-课题-MASH研究-v1/data/geo/raw/GSM3998324_408-Ann-Daly_S14.counts.txt.gz,MASH研究v1·GEO转录组数据相关,王启龙（前期工作区）,02-课题-MASH研究-v1
02-课题-MASH研究-v1/data/geo/raw/GSM3998325_416-Ann-Daly_S2.counts.txt.gz,MASH研究v1·GEO转录组数据相关,王启龙（前期工作区）,02-课题-MASH研究-v1
02-课题-MASH研究-v1/data/geo/raw/GSM3998326_418-Ann-Daly_S15.counts.txt.gz,MASH研究v1·GEO转录组数据相关,王启龙（前期工作区）,02-课题-MASH研究-v1
02-课题-MASH研究-v1/data/geo/raw/GSM3998327_424-Ann-Daly_S16.counts.txt.gz,MASH研究v1·GEO转录组数据相关,王启龙（前期工作区）,02-课题-MASH研究-v1
02-课题-MASH研究-v1/data/geo/raw/GSM3998328_425-Ann-Daly_S3.counts.txt.gz,MASH研究v1·GEO转录组数据相关,王启龙（前期工作区）,02-课题-MASH研究-v1
02-课题-MASH研究-v1/data/geo/raw/GSM3998329_431-Ann-Daly_S4.counts.txt.gz,MASH研究v1·GEO转录组数据相关,王启龙（前期工作区）,02-课题-MASH研究-v1
02-课题-MASH研究-v1/data/geo/raw/GSM3998330_443-Ann-Daly_S5.counts.txt.gz,MASH研究v1·GEO转录组数据相关,王启龙（前期工作区）,02-课题-MASH研究-v1
02-课题-MASH研究-v1/data/geo/raw/GSM3998331_5_74.counts.txt.gz,MASH研究v1·GEO转录组数据相关,王启龙（前期工作区）,02-课题-MASH研究-v1
02-课题-MASH研究-v1/data/geo/raw/GSM3998332_6_139.counts.txt.gz,MASH研究v1·GEO转录组数据相关,王启龙（前期工作区）,02-课题-MASH研究-v1
02-课题-MASH研究-v1/data/geo/raw/GSM3998333_7_162.counts.txt.gz,MASH研究v1·GEO转录组数据相关,王启龙（前期工作区）,02-课题-MASH研究-v1
02-课题-MASH研究-v1/data/geo/raw/GSM3998334_8_344.counts.txt.gz,MASH研究v1·GEO转录组数据相关,王启龙（前期工作区）,02-课题-MASH研究-v1
02-课题-MASH研究-v1/data/geo/raw/GSM3998335_84-Ann-Daly_S9.counts.txt.gz,MASH研究v1·GEO转录组数据相关,王启龙（前期工作区）,02-课题-MASH研究-v1
02-课题-MASH研究-v1/data/geo/raw/GSM3998336_85-Ann-Daly_S10.counts.txt.gz,MASH研究v1·GEO转录组数据相关,王启龙（前期工作区）,02-课题-MASH研究-v1
02-课题-MASH研究-v1/data/geo/raw/GSM3998337_9_346.counts.txt.gz,MASH研究v1·GEO转录组数据相关,王启龙（前期工作区）,02-课题-MASH研究-v1
02-课题-MASH研究-v1/data/geo/raw/GSM3998338_98-Ann-Daly_S13.counts.txt.gz,MASH研究v1·GEO转录组数据相关,王启龙（前期工作区）,02-课题-MASH研究-v1
02-课题-MASH研究-v1/data/geo/raw/GSM3998339_s5_Olivier-Govaere_S5.counts.txt.gz,MASH研究v1·GEO转录组数据相关,王启龙（前期工作区）,02-课题-MASH研究-v1
02-课题-MASH研究-v1/data/geo/raw/GSM3998340_s2_Olivier-Govaere_S2.counts.txt.gz,MASH研究v1·GEO转录组数据相关,王启龙（前期工作区）,02-课题-MASH研究-v1
02-课题-MASH研究-v1/data/geo/raw/GSM3998341_078-Ann-Daly_S14.counts.txt.gz,MASH研究v1·GEO转录组数据相关,王启龙（前期工作区）,02-课题-MASH研究-v1
02-课题-MASH研究-v1/data/geo/raw/GSM3998342_085-Ann-Daly_S16.counts.txt.gz,MASH研究v1·GEO转录组数据相关,王启龙（前期工作区）,02-课题-MASH研究-v1
02-课题-MASH研究-v1/data/geo/raw/GSM3998343_C100-Ann-Daly_S1.counts.txt.gz,MASH研究v1·GEO转录组数据相关,王启龙（前期工作区）,02-课题-MASH研究-v1
02-课题-MASH研究-v1/data/geo/raw/GSM3998344_C101-Ann-Daly_S2.counts.txt.gz,MASH研究v1·GEO转录组数据相关,王启龙（前期工作区）,02-课题-MASH研究-v1
02-课题-MASH研究-v1/data/geo/raw/GSM3998345_C102-Ann-Daly_S3.counts.txt.gz,MASH研究v1·GEO转录组数据相关,王启龙（前期工作区）,02-课题-MASH研究-v1
02-课题-MASH研究-v1/data/geo/raw/GSM3998346_C103-Ann-Daly_S4.counts.txt.gz,MASH研究v1·GEO转录组数据相关,王启龙（前期工作区）,02-课题-MASH研究-v1
02-课题-MASH研究-v1/data/geo/raw/GSM3998347_C107-Ann-Daly_S5.counts.txt.gz,MASH研究v1·GEO转录组数据相关,王启龙（前期工作区）,02-课题-MASH研究-v1
02-课题-MASH研究-v1/data/geo/raw/GSM3998348_C108-Ann-Daly_S6.counts.txt.gz,MASH研究v1·GEO转录组数据相关,王启龙（前期工作区）,02-课题-MASH研究-v1
02-课题-MASH研究-v1/data/geo/raw/GSM3998349_C109-Ann-Daly_S7.counts.txt.gz,MASH研究v1·GEO转录组数据相关,王启龙（前期工作区）,02-课题-MASH研究-v1
02-课题-MASH研究-v1/data/geo/raw/GSM3998350_C110-Ann-Daly_S8.counts.txt.gz,MASH研究v1·GEO转录组数据相关,王启龙（前期工作区）,02-课题-MASH研究-v1
02-课题-MASH研究-v1/data/geo/raw/GSM3998351_C122-Ann-Daly_S10.counts.txt.gz,MASH研究v1·GEO转录组数据相关,王启龙（前期工作区）,02-课题-MASH研究-v1
02-课题-MASH研究-v1/data/geo/raw/GSM3998352_C123-Ann-Daly_S11.counts.txt.gz,MASH研究v1·GEO转录组数据相关,王启龙（前期工作区）,02-课题-MASH研究-v1
02-课题-MASH研究-v1/data/geo/raw/GSM3998353_C124-Ann-Daly_S12.counts.txt.gz,MASH研究v1·GEO转录组数据相关,王启龙（前期工作区）,02-课题-MASH研究-v1
02-课题-MASH研究-v1/data/geo/raw/GSM3998354_C125-Ann-Daly_S13.counts.txt.gz,MASH研究v1·GEO转录组数据相关,王启龙（前期工作区）,02-课题-MASH研究-v1
02-课题-MASH研究-v1/data/geo/raw/GSM3998355_C126-Ann-Daly_S14.counts.txt.gz,MASH研究v1·GEO转录组数据相关,王启龙（前期工作区）,02-课题-MASH研究-v1
02-课题-MASH研究-v1/data/geo/raw/GSM3998356_C128-Ann-Daly_S1.counts.txt.gz,MASH研究v1·GEO转录组数据相关,王启龙（前期工作区）,02-课题-MASH研究-v1
02-课题-MASH研究-v1/data/geo/raw/GSM3998357_C129-Ann-Daly_S2.counts.txt.gz,MASH研究v1·GEO转录组数据相关,王启龙（前期工作区）,02-课题-MASH研究-v1
02-课题-MASH研究-v1/data/geo/raw/GSM3998358_C131-Ann-Daly_S3.counts.txt.gz,MASH研究v1·GEO转录组数据相关,王启龙（前期工作区）,02-课题-MASH研究-v1
02-课题-MASH研究-v1/data/geo/raw/GSM3998359_C133-Ann-Daly_S4.counts.txt.gz,MASH研究v1·GEO转录组数据相关,王启龙（前期工作区）,02-课题-MASH研究-v1
02-课题-MASH研究-v1/data/geo/raw/GSM3998360_C134_S5.counts.txt.gz,MASH研究v1·GEO转录组数据相关,王启龙（前期工作区）,02-课题-MASH研究-v1
02-课题-MASH研究-v1/data/geo/raw/GSM3998361_C135-Ann-Daly_S6.counts.txt.gz,MASH研究v1·GEO转录组数据相关,王启龙（前期工作区）,02-课题-MASH研究-v1
02-课题-MASH研究-v1/data/geo/raw/GSM3998362_C136-Ann-Daly_S7.counts.txt.gz,MASH研究v1·GEO转录组数据相关,王启龙（前期工作区）,02-课题-MASH研究-v1
02-课题-MASH研究-v1/data/geo/raw/GSM3998363_C137-Ann-Daly_S8.counts.txt.gz,MASH研究v1·GEO转录组数据相关,王启龙（前期工作区）,02-课题-MASH研究-v1
02-课题-MASH研究-v1/data/geo/raw/GSM3998364_C139-Ann-Daly_S9.counts.txt.gz,MASH研究v1·GEO转录组数据相关,王启龙（前期工作区）,02-课题-MASH研究-v1
02-课题-MASH研究-v1/data/geo/raw/GSM3998365_C143-Ann-Daly_S11.counts.txt.gz,MASH研究v1·GEO转录组数据相关,王启龙（前期工作区）,02-课题-MASH研究-v1
02-课题-MASH研究-v1/data/geo/raw/GSM3998366_C145-Ann-Daly_S12.counts.txt.gz,MASH研究v1·GEO转录组数据相关,王启龙（前期工作区）,02-课题-MASH研究-v1
02-课题-MASH研究-v1/data/geo/raw/GSM3998367_C150-Ann-Daly_S13.counts.txt.gz,MASH研究v1·GEO转录组数据相关,王启龙（前期工作区）,02-课题-MASH研究-v1
02-课题-MASH研究-v1/data/geo/raw/GSM3998368_C171-Ann-Daly_S16.counts.txt.gz,MASH研究v1·GEO转录组数据相关,王启龙（前期工作区）,02-课题-MASH研究-v1
02-课题-MASH研究-v1/data/geo/raw/GSM3998369_C173-Ann-Daly_S16.counts.txt.gz,MASH研究v1·GEO转录组数据相关,王启龙（前期工作区）,02-课题-MASH研究-v1
02-课题-MASH研究-v1/data/geo/raw/GSM3998370_C18-Ann-Daly_S3.counts.txt.gz,MASH研究v1·GEO转录组数据相关,王启龙（前期工作区）,02-课题-MASH研究-v1
02-课题-MASH研究-v1/data/geo/raw/GSM3998371_C29-Ann-Daly_S4.counts.txt.gz,MASH研究v1·GEO转录组数据相关,王启龙（前期工作区）,02-课题-MASH研究-v1
02-课题-MASH研究-v1/data/geo/raw/GSM3998372_C61-Ann-Daly_S5.counts.txt.gz,MASH研究v1·GEO转录组数据相关,王启龙（前期工作区）,02-课题-MASH研究-v1
02-课题-MASH研究-v1/data/geo/raw/GSM3998373_C68-Ann-Daly_S6.counts.txt.gz,MASH研究v1·GEO转录组数据相关,王启龙（前期工作区）,02-课题-MASH研究-v1
02-课题-MASH研究-v1/data/geo/raw/GSM3998374_C69-Ann-Daly_S7.counts.txt.gz,MASH研究v1·GEO转录组数据相关,王启龙（前期工作区）,02-课题-MASH研究-v1
02-课题-MASH研究-v1/data/geo/raw/GSM3998375_C73-Ann-Daly_S8.counts.txt.gz,MASH研究v1·GEO转录组数据相关,王启龙（前期工作区）,02-课题-MASH研究-v1
02-课题-MASH研究-v1/data/geo/raw/GSM3998376_C76-Ann-Daly_S9.counts.txt.gz,MASH研究v1·GEO转录组数据相关,王启龙（前期工作区）,02-课题-MASH研究-v1
02-课题-MASH研究-v1/data/geo/raw/GSM3998377_C81-Ann-Daly_S10.counts.txt.gz,MASH研究v1·GEO转录组数据相关,王启龙（前期工作区）,02-课题-MASH研究-v1
02-课题-MASH研究-v1/data/geo/raw/GSM3998378_C82-Ann-Daly_S11.counts.txt.gz,MASH研究v1·GEO转录组数据相关,王启龙（前期工作区）,02-课题-MASH研究-v1
02-课题-MASH研究-v1/data/geo/raw/GSM3998379_C90-Ann-Daly_S12.counts.txt.gz,MASH研究v1·GEO转录组数据相关,王启龙（前期工作区）,02-课题-MASH研究-v1
02-课题-MASH研究-v1/data/geo/raw/GSM3998380_C93-Ann-Daly_S13.counts.txt.gz,MASH研究v1·GEO转录组数据相关,王启龙（前期工作区）,02-课题-MASH研究-v1
02-课题-MASH研究-v1/data/geo/raw/GSM3998381_C94-Ann-Daly_S15.counts.txt.gz,MASH研究v1·GEO转录组数据相关,王启龙（前期工作区）,02-课题-MASH研究-v1
02-课题-MASH研究-v1/data/geo/raw/GSM3998382_C99-Ann-Daly_S16.counts.txt.gz,MASH研究v1·GEO转录组数据相关,王启龙（前期工作区）,02-课题-MASH研究-v1
02-课题-MASH研究-v1/data/kegg/pathway_hsa_list_20260823.txt,MASH研究v1·文本文件,王启龙（前期工作区）,02-课题-MASH研究-v1
02-课题-MASH研究-v1/data/tcm/known_fxr_ligands.json,MASH研究v1·JSON数据,王启龙（前期工作区）,02-课题-MASH研究-v1
02-课题-MASH研究-v1/data/tcm/obscure_herbs_filtered.csv,MASH研究v1·CSV数据表,王启龙（前期工作区）,02-课题-MASH研究-v1
02-课题-MASH研究-v1/data/tcm/obscure_herbs_raw.csv,MASH研究v1·CSV数据表,王启龙（前期工作区）,02-课题-MASH研究-v1
02-课题-MASH研究-v1/data/tcm/tcm_library_filtered.csv,MASH研究v1·CSV数据表,王启龙（前期工作区）,02-课题-MASH研究-v1
02-课题-MASH研究-v1/data/tcm/tcm_library_raw.csv,MASH研究v1·CSV数据表,王启龙（前期工作区）,02-课题-MASH研究-v1
02-课题-MASH研究-v1/data/v2/chembl_ACC2_CHEMBL4829.csv,MASH研究v1·CSV数据表,王启龙（前期工作区）,02-课题-MASH研究-v1
02-课题-MASH研究-v1/data/v2/chembl_DGAT2_CHEMBL2439944.csv,MASH研究v1·CSV数据表,王启龙（前期工作区）,02-课题-MASH研究-v1
02-课题-MASH研究-v1/data/v2/chembl_FASN_CHEMBL4158.csv,MASH研究v1·CSV数据表,王启龙（前期工作区）,02-课题-MASH研究-v1
02-课题-MASH研究-v1/data/v2/chembl_FDFT1_CHEMBL3338.csv,MASH研究v1·CSV数据表,王启龙（前期工作区）,02-课题-MASH研究-v1
02-课题-MASH研究-v1/data/v2/chembl_FXR_CHEMBL2047.csv,MASH研究v1·CSV数据表,王启龙（前期工作区）,02-课题-MASH研究-v1
02-课题-MASH研究-v1/data/v2/chembl_HMGCR_CHEMBL402.csv,MASH研究v1·CSV数据表,王启龙（前期工作区）,02-课题-MASH研究-v1
02-课题-MASH研究-v1/data/v2/chembl_LXRa_CHEMBL2808.csv,MASH研究v1·CSV数据表,王启龙（前期工作区）,02-课题-MASH研究-v1
02-课题-MASH研究-v1/data/v2/chembl_PPARG_CHEMBL235.csv,MASH研究v1·CSV数据表,王启龙（前期工作区）,02-课题-MASH研究-v1
02-课题-MASH研究-v1/data/v2/chembl_SCD_CHEMBL1275210.csv,MASH研究v1·CSV数据表,王启龙（前期工作区）,02-课题-MASH研究-v1
02-课题-MASH研究-v1/data/v2/chembl_SQLE_CHEMBL3592.csv,MASH研究v1·CSV数据表,王启龙（前期工作区）,02-课题-MASH研究-v1
02-课题-MASH研究-v1/data/v2/chembl_THRb_CHEMBL1947.csv,MASH研究v1·CSV数据表,王启龙（前期工作区）,02-课题-MASH研究-v1
02-课题-MASH研究-v1/data/v2/chembl_multitarget_all.csv,MASH研究v1·CSV数据表,王启龙（前期工作区）,02-课题-MASH研究-v1
02-课题-MASH研究-v1/docking/boxes.json,MASH研究v1·分子对接相关,王启龙（前期工作区）,02-课题-MASH研究-v1
02-课题-MASH研究-v1/docking/ligands/ACC2_3GID_S1A_redock.pdbqt,MASH研究v1·分子对接相关,王启龙（前期工作区）,02-课题-MASH研究-v1
02-课题-MASH研究-v1/docking/ligands/ACC2_5KKN_6U3_redock.pdbqt,MASH研究v1·分子对接相关,王启龙（前期工作区）,02-课题-MASH研究-v1
02-课题-MASH研究-v1/docking/ligands/FXR_3FLI_33Y_redock.pdbqt,MASH研究v1·分子对接相关,王启龙（前期工作区）,02-课题-MASH研究-v1
02-课题-MASH研究-v1/docking/ligands/THRB_3GWS_T3_redock.pdbqt,MASH研究v1·分子对接相关,王启龙（前期工作区）,02-课题-MASH研究-v1
02-课题-MASH研究-v1/docking/ligands/ctrl_GW4064.pdbqt,MASH研究v1·分子对接相关,王启龙（前期工作区）,02-课题-MASH研究-v1
02-课题-MASH研究-v1/docking/ligands/ctrl_ND_646.pdbqt,MASH研究v1·分子对接相关,王启龙（前期工作区）,02-课题-MASH研究-v1
02-课题-MASH研究-v1/docking/ligands/ctrl_chenodeoxycholic_acid.pdbqt,MASH研究v1·分子对接相关,王启龙（前期工作区）,02-课题-MASH研究-v1
02-课题-MASH研究-v1/docking/ligands/ctrl_liothyronine.pdbqt,MASH研究v1·分子对接相关,王启龙（前期工作区）,02-课题-MASH研究-v1
02-课题-MASH研究-v1/docking/ligands/ctrl_obeticholic_acid.pdbqt,MASH研究v1·分子对接相关,王启龙（前期工作区）,02-课题-MASH研究-v1
02-课题-MASH研究-v1/docking/ligands/ctrl_resmetirom.pdbqt,MASH研究v1·分子对接相关,王启龙（前期工作区）,02-课题-MASH研究-v1
02-课题-MASH研究-v1/docking/ligands/ctrl_soraphen_A.pdbqt,MASH研究v1·分子对接相关,王启龙（前期工作区）,02-课题-MASH研究-v1
02-课题-MASH研究-v1/docking/ligands/ctrl_tanshinone_IIA.pdbqt,MASH研究v1·分子对接相关,王启龙（前期工作区）,02-课题-MASH研究-v1
02-课题-MASH研究-v1/docking/ligands/mt252005.pdbqt,MASH研究v1·分子对接相关,王启龙（前期工作区）,02-课题-MASH研究-v1
02-课题-MASH研究-v1/docking/ligands/mt316920.pdbqt,MASH研究v1·分子对接相关,王启龙（前期工作区）,02-课题-MASH研究-v1
02-课题-MASH研究-v1/docking/ligands/mt323629.pdbqt,MASH研究v1·分子对接相关,王启龙（前期工作区）,02-课题-MASH研究-v1
02-课题-MASH研究-v1/docking/ligands/mt417143.pdbqt,MASH研究v1·分子对接相关,王启龙（前期工作区）,02-课题-MASH研究-v1
02-课题-MASH研究-v1/docking/ligands/mt50701.pdbqt,MASH研究v1·分子对接相关,王启龙（前期工作区）,02-课题-MASH研究-v1
02-课题-MASH研究-v1/docking/ligands/mt595957.pdbqt,MASH研究v1·分子对接相关,王启龙（前期工作区）,02-课题-MASH研究-v1
02-课题-MASH研究-v1/docking/ligands/mt671996.pdbqt,MASH研究v1·分子对接相关,王启龙（前期工作区）,02-课题-MASH研究-v1
02-课题-MASH研究-v1/docking/ligands/mt82065.pdbqt,MASH研究v1·分子对接相关,王启龙（前期工作区）,02-课题-MASH研究-v1
02-课题-MASH研究-v1/docking/ligands/natlead15.pdbqt,MASH研究v1·分子对接相关,王启龙（前期工作区）,02-课题-MASH研究-v1
02-课题-MASH研究-v1/docking/ligands/natlead16.pdbqt,MASH研究v1·分子对接相关,王启龙（前期工作区）,02-课题-MASH研究-v1
02-课题-MASH研究-v1/docking/ligands/natlead17.pdbqt,MASH研究v1·分子对接相关,王启龙（前期工作区）,02-课题-MASH研究-v1
02-课题-MASH研究-v1/docking/ligands/natlead19.pdbqt,MASH研究v1·分子对接相关,王启龙（前期工作区）,02-课题-MASH研究-v1
02-课题-MASH研究-v1/docking/ligands/natlead20.pdbqt,MASH研究v1·分子对接相关,王启龙（前期工作区）,02-课题-MASH研究-v1
02-课题-MASH研究-v1/docking/ligands/natlead21.pdbqt,MASH研究v1·分子对接相关,王启龙（前期工作区）,02-课题-MASH研究-v1
02-课题-MASH研究-v1/docking/ligands/np_Artemisia_annua_1_8_Cineole.pdbqt,MASH研究v1·分子对接相关,王启龙（前期工作区）,02-课题-MASH研究-v1
02-课题-MASH研究-v1/docking/ligands/np_Artemisia_annua_4_Methylesculetin.pdbqt,MASH研究v1·分子对接相关,王启龙（前期工作区）,02-课题-MASH研究-v1
02-课题-MASH研究-v1/docking/ligands/np_Artemisia_annua_Arteannuin_B.pdbqt,MASH研究v1·分子对接相关,王启龙（前期工作区）,02-课题-MASH研究-v1
02-课题-MASH研究-v1/docking/ligands/np_Artemisia_annua_Artemetin.pdbqt,MASH研究v1·分子对接相关,王启龙（前期工作区）,02-课题-MASH研究-v1
02-课题-MASH研究-v1/docking/ligands/np_Artemisia_annua_Artemisia_ketone.pdbqt,MASH研究v1·分子对接相关,王启龙（前期工作区）,02-课题-MASH研究-v1
02-课题-MASH研究-v1/docking/ligands/np_Artemisia_annua_Artemisinic_acid.pdbqt,MASH研究v1·分子对接相关,王启龙（前期工作区）,02-课题-MASH研究-v1
02-课题-MASH研究-v1/docking/ligands/np_Artemisia_annua_Artemisinin.pdbqt,MASH研究v1·分子对接相关,王启龙（前期工作区）,02-课题-MASH研究-v1
02-课题-MASH研究-v1/docking/ligands/np_Artemisia_annua_Artemisitene.pdbqt,MASH研究v1·分子对接相关,王启龙（前期工作区）,02-课题-MASH研究-v1
02-课题-MASH研究-v1/docking/ligands/np_Artemisia_annua_Camphor.pdbqt,MASH研究v1·分子对接相关,王启龙（前期工作区）,02-课题-MASH研究-v1
02-课题-MASH研究-v1/docking/ligands/np_Artemisia_annua_Caryophyllene_oxide.pdbqt,MASH研究v1·分子对接相关,王启龙（前期工作区）,02-课题-MASH研究-v1
02-课题-MASH研究-v1/docking/ligands/np_Artemisia_annua_Casticin.pdbqt,MASH研究v1·分子对接相关,王启龙（前期工作区）,02-课题-MASH研究-v1
02-课题-MASH研究-v1/docking/ligands/np_Artemisia_annua_Chrysosplenetin.pdbqt,MASH研究v1·分子对接相关,王启龙（前期工作区）,02-课题-MASH研究-v1
02-课题-MASH研究-v1/docking/ligands/np_Artemisia_annua_Chrysosplenol_D.pdbqt,MASH研究v1·分子对接相关,王启龙（前期工作区）,02-课题-MASH研究-v1
02-课题-MASH研究-v1/docking/ligands/np_Artemisia_annua_Cirsilineol.pdbqt,MASH研究v1·分子对接相关,王启龙（前期工作区）,02-课题-MASH研究-v1
02-课题-MASH研究-v1/docking/ligands/np_Artemisia_annua_Cirsimaritin.pdbqt,MASH研究v1·分子对接相关,王启龙（前期工作区）,02-课题-MASH研究-v1
02-课题-MASH研究-v1/docking/ligands/np_Artemisia_annua_Deoxyartemisinin.pdbqt,MASH研究v1·分子对接相关,王启龙（前期工作区）,02-课题-MASH研究-v1
02-课题-MASH研究-v1/docking/ligands/np_Artemisia_annua_Dihydroartemisinic_acid.pdbqt,MASH研究v1·分子对接相关,王启龙（前期工作区）,02-课题-MASH研究-v1
02-课题-MASH研究-v1/docking/ligands/np_Artemisia_annua_Dihydroartemisinin.pdbqt,MASH研究v1·分子对接相关,王启龙（前期工作区）,02-课题-MASH研究-v1
02-课题-MASH研究-v1/docking/ligands/np_Artemisia_annua_Eupatorin.pdbqt,MASH研究v1·分子对接相关,王启龙（前期工作区）,02-课题-MASH研究-v1
02-课题-MASH研究-v1/docking/ligands/np_Artemisia_annua_Scopoletin.pdbqt,MASH研究v1·分子对接相关,王启龙（前期工作区）,02-课题-MASH研究-v1
02-课题-MASH研究-v1/docking/ligands/np_Artemisia_annua_Scopolin.pdbqt,MASH研究v1·分子对接相关,王启龙（前期工作区）,02-课题-MASH研究-v1
02-课题-MASH研究-v1/docking/ligands/np_Artemisia_annua_Umbelliferone.pdbqt,MASH研究v1·分子对接相关,王启龙（前期工作区）,02-课题-MASH研究-v1
02-课题-MASH研究-v1/docking/ligands/np_Artemisia_annua_beta_Caryophyllene.pdbqt,MASH研究v1·分子对接相关,王启龙（前期工作区）,02-课题-MASH研究-v1
02-课题-MASH研究-v1/docking/ligands/np_Bupleurum_chinense_Saikogenin_A.pdbqt,MASH研究v1·分子对接相关,王启龙（前期工作区）,02-课题-MASH研究-v1
02-课题-MASH研究-v1/docking/ligands/np_Bupleurum_chinense_Saikogenin_D.pdbqt,MASH研究v1·分子对接相关,王启龙（前期工作区）,02-课题-MASH研究-v1
02-课题-MASH研究-v1/docking/ligands/np_Bupleurum_chinense_Saikogenin_F.pdbqt,MASH研究v1·分子对接相关,王启龙（前期工作区）,02-课题-MASH研究-v1
02-课题-MASH研究-v1/docking/ligands/np_Coptis_chinensis_8_Oxocoptisine.pdbqt,MASH研究v1·分子对接相关,王启龙（前期工作区）,02-课题-MASH研究-v1
02-课题-MASH研究-v1/docking/ligands/np_Coptis_chinensis_Berberine.pdbqt,MASH研究v1·分子对接相关,王启龙（前期工作区）,02-课题-MASH研究-v1
02-课题-MASH研究-v1/docking/ligands/np_Coptis_chinensis_Berberrubine.pdbqt,MASH研究v1·分子对接相关,王启龙（前期工作区）,02-课题-MASH研究-v1
02-课题-MASH研究-v1/docking/ligands/np_Coptis_chinensis_Canadine.pdbqt,MASH研究v1·分子对接相关,王启龙（前期工作区）,02-课题-MASH研究-v1
02-课题-MASH研究-v1/docking/ligands/np_Coptis_chinensis_Columbamine.pdbqt,MASH研究v1·分子对接相关,王启龙（前期工作区）,02-课题-MASH研究-v1
02-课题-MASH研究-v1/docking/ligands/np_Coptis_chinensis_Coptisine.pdbqt,MASH研究v1·分子对接相关,王启龙（前期工作区）,02-课题-MASH研究-v1
02-课题-MASH研究-v1/docking/ligands/np_Coptis_chinensis_Epiberberine.pdbqt,MASH研究v1·分子对接相关,王启龙（前期工作区）,02-课题-MASH研究-v1
02-课题-MASH研究-v1/docking/ligands/np_Coptis_chinensis_Groenlandicine.pdbqt,MASH研究v1·分子对接相关,王启龙（前期工作区）,02-课题-MASH研究-v1
02-课题-MASH研究-v1/docking/ligands/np_Coptis_chinensis_Jatrorrhizine.pdbqt,MASH研究v1·分子对接相关,王启龙（前期工作区）,02-课题-MASH研究-v1
02-课题-MASH研究-v1/docking/ligands/np_Coptis_chinensis_Magnoflorine.pdbqt,MASH研究v1·分子对接相关,王启龙（前期工作区）,02-课题-MASH研究-v1
02-课题-MASH研究-v1/docking/ligands/np_Coptis_chinensis_Menisperine.pdbqt,MASH研究v1·分子对接相关,王启龙（前期工作区）,02-课题-MASH研究-v1
02-课题-MASH研究-v1/docking/ligands/np_Coptis_chinensis_Palmatine.pdbqt,MASH研究v1·分子对接相关,王启龙（前期工作区）,02-课题-MASH研究-v1
02-课题-MASH研究-v1/docking/ligands/np_Coptis_chinensis_Stylopine.pdbqt,MASH研究v1·分子对接相关,王启龙（前期工作区）,02-课题-MASH研究-v1
02-课题-MASH研究-v1/docking/ligands/np_Coptis_chinensis_Worenine.pdbqt,MASH研究v1·分子对接相关,王启龙（前期工作区）,02-课题-MASH研究-v1
02-课题-MASH研究-v1/docking/ligands/np_Ganoderma_lucidum_Lucidenic_acid_A.pdbqt,MASH研究v1·分子对接相关,王启龙（前期工作区）,02-课题-MASH研究-v1
02-课题-MASH研究-v1/docking/ligands/np_Ganoderma_lucidum_Lucidenic_acid_B.pdbqt,MASH研究v1·分子对接相关,王启龙（前期工作区）,02-课题-MASH研究-v1
02-课题-MASH研究-v1/docking/ligands/np_Ganoderma_lucidum_Lucidenic_acid_C.pdbqt,MASH研究v1·分子对接相关,王启龙（前期工作区）,02-课题-MASH研究-v1
02-课题-MASH研究-v1/docking/ligands/np_Ganoderma_lucidum_Lucidenic_acid_F.pdbqt,MASH研究v1·分子对接相关,王启龙（前期工作区）,02-课题-MASH研究-v1
02-课题-MASH研究-v1/docking/ligands/np_Ganoderma_lucidum_Lucidenic_acid_N.pdbqt,MASH研究v1·分子对接相关,王启龙（前期工作区）,02-课题-MASH研究-v1
02-课题-MASH研究-v1/docking/ligands/np_Ganoderma_lucidum_Lucidenic_acid_O.pdbqt,MASH研究v1·分子对接相关,王启龙（前期工作区）,02-课题-MASH研究-v1
02-课题-MASH研究-v1/docking/ligands/np_Glycyrrhiza_uralensis_Echinatin.pdbqt,MASH研究v1·分子对接相关,王启龙（前期工作区）,02-课题-MASH研究-v1
02-课题-MASH研究-v1/docking/ligands/np_Glycyrrhiza_uralensis_Formononetin.pdbqt,MASH研究v1·分子对接相关,王启龙（前期工作区）,02-课题-MASH研究-v1
02-课题-MASH研究-v1/docking/ligands/np_Glycyrrhiza_uralensis_Glabrene.pdbqt,MASH研究v1·分子对接相关,王启龙（前期工作区）,02-课题-MASH研究-v1
02-课题-MASH研究-v1/docking/ligands/np_Glycyrrhiza_uralensis_Glabridin.pdbqt,MASH研究v1·分子对接相关,王启龙（前期工作区）,02-课题-MASH研究-v1
02-课题-MASH研究-v1/docking/ligands/np_Glycyrrhiza_uralensis_Glyasperin_C.pdbqt,MASH研究v1·分子对接相关,王启龙（前期工作区）,02-课题-MASH研究-v1
02-课题-MASH研究-v1/docking/ligands/np_Glycyrrhiza_uralensis_Glycyrol.pdbqt,MASH研究v1·分子对接相关,王启龙（前期工作区）,02-课题-MASH研究-v1
02-课题-MASH研究-v1/docking/ligands/np_Glycyrrhiza_uralensis_Isoglycyrol.pdbqt,MASH研究v1·分子对接相关,王启龙（前期工作区）,02-课题-MASH研究-v1
02-课题-MASH研究-v1/docking/ligands/np_Glycyrrhiza_uralensis_Isolicoflavonol.pdbqt,MASH研究v1·分子对接相关,王启龙（前期工作区）,02-课题-MASH研究-v1
02-课题-MASH研究-v1/docking/ligands/np_Glycyrrhiza_uralensis_Isoliquiritigenin.pdbqt,MASH研究v1·分子对接相关,王启龙（前期工作区）,02-课题-MASH研究-v1
02-课题-MASH研究-v1/docking/ligands/np_Glycyrrhiza_uralensis_Licochalcone_A.pdbqt,MASH研究v1·分子对接相关,王启龙（前期工作区）,02-课题-MASH研究-v1
02-课题-MASH研究-v1/docking/ligands/np_Glycyrrhiza_uralensis_Licochalcone_B.pdbqt,MASH研究v1·分子对接相关,王启龙（前期工作区）,02-课题-MASH研究-v1
02-课题-MASH研究-v1/docking/ligands/np_Glycyrrhiza_uralensis_Licoflavanone.pdbqt,MASH研究v1·分子对接相关,王启龙（前期工作区）,02-课题-MASH研究-v1
02-课题-MASH研究-v1/docking/ligands/np_Glycyrrhiza_uralensis_Licoisoflavone_A.pdbqt,MASH研究v1·分子对接相关,王启龙（前期工作区）,02-课题-MASH研究-v1
02-课题-MASH研究-v1/docking/ligands/np_Glycyrrhiza_uralensis_Licoisoflavone_B.pdbqt,MASH研究v1·分子对接相关,王启龙（前期工作区）,02-课题-MASH研究-v1
02-课题-MASH研究-v1/docking/ligands/np_Glycyrrhiza_uralensis_Liquiritigenin.pdbqt,MASH研究v1·分子对接相关,王启龙（前期工作区）,02-课题-MASH研究-v1
02-课题-MASH研究-v1/docking/ligands/np_Glycyrrhiza_uralensis_Liquiritin.pdbqt,MASH研究v1·分子对接相关,王启龙（前期工作区）,02-课题-MASH研究-v1
02-课题-MASH研究-v1/docking/ligands/np_Glycyrrhiza_uralensis_Neoliquiritin.pdbqt,MASH研究v1·分子对接相关,王启龙（前期工作区）,02-课题-MASH研究-v1
02-课题-MASH研究-v1/docking/ligands/np_Glycyrrhiza_uralensis_Semilicoisoflavone_B.pdbqt,MASH研究v1·分子对接相关,王启龙（前期工作区）,02-课题-MASH研究-v1
02-课题-MASH研究-v1/docking/ligands/np_Salvia_miltiorrhiza_Cryptotanshinone.pdbqt,MASH研究v1·分子对接相关,王启龙（前期工作区）,02-课题-MASH研究-v1
02-课题-MASH研究-v1/docking/ligands/np_Salvia_miltiorrhiza_Danshenxinkun_A.pdbqt,MASH研究v1·分子对接相关,王启龙（前期工作区）,02-课题-MASH研究-v1
02-课题-MASH研究-v1/docking/ligands/np_Salvia_miltiorrhiza_Danshenxinkun_B.pdbqt,MASH研究v1·分子对接相关,王启龙（前期工作区）,02-课题-MASH研究-v1
02-课题-MASH研究-v1/docking/ligands/np_Salvia_miltiorrhiza_Dihydrotanshinone_I.pdbqt,MASH研究v1·分子对接相关,王启龙（前期工作区）,02-课题-MASH研究-v1
02-课题-MASH研究-v1/docking/ligands/np_Salvia_miltiorrhiza_Isocryptotanshinone.pdbqt,MASH研究v1·分子对接相关,王启龙（前期工作区）,02-课题-MASH研究-v1
02-课题-MASH研究-v1/docking/ligands/np_Salvia_miltiorrhiza_Isotanshinone_IIB.pdbqt,MASH研究v1·分子对接相关,王启龙（前期工作区）,02-课题-MASH研究-v1
02-课题-MASH研究-v1/docking/ligands/np_Salvia_miltiorrhiza_Methylenetanshinquinone.pdbqt,MASH研究v1·分子对接相关,王启龙（前期工作区）,02-课题-MASH研究-v1
02-课题-MASH研究-v1/docking/ligands/np_Salvia_miltiorrhiza_Miltirone.pdbqt,MASH研究v1·分子对接相关,王启龙（前期工作区）,02-课题-MASH研究-v1
02-课题-MASH研究-v1/docking/ligands/np_Salvia_miltiorrhiza_Neocryptotanshinone.pdbqt,MASH研究v1·分子对接相关,王启龙（前期工作区）,02-课题-MASH研究-v1
02-课题-MASH研究-v1/docking/ligands/np_Salvia_miltiorrhiza_Przewalskin.pdbqt,MASH研究v1·分子对接相关,王启龙（前期工作区）,02-课题-MASH研究-v1
02-课题-MASH研究-v1/docking/ligands/np_Salvia_miltiorrhiza_Salvilenone.pdbqt,MASH研究v1·分子对接相关,王启龙（前期工作区）,02-课题-MASH研究-v1
02-课题-MASH研究-v1/docking/ligands/np_Salvia_miltiorrhiza_Sugiol.pdbqt,MASH研究v1·分子对接相关,王启龙（前期工作区）,02-课题-MASH研究-v1
02-课题-MASH研究-v1/docking/ligands/np_Salvia_miltiorrhiza_Tanshindiol_A.pdbqt,MASH研究v1·分子对接相关,王启龙（前期工作区）,02-课题-MASH研究-v1
02-课题-MASH研究-v1/docking/ligands/np_Salvia_miltiorrhiza_Tanshindiol_B.pdbqt,MASH研究v1·分子对接相关,王启龙（前期工作区）,02-课题-MASH研究-v1
02-课题-MASH研究-v1/docking/ligands/np_Salvia_miltiorrhiza_Tanshindiol_C.pdbqt,MASH研究v1·分子对接相关,王启龙（前期工作区）,02-课题-MASH研究-v1
02-课题-MASH研究-v1/docking/ligands/np_Salvia_miltiorrhiza_Tanshinone_I.pdbqt,MASH研究v1·分子对接相关,王启龙（前期工作区）,02-课题-MASH研究-v1
02-课题-MASH研究-v1/docking/ligands/np_Salvia_miltiorrhiza_Tanshinone_IIA.pdbqt,MASH研究v1·分子对接相关,王启龙（前期工作区）,02-课题-MASH研究-v1
02-课题-MASH研究-v1/docking/ligands/np_Salvia_miltiorrhiza_Tanshinone_IIB.pdbqt,MASH研究v1·分子对接相关,王启龙（前期工作区）,02-课题-MASH研究-v1
02-课题-MASH研究-v1/docking/ligands/np_Schisandra_chinensis_Chamigrenal.pdbqt,MASH研究v1·分子对接相关,王启龙（前期工作区）,02-课题-MASH研究-v1
02-课题-MASH研究-v1/docking/ligands/np_Schisandra_chinensis_Gomisin_H.pdbqt,MASH研究v1·分子对接相关,王启龙（前期工作区）,02-课题-MASH研究-v1
02-课题-MASH研究-v1/docking/ligands/np_Schisandra_chinensis_Gomisin_J.pdbqt,MASH研究v1·分子对接相关,王启龙（前期工作区）,02-课题-MASH研究-v1
02-课题-MASH研究-v1/docking/ligands/np_Schisandra_chinensis_Gomisin_K1.pdbqt,MASH研究v1·分子对接相关,王启龙（前期工作区）,02-课题-MASH研究-v1
02-课题-MASH研究-v1/docking/ligands/np_Schisandra_chinensis_Gomisin_K3.pdbqt,MASH研究v1·分子对接相关,王启龙（前期工作区）,02-课题-MASH研究-v1
02-课题-MASH研究-v1/docking/ligands/np_Schisandra_chinensis_Gomisin_L1.pdbqt,MASH研究v1·分子对接相关,王启龙（前期工作区）,02-课题-MASH研究-v1
02-课题-MASH研究-v1/docking/ligands/np_Schisandra_chinensis_Gomisin_L2.pdbqt,MASH研究v1·分子对接相关,王启龙（前期工作区）,02-课题-MASH研究-v1
02-课题-MASH研究-v1/docking/ligands/np_Schisandra_chinensis_Gomisin_M1.pdbqt,MASH研究v1·分子对接相关,王启龙（前期工作区）,02-课题-MASH研究-v1
02-课题-MASH研究-v1/docking/ligands/np_Schisandra_chinensis_Gomisin_M2.pdbqt,MASH研究v1·分子对接相关,王启龙（前期工作区）,02-课题-MASH研究-v1
02-课题-MASH研究-v1/docking/ligands/np_Schisandra_chinensis_Gomisin_N.pdbqt,MASH研究v1·分子对接相关,王启龙（前期工作区）,02-课题-MASH研究-v1
02-课题-MASH研究-v1/docking/ligands/np_Schisandra_chinensis_Gomisin_O.pdbqt,MASH研究v1·分子对接相关,王启龙（前期工作区）,02-课题-MASH研究-v1
02-课题-MASH研究-v1/docking/ligands/np_Schisandra_chinensis_Pregomisin.pdbqt,MASH研究v1·分子对接相关,王启龙（前期工作区）,02-课题-MASH研究-v1
02-课题-MASH研究-v1/docking/ligands/np_Schisandra_chinensis_Schisandrin_A.pdbqt,MASH研究v1·分子对接相关,王启龙（前期工作区）,02-课题-MASH研究-v1
02-课题-MASH研究-v1/docking/ligands/np_Schisandra_chinensis_Schisandrin_B.pdbqt,MASH研究v1·分子对接相关,王启龙（前期工作区）,02-课题-MASH研究-v1
02-课题-MASH研究-v1/docking/ligands/np_Schisandra_chinensis_Schisandrin_C.pdbqt,MASH研究v1·分子对接相关,王启龙（前期工作区）,02-课题-MASH研究-v1
02-课题-MASH研究-v1/docking/ligands/np_Schisandra_chinensis_Schisandrol_A.pdbqt,MASH研究v1·分子对接相关,王启龙（前期工作区）,02-课题-MASH研究-v1
02-课题-MASH研究-v1/docking/ligands/np_Schisandra_chinensis_Schisandrol_B.pdbqt,MASH研究v1·分子对接相关,王启龙（前期工作区）,02-课题-MASH研究-v1
02-课题-MASH研究-v1/docking/ligands/np_Schisandra_chinensis_Schisanhenol.pdbqt,MASH研究v1·分子对接相关,王启龙（前期工作区）,02-课题-MASH研究-v1
02-课题-MASH研究-v1/docking/ligands/np_Silybum_marianum_2_3_Dehydrosilybin.pdbqt,MASH研究v1·分子对接相关,王启龙（前期工作区）,02-课题-MASH研究-v1
02-课题-MASH研究-v1/docking/ligands/np_Silybum_marianum_Isosilybin_A.pdbqt,MASH研究v1·分子对接相关,王启龙（前期工作区）,02-课题-MASH研究-v1
02-课题-MASH研究-v1/docking/ligands/np_Silybum_marianum_Isosilybin_B.pdbqt,MASH研究v1·分子对接相关,王启龙（前期工作区）,02-课题-MASH研究-v1
02-课题-MASH研究-v1/docking/ligands/np_Silybum_marianum_Neosilyhermin_A.pdbqt,MASH研究v1·分子对接相关,王启龙（前期工作区）,02-课题-MASH研究-v1
02-课题-MASH研究-v1/docking/ligands/np_Silybum_marianum_Neosilyhermin_B.pdbqt,MASH研究v1·分子对接相关,王启龙（前期工作区）,02-课题-MASH研究-v1
02-课题-MASH研究-v1/docking/ligands/np_Silybum_marianum_Silandrin.pdbqt,MASH研究v1·分子对接相关,王启龙（前期工作区）,02-课题-MASH研究-v1
02-课题-MASH研究-v1/docking/ligands/np_Silybum_marianum_Silybin_A.pdbqt,MASH研究v1·分子对接相关,王启龙（前期工作区）,02-课题-MASH研究-v1
02-课题-MASH研究-v1/docking/ligands/np_Silybum_marianum_Silybin_B.pdbqt,MASH研究v1·分子对接相关,王启龙（前期工作区）,02-课题-MASH研究-v1
02-课题-MASH研究-v1/docking/ligands/np_Silybum_marianum_Silydianin.pdbqt,MASH研究v1·分子对接相关,王启龙（前期工作区）,02-课题-MASH研究-v1
02-课题-MASH研究-v1/docking/ligands/np_Silybum_marianum_Silyhermin.pdbqt,MASH研究v1·分子对接相关,王启龙（前期工作区）,02-课题-MASH研究-v1
02-课题-MASH研究-v1/docking/ligands/np_Silybum_marianum_Silymonin.pdbqt,MASH研究v1·分子对接相关,王启龙（前期工作区）,02-课题-MASH研究-v1
02-课题-MASH研究-v1/docking/ligands/np_Sophora_flavescens_Aloperine.pdbqt,MASH研究v1·分子对接相关,王启龙（前期工作区）,02-课题-MASH研究-v1
02-课题-MASH研究-v1/docking/ligands/np_Sophora_flavescens_Anagyrine.pdbqt,MASH研究v1·分子对接相关,王启龙（前期工作区）,02-课题-MASH研究-v1
02-课题-MASH研究-v1/docking/ligands/np_Sophora_flavescens_Baptifoline.pdbqt,MASH研究v1·分子对接相关,王启龙（前期工作区）,02-课题-MASH研究-v1
02-课题-MASH研究-v1/docking/ligands/np_Sophora_flavescens_Formononetin.pdbqt,MASH研究v1·分子对接相关,王启龙（前期工作区）,02-课题-MASH研究-v1
02-课题-MASH研究-v1/docking/ligands/np_Sophora_flavescens_Kurarinol.pdbqt,MASH研究v1·分子对接相关,王启龙（前期工作区）,02-课题-MASH研究-v1
02-课题-MASH研究-v1/docking/ligands/np_Sophora_flavescens_Kushenol_C.pdbqt,MASH研究v1·分子对接相关,王启龙（前期工作区）,02-课题-MASH研究-v1
02-课题-MASH研究-v1/docking/ligands/np_Sophora_flavescens_Kushenol_E.pdbqt,MASH研究v1·分子对接相关,王启龙（前期工作区）,02-课题-MASH研究-v1
02-课题-MASH研究-v1/docking/ligands/np_Sophora_flavescens_Kushenol_H.pdbqt,MASH研究v1·分子对接相关,王启龙（前期工作区）,02-课题-MASH研究-v1
02-课题-MASH研究-v1/docking/ligands/np_Sophora_flavescens_Kushenol_I.pdbqt,MASH研究v1·分子对接相关,王启龙（前期工作区）,02-课题-MASH研究-v1
02-课题-MASH研究-v1/docking/ligands/np_Sophora_flavescens_Maackiain.pdbqt,MASH研究v1·分子对接相关,王启龙（前期工作区）,02-课题-MASH研究-v1
02-课题-MASH研究-v1/docking/ligands/np_Sophora_flavescens_Matrine.pdbqt,MASH研究v1·分子对接相关,王启龙（前期工作区）,02-课题-MASH研究-v1
02-课题-MASH研究-v1/docking/ligands/np_Sophora_flavescens_N_Methylcytisine.pdbqt,MASH研究v1·分子对接相关,王启龙（前期工作区）,02-课题-MASH研究-v1
02-课题-MASH研究-v1/docking/ligands/np_Sophora_flavescens_Oxymatrine.pdbqt,MASH研究v1·分子对接相关,王启龙（前期工作区）,02-课题-MASH研究-v1
02-课题-MASH研究-v1/docking/ligands/np_Sophora_flavescens_Oxysophocarpine.pdbqt,MASH研究v1·分子对接相关,王启龙（前期工作区）,02-课题-MASH研究-v1
02-课题-MASH研究-v1/docking/ligands/np_Sophora_flavescens_Sophocarpine.pdbqt,MASH研究v1·分子对接相关,王启龙（前期工作区）,02-课题-MASH研究-v1
02-课题-MASH研究-v1/docking/ligands/np_Sophora_flavescens_Sophoraflavanone_G.pdbqt,MASH研究v1·分子对接相关,王启龙（前期工作区）,02-课题-MASH研究-v1
02-课题-MASH研究-v1/docking/ligands/np_Sophora_flavescens_Sophoramine.pdbqt,MASH研究v1·分子对接相关,王启龙（前期工作区）,02-课题-MASH研究-v1
02-课题-MASH研究-v1/docking/ligands/np_Sophora_flavescens_Sophoridine.pdbqt,MASH研究v1·分子对接相关,王启龙（前期工作区）,02-课题-MASH研究-v1
02-课题-MASH研究-v1/docking/ligands/np_Tripterygium_wilfordii_Tripterifordin.pdbqt,MASH研究v1·分子对接相关,王启龙（前期工作区）,02-课题-MASH研究-v1
02-课题-MASH研究-v1/docking/ligands/np_Tripterygium_wilfordii_Triptophenolide.pdbqt,MASH研究v1·分子对接相关,王启龙（前期工作区）,02-课题-MASH研究-v1
02-课题-MASH研究-v1/docking/ligands/obs_primary_Ampelopsis_grossedentata_dihydrokaempferol.pdbqt,MASH研究v1·分子对接相关,王启龙（前期工作区）,02-课题-MASH研究-v1
02-课题-MASH研究-v1/docking/ligands/obs_primary_Ampelopsis_grossedentata_dihydroquercetin.pdbqt,MASH研究v1·分子对接相关,王启龙（前期工作区）,02-课题-MASH研究-v1
02-课题-MASH研究-v1/docking/ligands/obs_primary_Antrodia_cinnamomea_antrodin_A.pdbqt,MASH研究v1·分子对接相关,王启龙（前期工作区）,02-课题-MASH研究-v1
02-课题-MASH研究-v1/docking/ligands/obs_primary_Phyllanthus_niruri_hypophyllanthin.pdbqt,MASH研究v1·分子对接相关,王启龙（前期工作区）,02-课题-MASH研究-v1
02-课题-MASH研究-v1/docking/ligands/obs_primary_Phyllanthus_niruri_lintetralin.pdbqt,MASH研究v1·分子对接相关,王启龙（前期工作区）,02-课题-MASH研究-v1
02-课题-MASH研究-v1/docking/ligands/obs_primary_Phyllanthus_niruri_niranthin.pdbqt,MASH研究v1·分子对接相关,王启龙（前期工作区）,02-课题-MASH研究-v1
02-课题-MASH研究-v1/docking/ligands/obs_primary_Phyllanthus_niruri_nirtetralin.pdbqt,MASH研究v1·分子对接相关,王启龙（前期工作区）,02-课题-MASH研究-v1
02-课题-MASH研究-v1/docking/ligands/obs_primary_Phyllanthus_niruri_norsecurinine.pdbqt,MASH研究v1·分子对接相关,王启龙（前期工作区）,02-课题-MASH研究-v1
02-课题-MASH研究-v1/docking/ligands/obs_primary_Phyllanthus_niruri_phyllanthin.pdbqt,MASH研究v1·分子对接相关,王启龙（前期工作区）,02-课题-MASH研究-v1
02-课题-MASH研究-v1/docking/ligands/obs_primary_Phyllanthus_niruri_phyltetralin.pdbqt,MASH研究v1·分子对接相关,王启龙（前期工作区）,02-课题-MASH研究-v1
02-课题-MASH研究-v1/docking/ligands/obs_primary_Swertia_spp_decussatin.pdbqt,MASH研究v1·分子对接相关,王启龙（前期工作区）,02-课题-MASH研究-v1
02-课题-MASH研究-v1/docking/ligands/obs_primary_Swertia_spp_gentiopicroside.pdbqt,MASH研究v1·分子对接相关,王启龙（前期工作区）,02-课题-MASH研究-v1
02-课题-MASH研究-v1/docking/ligands/obs_primary_Swertia_spp_sweroside.pdbqt,MASH研究v1·分子对接相关,王启龙（前期工作区）,02-课题-MASH研究-v1
02-课题-MASH研究-v1/docking/ligands/obs_primary_Swertia_spp_swertiamarin.pdbqt,MASH研究v1·分子对接相关,王启龙（前期工作区）,02-课题-MASH研究-v1
02-课题-MASH研究-v1/docking/ligands/obs_sensitivity_Antrodia_cinnamomea_antcin_A.pdbqt,MASH研究v1·分子对接相关,王启龙（前期工作区）,02-课题-MASH研究-v1
02-课题-MASH研究-v1/docking/ligands/obs_sensitivity_Antrodia_cinnamomea_antcin_B.pdbqt,MASH研究v1·分子对接相关,王启龙（前期工作区）,02-课题-MASH研究-v1
02-课题-MASH研究-v1/docking/ligands/obs_sensitivity_Antrodia_cinnamomea_dehydroeburicoic_acid.pdbqt,MASH研究v1·分子对接相关,王启龙（前期工作区）,02-课题-MASH研究-v1
02-课题-MASH研究-v1/docking/ligands/obs_sensitivity_Antrodia_cinnamomea_eburicoic_acid.pdbqt,MASH研究v1·分子对接相关,王启龙（前期工作区）,02-课题-MASH研究-v1
02-课题-MASH研究-v1/docking/ligands/obs_sensitivity_Antrodia_cinnamomea_zhankuic_acid_A.pdbqt,MASH研究v1·分子对接相关,王启龙（前期工作区）,02-课题-MASH研究-v1
02-课题-MASH研究-v1/docking/ligands/obs_sensitivity_Centella_asiatica_madecassic_acid.pdbqt,MASH研究v1·分子对接相关,王启龙（前期工作区）,02-课题-MASH研究-v1
02-课题-MASH研究-v1/docking/ligands/obs_sensitivity_Centella_asiatica_terminolic_acid.pdbqt,MASH研究v1·分子对接相关,王启龙（前期工作区）,02-课题-MASH研究-v1
02-课题-MASH研究-v1/docking/ligands/obs_sensitivity_Ilex_kudingcha_ilexgenin_A.pdbqt,MASH研究v1·分子对接相关,王启龙（前期工作区）,02-课题-MASH研究-v1
02-课题-MASH研究-v1/docking/ligands/obs_sensitivity_Ilex_kudingcha_ilexolic_acid_A.pdbqt,MASH研究v1·分子对接相关,王启龙（前期工作区）,02-课题-MASH研究-v1
02-课题-MASH研究-v1/docking/ligands/obs_sensitivity_Ilex_kudingcha_ursolic_acid.pdbqt,MASH研究v1·分子对接相关,王启龙（前期工作区）,02-课题-MASH研究-v1
02-课题-MASH研究-v1/docking/ligands/obs_sensitivity_Inonotus_obliquus_3beta_hydroxylanosta_8_24_dien_21_al.pdbqt,MASH研究v1·分子对接相关,王启龙（前期工作区）,02-课题-MASH研究-v1
02-课题-MASH研究-v1/docking/ligands/obs_sensitivity_Inonotus_obliquus_betulin.pdbqt,MASH研究v1·分子对接相关,王启龙（前期工作区）,02-课题-MASH研究-v1
02-课题-MASH研究-v1/docking/ligands/obs_sensitivity_Inonotus_obliquus_betulinic_acid.pdbqt,MASH研究v1·分子对接相关,王启龙（前期工作区）,02-课题-MASH研究-v1
02-课题-MASH研究-v1/docking/ligands/obs_sensitivity_Inonotus_obliquus_inotodiol.pdbqt,MASH研究v1·分子对接相关,王启龙（前期工作区）,02-课题-MASH研究-v1
02-课题-MASH研究-v1/docking/ligands/obs_sensitivity_Inonotus_obliquus_trametenolic_acid.pdbqt,MASH研究v1·分子对接相关,王启龙（前期工作区）,02-课题-MASH研究-v1
02-课题-MASH研究-v1/docking/ligands/tcmfinal0.pdbqt,MASH研究v1·分子对接相关,王启龙（前期工作区）,02-课题-MASH研究-v1
02-课题-MASH研究-v1/docking/ligands/tcmfinal1.pdbqt,MASH研究v1·分子对接相关,王启龙（前期工作区）,02-课题-MASH研究-v1
02-课题-MASH研究-v1/docking/ligands/tcmfinal2.pdbqt,MASH研究v1·分子对接相关,王启龙（前期工作区）,02-课题-MASH研究-v1
02-课题-MASH研究-v1/docking/ligands/tcmfinal3.pdbqt,MASH研究v1·分子对接相关,王启龙（前期工作区）,02-课题-MASH研究-v1
02-课题-MASH研究-v1/docking/ligands/tcmfinal4.pdbqt,MASH研究v1·分子对接相关,王启龙（前期工作区）,02-课题-MASH研究-v1
02-课题-MASH研究-v1/docking/ligands/tcmfinal5.pdbqt,MASH研究v1·分子对接相关,王启龙（前期工作区）,02-课题-MASH研究-v1
02-课题-MASH研究-v1/docking/ligands/tcmfinal6.pdbqt,MASH研究v1·分子对接相关,王启龙（前期工作区）,02-课题-MASH研究-v1
02-课题-MASH研究-v1/docking/ligands/tcmfinal7.pdbqt,MASH研究v1·分子对接相关,王启龙（前期工作区）,02-课题-MASH研究-v1
02-课题-MASH研究-v1/docking/ligands/top_Coptis_chinensis_8_Oxocoptisine.pdbqt,MASH研究v1·分子对接相关,王启龙（前期工作区）,02-课题-MASH研究-v1
02-课题-MASH研究-v1/docking/ligands/top_Coptis_chinensis_Berberine.pdbqt,MASH研究v1·分子对接相关,王启龙（前期工作区）,02-课题-MASH研究-v1
02-课题-MASH研究-v1/docking/ligands/top_Coptis_chinensis_Berberrubine.pdbqt,MASH研究v1·分子对接相关,王启龙（前期工作区）,02-课题-MASH研究-v1
02-课题-MASH研究-v1/docking/ligands/top_Coptis_chinensis_Coptisine.pdbqt,MASH研究v1·分子对接相关,王启龙（前期工作区）,02-课题-MASH研究-v1
02-课题-MASH研究-v1/docking/ligands/top_Coptis_chinensis_Epiberberine.pdbqt,MASH研究v1·分子对接相关,王启龙（前期工作区）,02-课题-MASH研究-v1
02-课题-MASH研究-v1/docking/ligands/top_Coptis_chinensis_Groenlandicine.pdbqt,MASH研究v1·分子对接相关,王启龙（前期工作区）,02-课题-MASH研究-v1
02-课题-MASH研究-v1/docking/ligands/top_Coptis_chinensis_Jatrorrhizine.pdbqt,MASH研究v1·分子对接相关,王启龙（前期工作区）,02-课题-MASH研究-v1
02-课题-MASH研究-v1/docking/ligands/top_Coptis_chinensis_Stylopine.pdbqt,MASH研究v1·分子对接相关,王启龙（前期工作区）,02-课题-MASH研究-v1
02-课题-MASH研究-v1/docking/ligands/top_Coptis_chinensis_Worenine.pdbqt,MASH研究v1·分子对接相关,王启龙（前期工作区）,02-课题-MASH研究-v1
02-课题-MASH研究-v1/docking/ligands/top_Sophora_flavescens_Maackiain.pdbqt,MASH研究v1·分子对接相关,王启龙（前期工作区）,02-课题-MASH研究-v1
02-课题-MASH研究-v1/docking/ligands/v2hit02.pdbqt,MASH研究v1·分子对接相关,王启龙（前期工作区）,02-课题-MASH研究-v1
02-课题-MASH研究-v1/docking/ligands/v2hit03.pdbqt,MASH研究v1·分子对接相关,王启龙（前期工作区）,02-课题-MASH研究-v1
02-课题-MASH研究-v1/docking/ligands/v2hit04.pdbqt,MASH研究v1·分子对接相关,王启龙（前期工作区）,02-课题-MASH研究-v1
02-课题-MASH研究-v1/docking/ligands/v2hit05.pdbqt,MASH研究v1·分子对接相关,王启龙（前期工作区）,02-课题-MASH研究-v1
02-课题-MASH研究-v1/docking/ligands/v2hit06.pdbqt,MASH研究v1·分子对接相关,王启龙（前期工作区）,02-课题-MASH研究-v1
02-课题-MASH研究-v1/docking/ligands/v2hit07.pdbqt,MASH研究v1·分子对接相关,王启龙（前期工作区）,02-课题-MASH研究-v1
02-课题-MASH研究-v1/docking/ligands/v2hit08.pdbqt,MASH研究v1·分子对接相关,王启龙（前期工作区）,02-课题-MASH研究-v1
02-课题-MASH研究-v1/docking/ligands/v2hit09.pdbqt,MASH研究v1·分子对接相关,王启龙（前期工作区）,02-课题-MASH研究-v1
02-课题-MASH研究-v1/docking/ligands/v2hit10.pdbqt,MASH研究v1·分子对接相关,王启龙（前期工作区）,02-课题-MASH研究-v1
02-课题-MASH研究-v1/docking/ligands/v2hit11.pdbqt,MASH研究v1·分子对接相关,王启龙（前期工作区）,02-课题-MASH研究-v1
02-课题-MASH研究-v1/docking/ligands/xproof_Alternaramide.pdbqt,MASH研究v1·分子对接相关,王启龙（前期工作区）,02-课题-MASH研究-v1
02-课题-MASH研究-v1/docking/ligands/xproof_Antrocinnamomin_F.pdbqt,MASH研究v1·分子对接相关,王启龙（前期工作区）,02-课题-MASH研究-v1
02-课题-MASH研究-v1/docking/ligands/xproof_Aspernolide_D.pdbqt,MASH研究v1·分子对接相关,王启龙（前期工作区）,02-课题-MASH研究-v1
02-课题-MASH研究-v1/docking/ligands/xproof_Butyrolactone_VI.pdbqt,MASH研究v1·分子对接相关,王启龙（前期工作区）,02-课题-MASH研究-v1
02-课题-MASH研究-v1/docking/outputs/ACC2_3GID_S1A_redock_out.pdbqt,MASH研究v1·分子对接相关,王启龙（前期工作区）,02-课题-MASH研究-v1
02-课题-MASH研究-v1/docking/outputs/ACC2_5KKN_6U3_redock_out.pdbqt,MASH研究v1·分子对接相关,王启龙（前期工作区）,02-课题-MASH研究-v1
02-课题-MASH研究-v1/docking/outputs/FXR_3FLI_33Y_redock_out.pdbqt,MASH研究v1·分子对接相关,王启龙（前期工作区）,02-课题-MASH研究-v1
02-课题-MASH研究-v1/docking/outputs/THRB_3GWS_T3_redock_out.pdbqt,MASH研究v1·分子对接相关,王启龙（前期工作区）,02-课题-MASH研究-v1
02-课题-MASH研究-v1/docking/outputs/ctrl_ACC2_5KKN_ND_646_out.pdbqt,MASH研究v1·分子对接相关,王启龙（前期工作区）,02-课题-MASH研究-v1
02-课题-MASH研究-v1/docking/outputs/ctrl_ACC2_5KKN_soraphen_A_out.pdbqt,MASH研究v1·分子对接相关,王启龙（前期工作区）,02-课题-MASH研究-v1
02-课题-MASH研究-v1/docking/outputs/ctrl_FXR_3FLI_GW4064_out.pdbqt,MASH研究v1·分子对接相关,王启龙（前期工作区）,02-课题-MASH研究-v1
02-课题-MASH研究-v1/docking/outputs/ctrl_FXR_3FLI_chenodeoxycholic_acid_out.pdbqt,MASH研究v1·分子对接相关,王启龙（前期工作区）,02-课题-MASH研究-v1
02-课题-MASH研究-v1/docking/outputs/ctrl_FXR_3FLI_obeticholic_acid_out.pdbqt,MASH研究v1·分子对接相关,王启龙（前期工作区）,02-课题-MASH研究-v1
02-课题-MASH研究-v1/docking/outputs/ctrl_FXR_3FLI_tanshinone_IIA_out.pdbqt,MASH研究v1·分子对接相关,王启龙（前期工作区）,02-课题-MASH研究-v1
02-课题-MASH研究-v1/docking/outputs/ctrl_THRB_3GWS_liothyronine_out.pdbqt,MASH研究v1·分子对接相关,王启龙（前期工作区）,02-课题-MASH研究-v1
02-课题-MASH研究-v1/docking/outputs/ctrl_THRB_3GWS_resmetirom_out.pdbqt,MASH研究v1·分子对接相关,王启龙（前期工作区）,02-课题-MASH研究-v1
02-课题-MASH研究-v1/docking/outputs/mt252005_ACC2_5KKN.pdbqt,MASH研究v1·分子对接相关,王启龙（前期工作区）,02-课题-MASH研究-v1
02-课题-MASH研究-v1/docking/outputs/mt252005_FXR_3FLI.pdbqt,MASH研究v1·分子对接相关,王启龙（前期工作区）,02-课题-MASH研究-v1
02-课题-MASH研究-v1/docking/outputs/mt252005_THRB_3GWS.pdbqt,MASH研究v1·分子对接相关,王启龙（前期工作区）,02-课题-MASH研究-v1
02-课题-MASH研究-v1/docking/outputs/mt316920_ACC2_5KKN.pdbqt,MASH研究v1·分子对接相关,王启龙（前期工作区）,02-课题-MASH研究-v1
02-课题-MASH研究-v1/docking/outputs/mt316920_FXR_3FLI.pdbqt,MASH研究v1·分子对接相关,王启龙（前期工作区）,02-课题-MASH研究-v1
02-课题-MASH研究-v1/docking/outputs/mt316920_THRB_3GWS.pdbqt,MASH研究v1·分子对接相关,王启龙（前期工作区）,02-课题-MASH研究-v1
02-课题-MASH研究-v1/docking/outputs/mt323629_ACC2_5KKN.pdbqt,MASH研究v1·分子对接相关,王启龙（前期工作区）,02-课题-MASH研究-v1
02-课题-MASH研究-v1/docking/outputs/mt323629_FXR_3FLI.pdbqt,MASH研究v1·分子对接相关,王启龙（前期工作区）,02-课题-MASH研究-v1
02-课题-MASH研究-v1/docking/outputs/mt323629_THRB_3GWS.pdbqt,MASH研究v1·分子对接相关,王启龙（前期工作区）,02-课题-MASH研究-v1
02-课题-MASH研究-v1/docking/outputs/mt417143_ACC2_5KKN.pdbqt,MASH研究v1·分子对接相关,王启龙（前期工作区）,02-课题-MASH研究-v1
02-课题-MASH研究-v1/docking/outputs/mt417143_FXR_3FLI.pdbqt,MASH研究v1·分子对接相关,王启龙（前期工作区）,02-课题-MASH研究-v1
02-课题-MASH研究-v1/docking/outputs/mt417143_THRB_3GWS.pdbqt,MASH研究v1·分子对接相关,王启龙（前期工作区）,02-课题-MASH研究-v1
02-课题-MASH研究-v1/docking/outputs/mt50701_ACC2_5KKN.pdbqt,MASH研究v1·分子对接相关,王启龙（前期工作区）,02-课题-MASH研究-v1
02-课题-MASH研究-v1/docking/outputs/mt50701_FXR_3FLI.pdbqt,MASH研究v1·分子对接相关,王启龙（前期工作区）,02-课题-MASH研究-v1
02-课题-MASH研究-v1/docking/outputs/mt50701_THRB_3GWS.pdbqt,MASH研究v1·分子对接相关,王启龙（前期工作区）,02-课题-MASH研究-v1
02-课题-MASH研究-v1/docking/outputs/mt595957_ACC2_5KKN.pdbqt,MASH研究v1·分子对接相关,王启龙（前期工作区）,02-课题-MASH研究-v1
02-课题-MASH研究-v1/docking/outputs/mt595957_FXR_3FLI.pdbqt,MASH研究v1·分子对接相关,王启龙（前期工作区）,02-课题-MASH研究-v1
02-课题-MASH研究-v1/docking/outputs/mt595957_THRB_3GWS.pdbqt,MASH研究v1·分子对接相关,王启龙（前期工作区）,02-课题-MASH研究-v1
02-课题-MASH研究-v1/docking/outputs/mt671996_ACC2_5KKN.pdbqt,MASH研究v1·分子对接相关,王启龙（前期工作区）,02-课题-MASH研究-v1
02-课题-MASH研究-v1/docking/outputs/mt671996_FXR_3FLI.pdbqt,MASH研究v1·分子对接相关,王启龙（前期工作区）,02-课题-MASH研究-v1
02-课题-MASH研究-v1/docking/outputs/mt671996_THRB_3GWS.pdbqt,MASH研究v1·分子对接相关,王启龙（前期工作区）,02-课题-MASH研究-v1
02-课题-MASH研究-v1/docking/outputs/mt82065_ACC2_5KKN.pdbqt,MASH研究v1·分子对接相关,王启龙（前期工作区）,02-课题-MASH研究-v1
02-课题-MASH研究-v1/docking/outputs/mt82065_FXR_3FLI.pdbqt,MASH研究v1·分子对接相关,王启龙（前期工作区）,02-课题-MASH研究-v1
02-课题-MASH研究-v1/docking/outputs/mt82065_THRB_3GWS.pdbqt,MASH研究v1·分子对接相关,王启龙（前期工作区）,02-课题-MASH研究-v1
02-课题-MASH研究-v1/docking/outputs/natlead15_ACC2_5KKN.pdbqt,MASH研究v1·分子对接相关,王启龙（前期工作区）,02-课题-MASH研究-v1
02-课题-MASH研究-v1/docking/outputs/natlead15_FXR_3FLI.pdbqt,MASH研究v1·分子对接相关,王启龙（前期工作区）,02-课题-MASH研究-v1
02-课题-MASH研究-v1/docking/outputs/natlead15_THRB_3GWS.pdbqt,MASH研究v1·分子对接相关,王启龙（前期工作区）,02-课题-MASH研究-v1
02-课题-MASH研究-v1/docking/outputs/natlead16_ACC2_5KKN.pdbqt,MASH研究v1·分子对接相关,王启龙（前期工作区）,02-课题-MASH研究-v1
02-课题-MASH研究-v1/docking/outputs/natlead16_FXR_3FLI.pdbqt,MASH研究v1·分子对接相关,王启龙（前期工作区）,02-课题-MASH研究-v1
02-课题-MASH研究-v1/docking/outputs/natlead16_THRB_3GWS.pdbqt,MASH研究v1·分子对接相关,王启龙（前期工作区）,02-课题-MASH研究-v1
02-课题-MASH研究-v1/docking/outputs/natlead17_ACC2_5KKN.pdbqt,MASH研究v1·分子对接相关,王启龙（前期工作区）,02-课题-MASH研究-v1
02-课题-MASH研究-v1/docking/outputs/natlead17_FXR_3FLI.pdbqt,MASH研究v1·分子对接相关,王启龙（前期工作区）,02-课题-MASH研究-v1
02-课题-MASH研究-v1/docking/outputs/natlead17_THRB_3GWS.pdbqt,MASH研究v1·分子对接相关,王启龙（前期工作区）,02-课题-MASH研究-v1
02-课题-MASH研究-v1/docking/outputs/natlead19_ACC2_5KKN.pdbqt,MASH研究v1·分子对接相关,王启龙（前期工作区）,02-课题-MASH研究-v1
02-课题-MASH研究-v1/docking/outputs/natlead19_FXR_3FLI.pdbqt,MASH研究v1·分子对接相关,王启龙（前期工作区）,02-课题-MASH研究-v1
02-课题-MASH研究-v1/docking/outputs/natlead19_THRB_3GWS.pdbqt,MASH研究v1·分子对接相关,王启龙（前期工作区）,02-课题-MASH研究-v1
02-课题-MASH研究-v1/docking/outputs/natlead20_ACC2_5KKN.pdbqt,MASH研究v1·分子对接相关,王启龙（前期工作区）,02-课题-MASH研究-v1
02-课题-MASH研究-v1/docking/outputs/natlead20_FXR_3FLI.pdbqt,MASH研究v1·分子对接相关,王启龙（前期工作区）,02-课题-MASH研究-v1
02-课题-MASH研究-v1/docking/outputs/natlead20_THRB_3GWS.pdbqt,MASH研究v1·分子对接相关,王启龙（前期工作区）,02-课题-MASH研究-v1
02-课题-MASH研究-v1/docking/outputs/natlead21_ACC2_5KKN.pdbqt,MASH研究v1·分子对接相关,王启龙（前期工作区）,02-课题-MASH研究-v1
02-课题-MASH研究-v1/docking/outputs/natlead21_FXR_3FLI.pdbqt,MASH研究v1·分子对接相关,王启龙（前期工作区）,02-课题-MASH研究-v1
02-课题-MASH研究-v1/docking/outputs/natlead21_THRB_3GWS.pdbqt,MASH研究v1·分子对接相关,王启龙（前期工作区）,02-课题-MASH研究-v1
02-课题-MASH研究-v1/docking/outputs/np_ACC2_5KKN_Artemisia_annua_1_8_Cineole_out.pdbqt,MASH研究v1·分子对接相关,王启龙（前期工作区）,02-课题-MASH研究-v1
02-课题-MASH研究-v1/docking/outputs/np_ACC2_5KKN_Artemisia_annua_4_Methylesculetin_out.pdbqt,MASH研究v1·分子对接相关,王启龙（前期工作区）,02-课题-MASH研究-v1
02-课题-MASH研究-v1/docking/outputs/np_ACC2_5KKN_Artemisia_annua_Arteannuin_B_out.pdbqt,MASH研究v1·分子对接相关,王启龙（前期工作区）,02-课题-MASH研究-v1
02-课题-MASH研究-v1/docking/outputs/np_ACC2_5KKN_Artemisia_annua_Artemetin_out.pdbqt,MASH研究v1·分子对接相关,王启龙（前期工作区）,02-课题-MASH研究-v1
02-课题-MASH研究-v1/docking/outputs/np_ACC2_5KKN_Artemisia_annua_Artemisia_ketone_out.pdbqt,MASH研究v1·分子对接相关,王启龙（前期工作区）,02-课题-MASH研究-v1
02-课题-MASH研究-v1/docking/outputs/np_ACC2_5KKN_Artemisia_annua_Artemisinic_acid_out.pdbqt,MASH研究v1·分子对接相关,王启龙（前期工作区）,02-课题-MASH研究-v1
02-课题-MASH研究-v1/docking/outputs/np_ACC2_5KKN_Artemisia_annua_Artemisinin_out.pdbqt,MASH研究v1·分子对接相关,王启龙（前期工作区）,02-课题-MASH研究-v1
02-课题-MASH研究-v1/docking/outputs/np_ACC2_5KKN_Artemisia_annua_Artemisitene_out.pdbqt,MASH研究v1·分子对接相关,王启龙（前期工作区）,02-课题-MASH研究-v1
02-课题-MASH研究-v1/docking/outputs/np_ACC2_5KKN_Artemisia_annua_Camphor_out.pdbqt,MASH研究v1·分子对接相关,王启龙（前期工作区）,02-课题-MASH研究-v1
02-课题-MASH研究-v1/docking/outputs/np_ACC2_5KKN_Artemisia_annua_Caryophyllene_oxide_out.pdbqt,MASH研究v1·分子对接相关,王启龙（前期工作区）,02-课题-MASH研究-v1
02-课题-MASH研究-v1/docking/outputs/np_ACC2_5KKN_Artemisia_annua_Casticin_out.pdbqt,MASH研究v1·分子对接相关,王启龙（前期工作区）,02-课题-MASH研究-v1
02-课题-MASH研究-v1/docking/outputs/np_ACC2_5KKN_Artemisia_annua_Chrysosplenetin_out.pdbqt,MASH研究v1·分子对接相关,王启龙（前期工作区）,02-课题-MASH研究-v1
02-课题-MASH研究-v1/docking/outputs/np_ACC2_5KKN_Artemisia_annua_Chrysosplenol_D_out.pdbqt,MASH研究v1·分子对接相关,王启龙（前期工作区）,02-课题-MASH研究-v1
02-课题-MASH研究-v1/docking/outputs/np_ACC2_5KKN_Artemisia_annua_Cirsilineol_out.pdbqt,MASH研究v1·分子对接相关,王启龙（前期工作区）,02-课题-MASH研究-v1
02-课题-MASH研究-v1/docking/outputs/np_ACC2_5KKN_Artemisia_annua_Cirsimaritin_out.pdbqt,MASH研究v1·分子对接相关,王启龙（前期工作区）,02-课题-MASH研究-v1
02-课题-MASH研究-v1/docking/outputs/np_ACC2_5KKN_Artemisia_annua_Deoxyartemisinin_out.pdbqt,MASH研究v1·分子对接相关,王启龙（前期工作区）,02-课题-MASH研究-v1
02-课题-MASH研究-v1/docking/outputs/np_ACC2_5KKN_Artemisia_annua_Dihydroartemisinic_acid_out.pdbqt,MASH研究v1·分子对接相关,王启龙（前期工作区）,02-课题-MASH研究-v1
02-课题-MASH研究-v1/docking/outputs/np_ACC2_5KKN_Artemisia_annua_Dihydroartemisinin_out.pdbqt,MASH研究v1·分子对接相关,王启龙（前期工作区）,02-课题-MASH研究-v1
02-课题-MASH研究-v1/docking/outputs/np_ACC2_5KKN_Artemisia_annua_Eupatorin_out.pdbqt,MASH研究v1·分子对接相关,王启龙（前期工作区）,02-课题-MASH研究-v1
02-课题-MASH研究-v1/docking/outputs/np_ACC2_5KKN_Artemisia_annua_Scopoletin_out.pdbqt,MASH研究v1·分子对接相关,王启龙（前期工作区）,02-课题-MASH研究-v1
02-课题-MASH研究-v1/docking/outputs/np_ACC2_5KKN_Artemisia_annua_Scopolin_out.pdbqt,MASH研究v1·分子对接相关,王启龙（前期工作区）,02-课题-MASH研究-v1
02-课题-MASH研究-v1/docking/outputs/np_ACC2_5KKN_Artemisia_annua_Umbelliferone_out.pdbqt,MASH研究v1·分子对接相关,王启龙（前期工作区）,02-课题-MASH研究-v1
02-课题-MASH研究-v1/docking/outputs/np_ACC2_5KKN_Artemisia_annua_beta_Caryophyllene_out.pdbqt,MASH研究v1·分子对接相关,王启龙（前期工作区）,02-课题-MASH研究-v1
02-课题-MASH研究-v1/docking/outputs/np_ACC2_5KKN_Bupleurum_chinense_Saikogenin_A_out.pdbqt,MASH研究v1·分子对接相关,王启龙（前期工作区）,02-课题-MASH研究-v1
02-课题-MASH研究-v1/docking/outputs/np_ACC2_5KKN_Bupleurum_chinense_Saikogenin_D_out.pdbqt,MASH研究v1·分子对接相关,王启龙（前期工作区）,02-课题-MASH研究-v1
02-课题-MASH研究-v1/docking/outputs/np_ACC2_5KKN_Bupleurum_chinense_Saikogenin_F_out.pdbqt,MASH研究v1·分子对接相关,王启龙（前期工作区）,02-课题-MASH研究-v1
02-课题-MASH研究-v1/docking/outputs/np_ACC2_5KKN_Coptis_chinensis_8_Oxocoptisine_out.pdbqt,MASH研究v1·分子对接相关,王启龙（前期工作区）,02-课题-MASH研究-v1
02-课题-MASH研究-v1/docking/outputs/np_ACC2_5KKN_Coptis_chinensis_Berberine_out.pdbqt,MASH研究v1·分子对接相关,王启龙（前期工作区）,02-课题-MASH研究-v1
02-课题-MASH研究-v1/docking/outputs/np_ACC2_5KKN_Coptis_chinensis_Berberrubine_out.pdbqt,MASH研究v1·分子对接相关,王启龙（前期工作区）,02-课题-MASH研究-v1
02-课题-MASH研究-v1/docking/outputs/np_ACC2_5KKN_Coptis_chinensis_Canadine_out.pdbqt,MASH研究v1·分子对接相关,王启龙（前期工作区）,02-课题-MASH研究-v1
02-课题-MASH研究-v1/docking/outputs/np_ACC2_5KKN_Coptis_chinensis_Columbamine_out.pdbqt,MASH研究v1·分子对接相关,王启龙（前期工作区）,02-课题-MASH研究-v1
02-课题-MASH研究-v1/docking/outputs/np_ACC2_5KKN_Coptis_chinensis_Coptisine_out.pdbqt,MASH研究v1·分子对接相关,王启龙（前期工作区）,02-课题-MASH研究-v1
02-课题-MASH研究-v1/docking/outputs/np_ACC2_5KKN_Coptis_chinensis_Epiberberine_out.pdbqt,MASH研究v1·分子对接相关,王启龙（前期工作区）,02-课题-MASH研究-v1
02-课题-MASH研究-v1/docking/outputs/np_ACC2_5KKN_Coptis_chinensis_Groenlandicine_out.pdbqt,MASH研究v1·分子对接相关,王启龙（前期工作区）,02-课题-MASH研究-v1
02-课题-MASH研究-v1/docking/outputs/np_ACC2_5KKN_Coptis_chinensis_Jatrorrhizine_out.pdbqt,MASH研究v1·分子对接相关,王启龙（前期工作区）,02-课题-MASH研究-v1
02-课题-MASH研究-v1/docking/outputs/np_ACC2_5KKN_Coptis_chinensis_Magnoflorine_out.pdbqt,MASH研究v1·分子对接相关,王启龙（前期工作区）,02-课题-MASH研究-v1
02-课题-MASH研究-v1/docking/outputs/np_ACC2_5KKN_Coptis_chinensis_Menisperine_out.pdbqt,MASH研究v1·分子对接相关,王启龙（前期工作区）,02-课题-MASH研究-v1
02-课题-MASH研究-v1/docking/outputs/np_ACC2_5KKN_Coptis_chinensis_Palmatine_out.pdbqt,MASH研究v1·分子对接相关,王启龙（前期工作区）,02-课题-MASH研究-v1
02-课题-MASH研究-v1/docking/outputs/np_ACC2_5KKN_Coptis_chinensis_Stylopine_out.pdbqt,MASH研究v1·分子对接相关,王启龙（前期工作区）,02-课题-MASH研究-v1
02-课题-MASH研究-v1/docking/outputs/np_ACC2_5KKN_Coptis_chinensis_Worenine_out.pdbqt,MASH研究v1·分子对接相关,王启龙（前期工作区）,02-课题-MASH研究-v1
02-课题-MASH研究-v1/docking/outputs/np_ACC2_5KKN_Ganoderma_lucidum_Lucidenic_acid_A_out.pdbqt,MASH研究v1·分子对接相关,王启龙（前期工作区）,02-课题-MASH研究-v1
02-课题-MASH研究-v1/docking/outputs/np_ACC2_5KKN_Ganoderma_lucidum_Lucidenic_acid_B_out.pdbqt,MASH研究v1·分子对接相关,王启龙（前期工作区）,02-课题-MASH研究-v1
02-课题-MASH研究-v1/docking/outputs/np_ACC2_5KKN_Ganoderma_lucidum_Lucidenic_acid_C_out.pdbqt,MASH研究v1·分子对接相关,王启龙（前期工作区）,02-课题-MASH研究-v1
02-课题-MASH研究-v1/docking/outputs/np_ACC2_5KKN_Ganoderma_lucidum_Lucidenic_acid_F_out.pdbqt,MASH研究v1·分子对接相关,王启龙（前期工作区）,02-课题-MASH研究-v1
02-课题-MASH研究-v1/docking/outputs/np_ACC2_5KKN_Ganoderma_lucidum_Lucidenic_acid_N_out.pdbqt,MASH研究v1·分子对接相关,王启龙（前期工作区）,02-课题-MASH研究-v1
02-课题-MASH研究-v1/docking/outputs/np_ACC2_5KKN_Ganoderma_lucidum_Lucidenic_acid_O_out.pdbqt,MASH研究v1·分子对接相关,王启龙（前期工作区）,02-课题-MASH研究-v1
02-课题-MASH研究-v1/docking/outputs/np_ACC2_5KKN_Glycyrrhiza_uralensis_Echinatin_out.pdbqt,MASH研究v1·分子对接相关,王启龙（前期工作区）,02-课题-MASH研究-v1
02-课题-MASH研究-v1/docking/outputs/np_ACC2_5KKN_Glycyrrhiza_uralensis_Formononetin_out.pdbqt,MASH研究v1·分子对接相关,王启龙（前期工作区）,02-课题-MASH研究-v1
02-课题-MASH研究-v1/docking/outputs/np_ACC2_5KKN_Glycyrrhiza_uralensis_Glabrene_out.pdbqt,MASH研究v1·分子对接相关,王启龙（前期工作区）,02-课题-MASH研究-v1
02-课题-MASH研究-v1/docking/outputs/np_ACC2_5KKN_Glycyrrhiza_uralensis_Glabridin_out.pdbqt,MASH研究v1·分子对接相关,王启龙（前期工作区）,02-课题-MASH研究-v1
02-课题-MASH研究-v1/docking/outputs/np_ACC2_5KKN_Glycyrrhiza_uralensis_Glyasperin_C_out.pdbqt,MASH研究v1·分子对接相关,王启龙（前期工作区）,02-课题-MASH研究-v1
02-课题-MASH研究-v1/docking/outputs/np_ACC2_5KKN_Glycyrrhiza_uralensis_Glycyrol_out.pdbqt,MASH研究v1·分子对接相关,王启龙（前期工作区）,02-课题-MASH研究-v1
02-课题-MASH研究-v1/docking/outputs/np_ACC2_5KKN_Glycyrrhiza_uralensis_Isoglycyrol_out.pdbqt,MASH研究v1·分子对接相关,王启龙（前期工作区）,02-课题-MASH研究-v1
02-课题-MASH研究-v1/docking/outputs/np_ACC2_5KKN_Glycyrrhiza_uralensis_Isolicoflavonol_out.pdbqt,MASH研究v1·分子对接相关,王启龙（前期工作区）,02-课题-MASH研究-v1
02-课题-MASH研究-v1/docking/outputs/np_ACC2_5KKN_Glycyrrhiza_uralensis_Isoliquiritigenin_out.pdbqt,MASH研究v1·分子对接相关,王启龙（前期工作区）,02-课题-MASH研究-v1
02-课题-MASH研究-v1/docking/outputs/np_ACC2_5KKN_Glycyrrhiza_uralensis_Licochalcone_A_out.pdbqt,MASH研究v1·分子对接相关,王启龙（前期工作区）,02-课题-MASH研究-v1
02-课题-MASH研究-v1/docking/outputs/np_ACC2_5KKN_Glycyrrhiza_uralensis_Licochalcone_B_out.pdbqt,MASH研究v1·分子对接相关,王启龙（前期工作区）,02-课题-MASH研究-v1
02-课题-MASH研究-v1/docking/outputs/np_ACC2_5KKN_Glycyrrhiza_uralensis_Licoflavanone_out.pdbqt,MASH研究v1·分子对接相关,王启龙（前期工作区）,02-课题-MASH研究-v1
02-课题-MASH研究-v1/docking/outputs/np_ACC2_5KKN_Glycyrrhiza_uralensis_Licoisoflavone_A_out.pdbqt,MASH研究v1·分子对接相关,王启龙（前期工作区）,02-课题-MASH研究-v1
02-课题-MASH研究-v1/docking/outputs/np_ACC2_5KKN_Glycyrrhiza_uralensis_Licoisoflavone_B_out.pdbqt,MASH研究v1·分子对接相关,王启龙（前期工作区）,02-课题-MASH研究-v1
02-课题-MASH研究-v1/docking/outputs/np_ACC2_5KKN_Glycyrrhiza_uralensis_Liquiritigenin_out.pdbqt,MASH研究v1·分子对接相关,王启龙（前期工作区）,02-课题-MASH研究-v1
02-课题-MASH研究-v1/docking/outputs/np_ACC2_5KKN_Glycyrrhiza_uralensis_Liquiritin_out.pdbqt,MASH研究v1·分子对接相关,王启龙（前期工作区）,02-课题-MASH研究-v1
02-课题-MASH研究-v1/docking/outputs/np_ACC2_5KKN_Glycyrrhiza_uralensis_Neoliquiritin_out.pdbqt,MASH研究v1·分子对接相关,王启龙（前期工作区）,02-课题-MASH研究-v1
02-课题-MASH研究-v1/docking/outputs/np_ACC2_5KKN_Glycyrrhiza_uralensis_Semilicoisoflavone_B_out.pdbqt,MASH研究v1·分子对接相关,王启龙（前期工作区）,02-课题-MASH研究-v1
02-课题-MASH研究-v1/docking/outputs/np_ACC2_5KKN_Salvia_miltiorrhiza_Cryptotanshinone_out.pdbqt,MASH研究v1·分子对接相关,王启龙（前期工作区）,02-课题-MASH研究-v1
02-课题-MASH研究-v1/docking/outputs/np_ACC2_5KKN_Salvia_miltiorrhiza_Danshenxinkun_A_out.pdbqt,MASH研究v1·分子对接相关,王启龙（前期工作区）,02-课题-MASH研究-v1
02-课题-MASH研究-v1/docking/outputs/np_ACC2_5KKN_Salvia_miltiorrhiza_Danshenxinkun_B_out.pdbqt,MASH研究v1·分子对接相关,王启龙（前期工作区）,02-课题-MASH研究-v1
02-课题-MASH研究-v1/docking/outputs/np_ACC2_5KKN_Salvia_miltiorrhiza_Dihydrotanshinone_I_out.pdbqt,MASH研究v1·分子对接相关,王启龙（前期工作区）,02-课题-MASH研究-v1
02-课题-MASH研究-v1/docking/outputs/np_ACC2_5KKN_Salvia_miltiorrhiza_Isocryptotanshinone_out.pdbqt,MASH研究v1·分子对接相关,王启龙（前期工作区）,02-课题-MASH研究-v1
02-课题-MASH研究-v1/docking/outputs/np_ACC2_5KKN_Salvia_miltiorrhiza_Isotanshinone_IIB_out.pdbqt,MASH研究v1·分子对接相关,王启龙（前期工作区）,02-课题-MASH研究-v1
02-课题-MASH研究-v1/docking/outputs/np_ACC2_5KKN_Salvia_miltiorrhiza_Methylenetanshinquinone_out.pdbqt,MASH研究v1·分子对接相关,王启龙（前期工作区）,02-课题-MASH研究-v1
02-课题-MASH研究-v1/docking/outputs/np_ACC2_5KKN_Salvia_miltiorrhiza_Miltirone_out.pdbqt,MASH研究v1·分子对接相关,王启龙（前期工作区）,02-课题-MASH研究-v1
02-课题-MASH研究-v1/docking/outputs/np_ACC2_5KKN_Salvia_miltiorrhiza_Neocryptotanshinone_out.pdbqt,MASH研究v1·分子对接相关,王启龙（前期工作区）,02-课题-MASH研究-v1
02-课题-MASH研究-v1/docking/outputs/np_ACC2_5KKN_Salvia_miltiorrhiza_Przewalskin_out.pdbqt,MASH研究v1·分子对接相关,王启龙（前期工作区）,02-课题-MASH研究-v1
02-课题-MASH研究-v1/docking/outputs/np_ACC2_5KKN_Salvia_miltiorrhiza_Salvilenone_out.pdbqt,MASH研究v1·分子对接相关,王启龙（前期工作区）,02-课题-MASH研究-v1
02-课题-MASH研究-v1/docking/outputs/np_ACC2_5KKN_Salvia_miltiorrhiza_Sugiol_out.pdbqt,MASH研究v1·分子对接相关,王启龙（前期工作区）,02-课题-MASH研究-v1
02-课题-MASH研究-v1/docking/outputs/np_ACC2_5KKN_Salvia_miltiorrhiza_Tanshindiol_A_out.pdbqt,MASH研究v1·分子对接相关,王启龙（前期工作区）,02-课题-MASH研究-v1
02-课题-MASH研究-v1/docking/outputs/np_ACC2_5KKN_Salvia_miltiorrhiza_Tanshindiol_B_out.pdbqt,MASH研究v1·分子对接相关,王启龙（前期工作区）,02-课题-MASH研究-v1
02-课题-MASH研究-v1/docking/outputs/np_ACC2_5KKN_Salvia_miltiorrhiza_Tanshindiol_C_out.pdbqt,MASH研究v1·分子对接相关,王启龙（前期工作区）,02-课题-MASH研究-v1
02-课题-MASH研究-v1/docking/outputs/np_ACC2_5KKN_Salvia_miltiorrhiza_Tanshinone_IIA_out.pdbqt,MASH研究v1·分子对接相关,王启龙（前期工作区）,02-课题-MASH研究-v1
02-课题-MASH研究-v1/docking/outputs/np_ACC2_5KKN_Salvia_miltiorrhiza_Tanshinone_IIB_out.pdbqt,MASH研究v1·分子对接相关,王启龙（前期工作区）,02-课题-MASH研究-v1
02-课题-MASH研究-v1/docking/outputs/np_ACC2_5KKN_Salvia_miltiorrhiza_Tanshinone_I_out.pdbqt,MASH研究v1·分子对接相关,王启龙（前期工作区）,02-课题-MASH研究-v1
02-课题-MASH研究-v1/docking/outputs/np_ACC2_5KKN_Schisandra_chinensis_Chamigrenal_out.pdbqt,MASH研究v1·分子对接相关,王启龙（前期工作区）,02-课题-MASH研究-v1
02-课题-MASH研究-v1/docking/outputs/np_ACC2_5KKN_Schisandra_chinensis_Gomisin_H_out.pdbqt,MASH研究v1·分子对接相关,王启龙（前期工作区）,02-课题-MASH研究-v1
02-课题-MASH研究-v1/docking/outputs/np_ACC2_5KKN_Schisandra_chinensis_Gomisin_J_out.pdbqt,MASH研究v1·分子对接相关,王启龙（前期工作区）,02-课题-MASH研究-v1
02-课题-MASH研究-v1/docking/outputs/np_ACC2_5KKN_Schisandra_chinensis_Gomisin_K1_out.pdbqt,MASH研究v1·分子对接相关,王启龙（前期工作区）,02-课题-MASH研究-v1
02-课题-MASH研究-v1/docking/outputs/np_ACC2_5KKN_Schisandra_chinensis_Gomisin_K3_out.pdbqt,MASH研究v1·分子对接相关,王启龙（前期工作区）,02-课题-MASH研究-v1
02-课题-MASH研究-v1/docking/outputs/np_ACC2_5KKN_Schisandra_chinensis_Gomisin_L1_out.pdbqt,MASH研究v1·分子对接相关,王启龙（前期工作区）,02-课题-MASH研究-v1
02-课题-MASH研究-v1/docking/outputs/np_ACC2_5KKN_Schisandra_chinensis_Gomisin_L2_out.pdbqt,MASH研究v1·分子对接相关,王启龙（前期工作区）,02-课题-MASH研究-v1
02-课题-MASH研究-v1/docking/outputs/np_ACC2_5KKN_Schisandra_chinensis_Gomisin_M1_out.pdbqt,MASH研究v1·分子对接相关,王启龙（前期工作区）,02-课题-MASH研究-v1
02-课题-MASH研究-v1/docking/outputs/np_ACC2_5KKN_Schisandra_chinensis_Gomisin_M2_out.pdbqt,MASH研究v1·分子对接相关,王启龙（前期工作区）,02-课题-MASH研究-v1
02-课题-MASH研究-v1/docking/outputs/np_ACC2_5KKN_Schisandra_chinensis_Gomisin_N_out.pdbqt,MASH研究v1·分子对接相关,王启龙（前期工作区）,02-课题-MASH研究-v1
02-课题-MASH研究-v1/docking/outputs/np_ACC2_5KKN_Schisandra_chinensis_Gomisin_O_out.pdbqt,MASH研究v1·分子对接相关,王启龙（前期工作区）,02-课题-MASH研究-v1
02-课题-MASH研究-v1/docking/outputs/np_ACC2_5KKN_Schisandra_chinensis_Pregomisin_out.pdbqt,MASH研究v1·分子对接相关,王启龙（前期工作区）,02-课题-MASH研究-v1
02-课题-MASH研究-v1/docking/outputs/np_ACC2_5KKN_Schisandra_chinensis_Schisandrin_A_out.pdbqt,MASH研究v1·分子对接相关,王启龙（前期工作区）,02-课题-MASH研究-v1
02-课题-MASH研究-v1/docking/outputs/np_ACC2_5KKN_Schisandra_chinensis_Schisandrin_B_out.pdbqt,MASH研究v1·分子对接相关,王启龙（前期工作区）,02-课题-MASH研究-v1
02-课题-MASH研究-v1/docking/outputs/np_ACC2_5KKN_Schisandra_chinensis_Schisandrin_C_out.pdbqt,MASH研究v1·分子对接相关,王启龙（前期工作区）,02-课题-MASH研究-v1
02-课题-MASH研究-v1/docking/outputs/np_ACC2_5KKN_Schisandra_chinensis_Schisandrol_A_out.pdbqt,MASH研究v1·分子对接相关,王启龙（前期工作区）,02-课题-MASH研究-v1
02-课题-MASH研究-v1/docking/outputs/np_ACC2_5KKN_Schisandra_chinensis_Schisandrol_B_out.pdbqt,MASH研究v1·分子对接相关,王启龙（前期工作区）,02-课题-MASH研究-v1
02-课题-MASH研究-v1/docking/outputs/np_ACC2_5KKN_Schisandra_chinensis_Schisanhenol_out.pdbqt,MASH研究v1·分子对接相关,王启龙（前期工作区）,02-课题-MASH研究-v1
02-课题-MASH研究-v1/docking/outputs/np_ACC2_5KKN_Silybum_marianum_2_3_Dehydrosilybin_out.pdbqt,MASH研究v1·分子对接相关,王启龙（前期工作区）,02-课题-MASH研究-v1
02-课题-MASH研究-v1/docking/outputs/np_ACC2_5KKN_Silybum_marianum_Isosilybin_A_out.pdbqt,MASH研究v1·分子对接相关,王启龙（前期工作区）,02-课题-MASH研究-v1
02-课题-MASH研究-v1/docking/outputs/np_ACC2_5KKN_Silybum_marianum_Isosilybin_B_out.pdbqt,MASH研究v1·分子对接相关,王启龙（前期工作区）,02-课题-MASH研究-v1
02-课题-MASH研究-v1/docking/outputs/np_ACC2_5KKN_Silybum_marianum_Neosilyhermin_A_out.pdbqt,MASH研究v1·分子对接相关,王启龙（前期工作区）,02-课题-MASH研究-v1
02-课题-MASH研究-v1/docking/outputs/np_ACC2_5KKN_Silybum_marianum_Neosilyhermin_B_out.pdbqt,MASH研究v1·分子对接相关,王启龙（前期工作区）,02-课题-MASH研究-v1
02-课题-MASH研究-v1/docking/outputs/np_ACC2_5KKN_Silybum_marianum_Silandrin_out.pdbqt,MASH研究v1·分子对接相关,王启龙（前期工作区）,02-课题-MASH研究-v1
02-课题-MASH研究-v1/docking/outputs/np_ACC2_5KKN_Silybum_marianum_Silybin_A_out.pdbqt,MASH研究v1·分子对接相关,王启龙（前期工作区）,02-课题-MASH研究-v1
02-课题-MASH研究-v1/docking/outputs/np_ACC2_5KKN_Silybum_marianum_Silybin_B_out.pdbqt,MASH研究v1·分子对接相关,王启龙（前期工作区）,02-课题-MASH研究-v1
02-课题-MASH研究-v1/docking/outputs/np_ACC2_5KKN_Silybum_marianum_Silydianin_out.pdbqt,MASH研究v1·分子对接相关,王启龙（前期工作区）,02-课题-MASH研究-v1
02-课题-MASH研究-v1/docking/outputs/np_ACC2_5KKN_Silybum_marianum_Silyhermin_out.pdbqt,MASH研究v1·分子对接相关,王启龙（前期工作区）,02-课题-MASH研究-v1
02-课题-MASH研究-v1/docking/outputs/np_ACC2_5KKN_Silybum_marianum_Silymonin_out.pdbqt,MASH研究v1·分子对接相关,王启龙（前期工作区）,02-课题-MASH研究-v1
02-课题-MASH研究-v1/docking/outputs/np_ACC2_5KKN_Sophora_flavescens_Aloperine_out.pdbqt,MASH研究v1·分子对接相关,王启龙（前期工作区）,02-课题-MASH研究-v1
02-课题-MASH研究-v1/docking/outputs/np_ACC2_5KKN_Sophora_flavescens_Anagyrine_out.pdbqt,MASH研究v1·分子对接相关,王启龙（前期工作区）,02-课题-MASH研究-v1
02-课题-MASH研究-v1/docking/outputs/np_ACC2_5KKN_Sophora_flavescens_Baptifoline_out.pdbqt,MASH研究v1·分子对接相关,王启龙（前期工作区）,02-课题-MASH研究-v1
02-课题-MASH研究-v1/docking/outputs/np_ACC2_5KKN_Sophora_flavescens_Formononetin_out.pdbqt,MASH研究v1·分子对接相关,王启龙（前期工作区）,02-课题-MASH研究-v1
02-课题-MASH研究-v1/docking/outputs/np_ACC2_5KKN_Sophora_flavescens_Kurarinol_out.pdbqt,MASH研究v1·分子对接相关,王启龙（前期工作区）,02-课题-MASH研究-v1
02-课题-MASH研究-v1/docking/outputs/np_ACC2_5KKN_Sophora_flavescens_Kushenol_C_out.pdbqt,MASH研究v1·分子对接相关,王启龙（前期工作区）,02-课题-MASH研究-v1
02-课题-MASH研究-v1/docking/outputs/np_ACC2_5KKN_Sophora_flavescens_Kushenol_E_out.pdbqt,MASH研究v1·分子对接相关,王启龙（前期工作区）,02-课题-MASH研究-v1
02-课题-MASH研究-v1/docking/outputs/np_ACC2_5KKN_Sophora_flavescens_Kushenol_H_out.pdbqt,MASH研究v1·分子对接相关,王启龙（前期工作区）,02-课题-MASH研究-v1
02-课题-MASH研究-v1/docking/outputs/np_ACC2_5KKN_Sophora_flavescens_Kushenol_I_out.pdbqt,MASH研究v1·分子对接相关,王启龙（前期工作区）,02-课题-MASH研究-v1
02-课题-MASH研究-v1/docking/outputs/np_ACC2_5KKN_Sophora_flavescens_Maackiain_out.pdbqt,MASH研究v1·分子对接相关,王启龙（前期工作区）,02-课题-MASH研究-v1
02-课题-MASH研究-v1/docking/outputs/np_ACC2_5KKN_Sophora_flavescens_Matrine_out.pdbqt,MASH研究v1·分子对接相关,王启龙（前期工作区）,02-课题-MASH研究-v1
02-课题-MASH研究-v1/docking/outputs/np_ACC2_5KKN_Sophora_flavescens_N_Methylcytisine_out.pdbqt,MASH研究v1·分子对接相关,王启龙（前期工作区）,02-课题-MASH研究-v1
02-课题-MASH研究-v1/docking/outputs/np_ACC2_5KKN_Sophora_flavescens_Oxymatrine_out.pdbqt,MASH研究v1·分子对接相关,王启龙（前期工作区）,02-课题-MASH研究-v1
02-课题-MASH研究-v1/docking/outputs/np_ACC2_5KKN_Sophora_flavescens_Oxysophocarpine_out.pdbqt,MASH研究v1·分子对接相关,王启龙（前期工作区）,02-课题-MASH研究-v1
02-课题-MASH研究-v1/docking/outputs/np_ACC2_5KKN_Sophora_flavescens_Sophocarpine_out.pdbqt,MASH研究v1·分子对接相关,王启龙（前期工作区）,02-课题-MASH研究-v1
02-课题-MASH研究-v1/docking/outputs/np_ACC2_5KKN_Sophora_flavescens_Sophoraflavanone_G_out.pdbqt,MASH研究v1·分子对接相关,王启龙（前期工作区）,02-课题-MASH研究-v1
02-课题-MASH研究-v1/docking/outputs/np_ACC2_5KKN_Sophora_flavescens_Sophoramine_out.pdbqt,MASH研究v1·分子对接相关,王启龙（前期工作区）,02-课题-MASH研究-v1
02-课题-MASH研究-v1/docking/outputs/np_ACC2_5KKN_Sophora_flavescens_Sophoridine_out.pdbqt,MASH研究v1·分子对接相关,王启龙（前期工作区）,02-课题-MASH研究-v1
02-课题-MASH研究-v1/docking/outputs/np_ACC2_5KKN_Tripterygium_wilfordii_Tripterifordin_out.pdbqt,MASH研究v1·分子对接相关,王启龙（前期工作区）,02-课题-MASH研究-v1
02-课题-MASH研究-v1/docking/outputs/np_ACC2_5KKN_Tripterygium_wilfordii_Triptophenolide_out.pdbqt,MASH研究v1·分子对接相关,王启龙（前期工作区）,02-课题-MASH研究-v1
02-课题-MASH研究-v1/docking/outputs/np_THRB_3GWS_Artemisia_annua_1_8_Cineole_out.pdbqt,MASH研究v1·分子对接相关,王启龙（前期工作区）,02-课题-MASH研究-v1
02-课题-MASH研究-v1/docking/outputs/np_THRB_3GWS_Artemisia_annua_4_Methylesculetin_out.pdbqt,MASH研究v1·分子对接相关,王启龙（前期工作区）,02-课题-MASH研究-v1
02-课题-MASH研究-v1/docking/outputs/np_THRB_3GWS_Artemisia_annua_Arteannuin_B_out.pdbqt,MASH研究v1·分子对接相关,王启龙（前期工作区）,02-课题-MASH研究-v1
02-课题-MASH研究-v1/docking/outputs/np_THRB_3GWS_Artemisia_annua_Artemetin_out.pdbqt,MASH研究v1·分子对接相关,王启龙（前期工作区）,02-课题-MASH研究-v1
02-课题-MASH研究-v1/docking/outputs/np_THRB_3GWS_Artemisia_annua_Artemisia_ketone_out.pdbqt,MASH研究v1·分子对接相关,王启龙（前期工作区）,02-课题-MASH研究-v1
02-课题-MASH研究-v1/docking/outputs/np_THRB_3GWS_Artemisia_annua_Artemisinic_acid_out.pdbqt,MASH研究v1·分子对接相关,王启龙（前期工作区）,02-课题-MASH研究-v1
02-课题-MASH研究-v1/docking/outputs/np_THRB_3GWS_Artemisia_annua_Artemisinin_out.pdbqt,MASH研究v1·分子对接相关,王启龙（前期工作区）,02-课题-MASH研究-v1
02-课题-MASH研究-v1/docking/outputs/np_THRB_3GWS_Artemisia_annua_Artemisitene_out.pdbqt,MASH研究v1·分子对接相关,王启龙（前期工作区）,02-课题-MASH研究-v1
02-课题-MASH研究-v1/docking/outputs/np_THRB_3GWS_Artemisia_annua_Camphor_out.pdbqt,MASH研究v1·分子对接相关,王启龙（前期工作区）,02-课题-MASH研究-v1
02-课题-MASH研究-v1/docking/outputs/np_THRB_3GWS_Artemisia_annua_Caryophyllene_oxide_out.pdbqt,MASH研究v1·分子对接相关,王启龙（前期工作区）,02-课题-MASH研究-v1
02-课题-MASH研究-v1/docking/outputs/np_THRB_3GWS_Artemisia_annua_Casticin_out.pdbqt,MASH研究v1·分子对接相关,王启龙（前期工作区）,02-课题-MASH研究-v1
02-课题-MASH研究-v1/docking/outputs/np_THRB_3GWS_Artemisia_annua_Chrysosplenetin_out.pdbqt,MASH研究v1·分子对接相关,王启龙（前期工作区）,02-课题-MASH研究-v1
02-课题-MASH研究-v1/docking/outputs/np_THRB_3GWS_Artemisia_annua_Chrysosplenol_D_out.pdbqt,MASH研究v1·分子对接相关,王启龙（前期工作区）,02-课题-MASH研究-v1
02-课题-MASH研究-v1/docking/outputs/np_THRB_3GWS_Artemisia_annua_Cirsilineol_out.pdbqt,MASH研究v1·分子对接相关,王启龙（前期工作区）,02-课题-MASH研究-v1
02-课题-MASH研究-v1/docking/outputs/np_THRB_3GWS_Artemisia_annua_Cirsimaritin_out.pdbqt,MASH研究v1·分子对接相关,王启龙（前期工作区）,02-课题-MASH研究-v1
02-课题-MASH研究-v1/docking/outputs/np_THRB_3GWS_Artemisia_annua_Deoxyartemisinin_out.pdbqt,MASH研究v1·分子对接相关,王启龙（前期工作区）,02-课题-MASH研究-v1
02-课题-MASH研究-v1/docking/outputs/np_THRB_3GWS_Artemisia_annua_Dihydroartemisinic_acid_out.pdbqt,MASH研究v1·分子对接相关,王启龙（前期工作区）,02-课题-MASH研究-v1
02-课题-MASH研究-v1/docking/outputs/np_THRB_3GWS_Artemisia_annua_Dihydroartemisinin_out.pdbqt,MASH研究v1·分子对接相关,王启龙（前期工作区）,02-课题-MASH研究-v1
02-课题-MASH研究-v1/docking/outputs/np_THRB_3GWS_Artemisia_annua_Eupatorin_out.pdbqt,MASH研究v1·分子对接相关,王启龙（前期工作区）,02-课题-MASH研究-v1
02-课题-MASH研究-v1/docking/outputs/np_THRB_3GWS_Artemisia_annua_Scopoletin_out.pdbqt,MASH研究v1·分子对接相关,王启龙（前期工作区）,02-课题-MASH研究-v1
02-课题-MASH研究-v1/docking/outputs/np_THRB_3GWS_Artemisia_annua_Scopolin_out.pdbqt,MASH研究v1·分子对接相关,王启龙（前期工作区）,02-课题-MASH研究-v1
02-课题-MASH研究-v1/docking/outputs/np_THRB_3GWS_Artemisia_annua_Umbelliferone_out.pdbqt,MASH研究v1·分子对接相关,王启龙（前期工作区）,02-课题-MASH研究-v1
02-课题-MASH研究-v1/docking/outputs/np_THRB_3GWS_Artemisia_annua_beta_Caryophyllene_out.pdbqt,MASH研究v1·分子对接相关,王启龙（前期工作区）,02-课题-MASH研究-v1
02-课题-MASH研究-v1/docking/outputs/np_THRB_3GWS_Bupleurum_chinense_Saikogenin_A_out.pdbqt,MASH研究v1·分子对接相关,王启龙（前期工作区）,02-课题-MASH研究-v1
02-课题-MASH研究-v1/docking/outputs/np_THRB_3GWS_Bupleurum_chinense_Saikogenin_D_out.pdbqt,MASH研究v1·分子对接相关,王启龙（前期工作区）,02-课题-MASH研究-v1
02-课题-MASH研究-v1/docking/outputs/np_THRB_3GWS_Bupleurum_chinense_Saikogenin_F_out.pdbqt,MASH研究v1·分子对接相关,王启龙（前期工作区）,02-课题-MASH研究-v1
02-课题-MASH研究-v1/docking/outputs/np_THRB_3GWS_Coptis_chinensis_8_Oxocoptisine_out.pdbqt,MASH研究v1·分子对接相关,王启龙（前期工作区）,02-课题-MASH研究-v1
02-课题-MASH研究-v1/docking/outputs/np_THRB_3GWS_Coptis_chinensis_Berberine_out.pdbqt,MASH研究v1·分子对接相关,王启龙（前期工作区）,02-课题-MASH研究-v1
02-课题-MASH研究-v1/docking/outputs/np_THRB_3GWS_Coptis_chinensis_Berberrubine_out.pdbqt,MASH研究v1·分子对接相关,王启龙（前期工作区）,02-课题-MASH研究-v1
02-课题-MASH研究-v1/docking/outputs/np_THRB_3GWS_Coptis_chinensis_Canadine_out.pdbqt,MASH研究v1·分子对接相关,王启龙（前期工作区）,02-课题-MASH研究-v1
02-课题-MASH研究-v1/docking/outputs/np_THRB_3GWS_Coptis_chinensis_Columbamine_out.pdbqt,MASH研究v1·分子对接相关,王启龙（前期工作区）,02-课题-MASH研究-v1
02-课题-MASH研究-v1/docking/outputs/np_THRB_3GWS_Coptis_chinensis_Coptisine_out.pdbqt,MASH研究v1·分子对接相关,王启龙（前期工作区）,02-课题-MASH研究-v1
02-课题-MASH研究-v1/docking/outputs/np_THRB_3GWS_Coptis_chinensis_Epiberberine_out.pdbqt,MASH研究v1·分子对接相关,王启龙（前期工作区）,02-课题-MASH研究-v1
02-课题-MASH研究-v1/docking/outputs/np_THRB_3GWS_Coptis_chinensis_Groenlandicine_out.pdbqt,MASH研究v1·分子对接相关,王启龙（前期工作区）,02-课题-MASH研究-v1
02-课题-MASH研究-v1/docking/outputs/np_THRB_3GWS_Coptis_chinensis_Jatrorrhizine_out.pdbqt,MASH研究v1·分子对接相关,王启龙（前期工作区）,02-课题-MASH研究-v1
02-课题-MASH研究-v1/docking/outputs/np_THRB_3GWS_Coptis_chinensis_Magnoflorine_out.pdbqt,MASH研究v1·分子对接相关,王启龙（前期工作区）,02-课题-MASH研究-v1
02-课题-MASH研究-v1/docking/outputs/np_THRB_3GWS_Coptis_chinensis_Menisperine_out.pdbqt,MASH研究v1·分子对接相关,王启龙（前期工作区）,02-课题-MASH研究-v1
02-课题-MASH研究-v1/docking/outputs/np_THRB_3GWS_Coptis_chinensis_Palmatine_out.pdbqt,MASH研究v1·分子对接相关,王启龙（前期工作区）,02-课题-MASH研究-v1
02-课题-MASH研究-v1/docking/outputs/np_THRB_3GWS_Coptis_chinensis_Stylopine_out.pdbqt,MASH研究v1·分子对接相关,王启龙（前期工作区）,02-课题-MASH研究-v1
02-课题-MASH研究-v1/docking/outputs/np_THRB_3GWS_Coptis_chinensis_Worenine_out.pdbqt,MASH研究v1·分子对接相关,王启龙（前期工作区）,02-课题-MASH研究-v1
02-课题-MASH研究-v1/docking/outputs/np_THRB_3GWS_Ganoderma_lucidum_Lucidenic_acid_A_out.pdbqt,MASH研究v1·分子对接相关,王启龙（前期工作区）,02-课题-MASH研究-v1
02-课题-MASH研究-v1/docking/outputs/np_THRB_3GWS_Ganoderma_lucidum_Lucidenic_acid_B_out.pdbqt,MASH研究v1·分子对接相关,王启龙（前期工作区）,02-课题-MASH研究-v1
02-课题-MASH研究-v1/docking/outputs/np_THRB_3GWS_Ganoderma_lucidum_Lucidenic_acid_C_out.pdbqt,MASH研究v1·分子对接相关,王启龙（前期工作区）,02-课题-MASH研究-v1
02-课题-MASH研究-v1/docking/outputs/np_THRB_3GWS_Ganoderma_lucidum_Lucidenic_acid_F_out.pdbqt,MASH研究v1·分子对接相关,王启龙（前期工作区）,02-课题-MASH研究-v1
02-课题-MASH研究-v1/docking/outputs/np_THRB_3GWS_Ganoderma_lucidum_Lucidenic_acid_N_out.pdbqt,MASH研究v1·分子对接相关,王启龙（前期工作区）,02-课题-MASH研究-v1
02-课题-MASH研究-v1/docking/outputs/np_THRB_3GWS_Ganoderma_lucidum_Lucidenic_acid_O_out.pdbqt,MASH研究v1·分子对接相关,王启龙（前期工作区）,02-课题-MASH研究-v1
02-课题-MASH研究-v1/docking/outputs/np_THRB_3GWS_Glycyrrhiza_uralensis_Echinatin_out.pdbqt,MASH研究v1·分子对接相关,王启龙（前期工作区）,02-课题-MASH研究-v1
02-课题-MASH研究-v1/docking/outputs/np_THRB_3GWS_Glycyrrhiza_uralensis_Formononetin_out.pdbqt,MASH研究v1·分子对接相关,王启龙（前期工作区）,02-课题-MASH研究-v1
02-课题-MASH研究-v1/docking/outputs/np_THRB_3GWS_Glycyrrhiza_uralensis_Glabrene_out.pdbqt,MASH研究v1·分子对接相关,王启龙（前期工作区）,02-课题-MASH研究-v1
02-课题-MASH研究-v1/docking/outputs/np_THRB_3GWS_Glycyrrhiza_uralensis_Glabridin_out.pdbqt,MASH研究v1·分子对接相关,王启龙（前期工作区）,02-课题-MASH研究-v1
02-课题-MASH研究-v1/docking/outputs/np_THRB_3GWS_Glycyrrhiza_uralensis_Glyasperin_C_out.pdbqt,MASH研究v1·分子对接相关,王启龙（前期工作区）,02-课题-MASH研究-v1
02-课题-MASH研究-v1/docking/outputs/np_THRB_3GWS_Glycyrrhiza_uralensis_Glycyrol_out.pdbqt,MASH研究v1·分子对接相关,王启龙（前期工作区）,02-课题-MASH研究-v1
02-课题-MASH研究-v1/docking/outputs/np_THRB_3GWS_Glycyrrhiza_uralensis_Isoglycyrol_out.pdbqt,MASH研究v1·分子对接相关,王启龙（前期工作区）,02-课题-MASH研究-v1
02-课题-MASH研究-v1/docking/outputs/np_THRB_3GWS_Glycyrrhiza_uralensis_Isolicoflavonol_out.pdbqt,MASH研究v1·分子对接相关,王启龙（前期工作区）,02-课题-MASH研究-v1
02-课题-MASH研究-v1/docking/outputs/np_THRB_3GWS_Glycyrrhiza_uralensis_Isoliquiritigenin_out.pdbqt,MASH研究v1·分子对接相关,王启龙（前期工作区）,02-课题-MASH研究-v1
02-课题-MASH研究-v1/docking/outputs/np_THRB_3GWS_Glycyrrhiza_uralensis_Licochalcone_A_out.pdbqt,MASH研究v1·分子对接相关,王启龙（前期工作区）,02-课题-MASH研究-v1
02-课题-MASH研究-v1/docking/outputs/np_THRB_3GWS_Glycyrrhiza_uralensis_Licochalcone_B_out.pdbqt,MASH研究v1·分子对接相关,王启龙（前期工作区）,02-课题-MASH研究-v1
02-课题-MASH研究-v1/docking/outputs/np_THRB_3GWS_Glycyrrhiza_uralensis_Licoflavanone_out.pdbqt,MASH研究v1·分子对接相关,王启龙（前期工作区）,02-课题-MASH研究-v1
02-课题-MASH研究-v1/docking/outputs/np_THRB_3GWS_Glycyrrhiza_uralensis_Licoisoflavone_A_out.pdbqt,MASH研究v1·分子对接相关,王启龙（前期工作区）,02-课题-MASH研究-v1
02-课题-MASH研究-v1/docking/outputs/np_THRB_3GWS_Glycyrrhiza_uralensis_Licoisoflavone_B_out.pdbqt,MASH研究v1·分子对接相关,王启龙（前期工作区）,02-课题-MASH研究-v1
02-课题-MASH研究-v1/docking/outputs/np_THRB_3GWS_Glycyrrhiza_uralensis_Liquiritigenin_out.pdbqt,MASH研究v1·分子对接相关,王启龙（前期工作区）,02-课题-MASH研究-v1
02-课题-MASH研究-v1/docking/outputs/np_THRB_3GWS_Glycyrrhiza_uralensis_Liquiritin_out.pdbqt,MASH研究v1·分子对接相关,王启龙（前期工作区）,02-课题-MASH研究-v1
02-课题-MASH研究-v1/docking/outputs/np_THRB_3GWS_Glycyrrhiza_uralensis_Neoliquiritin_out.pdbqt,MASH研究v1·分子对接相关,王启龙（前期工作区）,02-课题-MASH研究-v1
02-课题-MASH研究-v1/docking/outputs/np_THRB_3GWS_Glycyrrhiza_uralensis_Semilicoisoflavone_B_out.pdbqt,MASH研究v1·分子对接相关,王启龙（前期工作区）,02-课题-MASH研究-v1
02-课题-MASH研究-v1/docking/outputs/np_THRB_3GWS_Salvia_miltiorrhiza_Cryptotanshinone_out.pdbqt,MASH研究v1·分子对接相关,王启龙（前期工作区）,02-课题-MASH研究-v1
02-课题-MASH研究-v1/docking/outputs/np_THRB_3GWS_Salvia_miltiorrhiza_Danshenxinkun_A_out.pdbqt,MASH研究v1·分子对接相关,王启龙（前期工作区）,02-课题-MASH研究-v1
02-课题-MASH研究-v1/docking/outputs/np_THRB_3GWS_Salvia_miltiorrhiza_Danshenxinkun_B_out.pdbqt,MASH研究v1·分子对接相关,王启龙（前期工作区）,02-课题-MASH研究-v1
02-课题-MASH研究-v1/docking/outputs/np_THRB_3GWS_Salvia_miltiorrhiza_Dihydrotanshinone_I_out.pdbqt,MASH研究v1·分子对接相关,王启龙（前期工作区）,02-课题-MASH研究-v1
02-课题-MASH研究-v1/docking/outputs/np_THRB_3GWS_Salvia_miltiorrhiza_Isocryptotanshinone_out.pdbqt,MASH研究v1·分子对接相关,王启龙（前期工作区）,02-课题-MASH研究-v1
02-课题-MASH研究-v1/docking/outputs/np_THRB_3GWS_Salvia_miltiorrhiza_Isotanshinone_IIB_out.pdbqt,MASH研究v1·分子对接相关,王启龙（前期工作区）,02-课题-MASH研究-v1
02-课题-MASH研究-v1/docking/outputs/np_THRB_3GWS_Salvia_miltiorrhiza_Methylenetanshinquinone_out.pdbqt,MASH研究v1·分子对接相关,王启龙（前期工作区）,02-课题-MASH研究-v1
02-课题-MASH研究-v1/docking/outputs/np_THRB_3GWS_Salvia_miltiorrhiza_Miltirone_out.pdbqt,MASH研究v1·分子对接相关,王启龙（前期工作区）,02-课题-MASH研究-v1
02-课题-MASH研究-v1/docking/outputs/np_THRB_3GWS_Salvia_miltiorrhiza_Neocryptotanshinone_out.pdbqt,MASH研究v1·分子对接相关,王启龙（前期工作区）,02-课题-MASH研究-v1
02-课题-MASH研究-v1/docking/outputs/np_THRB_3GWS_Salvia_miltiorrhiza_Przewalskin_out.pdbqt,MASH研究v1·分子对接相关,王启龙（前期工作区）,02-课题-MASH研究-v1
02-课题-MASH研究-v1/docking/outputs/np_THRB_3GWS_Salvia_miltiorrhiza_Salvilenone_out.pdbqt,MASH研究v1·分子对接相关,王启龙（前期工作区）,02-课题-MASH研究-v1
02-课题-MASH研究-v1/docking/outputs/np_THRB_3GWS_Salvia_miltiorrhiza_Sugiol_out.pdbqt,MASH研究v1·分子对接相关,王启龙（前期工作区）,02-课题-MASH研究-v1
02-课题-MASH研究-v1/docking/outputs/np_THRB_3GWS_Salvia_miltiorrhiza_Tanshindiol_A_out.pdbqt,MASH研究v1·分子对接相关,王启龙（前期工作区）,02-课题-MASH研究-v1
02-课题-MASH研究-v1/docking/outputs/np_THRB_3GWS_Salvia_miltiorrhiza_Tanshindiol_B_out.pdbqt,MASH研究v1·分子对接相关,王启龙（前期工作区）,02-课题-MASH研究-v1
02-课题-MASH研究-v1/docking/outputs/np_THRB_3GWS_Salvia_miltiorrhiza_Tanshindiol_C_out.pdbqt,MASH研究v1·分子对接相关,王启龙（前期工作区）,02-课题-MASH研究-v1
02-课题-MASH研究-v1/docking/outputs/np_THRB_3GWS_Salvia_miltiorrhiza_Tanshinone_IIA_out.pdbqt,MASH研究v1·分子对接相关,王启龙（前期工作区）,02-课题-MASH研究-v1
02-课题-MASH研究-v1/docking/outputs/np_THRB_3GWS_Salvia_miltiorrhiza_Tanshinone_IIB_out.pdbqt,MASH研究v1·分子对接相关,王启龙（前期工作区）,02-课题-MASH研究-v1
02-课题-MASH研究-v1/docking/outputs/np_THRB_3GWS_Salvia_miltiorrhiza_Tanshinone_I_out.pdbqt,MASH研究v1·分子对接相关,王启龙（前期工作区）,02-课题-MASH研究-v1
02-课题-MASH研究-v1/docking/outputs/np_THRB_3GWS_Schisandra_chinensis_Chamigrenal_out.pdbqt,MASH研究v1·分子对接相关,王启龙（前期工作区）,02-课题-MASH研究-v1
02-课题-MASH研究-v1/docking/outputs/np_THRB_3GWS_Schisandra_chinensis_Gomisin_H_out.pdbqt,MASH研究v1·分子对接相关,王启龙（前期工作区）,02-课题-MASH研究-v1
02-课题-MASH研究-v1/docking/outputs/np_THRB_3GWS_Schisandra_chinensis_Gomisin_J_out.pdbqt,MASH研究v1·分子对接相关,王启龙（前期工作区）,02-课题-MASH研究-v1
02-课题-MASH研究-v1/docking/outputs/np_THRB_3GWS_Schisandra_chinensis_Gomisin_K1_out.pdbqt,MASH研究v1·分子对接相关,王启龙（前期工作区）,02-课题-MASH研究-v1
02-课题-MASH研究-v1/docking/outputs/np_THRB_3GWS_Schisandra_chinensis_Gomisin_K3_out.pdbqt,MASH研究v1·分子对接相关,王启龙（前期工作区）,02-课题-MASH研究-v1
02-课题-MASH研究-v1/docking/outputs/np_THRB_3GWS_Schisandra_chinensis_Gomisin_L1_out.pdbqt,MASH研究v1·分子对接相关,王启龙（前期工作区）,02-课题-MASH研究-v1
02-课题-MASH研究-v1/docking/outputs/np_THRB_3GWS_Schisandra_chinensis_Gomisin_L2_out.pdbqt,MASH研究v1·分子对接相关,王启龙（前期工作区）,02-课题-MASH研究-v1
02-课题-MASH研究-v1/docking/outputs/np_THRB_3GWS_Schisandra_chinensis_Gomisin_M1_out.pdbqt,MASH研究v1·分子对接相关,王启龙（前期工作区）,02-课题-MASH研究-v1
02-课题-MASH研究-v1/docking/outputs/np_THRB_3GWS_Schisandra_chinensis_Gomisin_M2_out.pdbqt,MASH研究v1·分子对接相关,王启龙（前期工作区）,02-课题-MASH研究-v1
02-课题-MASH研究-v1/docking/outputs/np_THRB_3GWS_Schisandra_chinensis_Gomisin_N_out.pdbqt,MASH研究v1·分子对接相关,王启龙（前期工作区）,02-课题-MASH研究-v1
02-课题-MASH研究-v1/docking/outputs/np_THRB_3GWS_Schisandra_chinensis_Gomisin_O_out.pdbqt,MASH研究v1·分子对接相关,王启龙（前期工作区）,02-课题-MASH研究-v1
02-课题-MASH研究-v1/docking/outputs/np_THRB_3GWS_Schisandra_chinensis_Pregomisin_out.pdbqt,MASH研究v1·分子对接相关,王启龙（前期工作区）,02-课题-MASH研究-v1
02-课题-MASH研究-v1/docking/outputs/np_THRB_3GWS_Schisandra_chinensis_Schisandrin_A_out.pdbqt,MASH研究v1·分子对接相关,王启龙（前期工作区）,02-课题-MASH研究-v1
02-课题-MASH研究-v1/docking/outputs/np_THRB_3GWS_Schisandra_chinensis_Schisandrin_B_out.pdbqt,MASH研究v1·分子对接相关,王启龙（前期工作区）,02-课题-MASH研究-v1
02-课题-MASH研究-v1/docking/outputs/np_THRB_3GWS_Schisandra_chinensis_Schisandrin_C_out.pdbqt,MASH研究v1·分子对接相关,王启龙（前期工作区）,02-课题-MASH研究-v1
02-课题-MASH研究-v1/docking/outputs/np_THRB_3GWS_Schisandra_chinensis_Schisandrol_A_out.pdbqt,MASH研究v1·分子对接相关,王启龙（前期工作区）,02-课题-MASH研究-v1
02-课题-MASH研究-v1/docking/outputs/np_THRB_3GWS_Schisandra_chinensis_Schisandrol_B_out.pdbqt,MASH研究v1·分子对接相关,王启龙（前期工作区）,02-课题-MASH研究-v1
02-课题-MASH研究-v1/docking/outputs/np_THRB_3GWS_Schisandra_chinensis_Schisanhenol_out.pdbqt,MASH研究v1·分子对接相关,王启龙（前期工作区）,02-课题-MASH研究-v1
02-课题-MASH研究-v1/docking/outputs/np_THRB_3GWS_Silybum_marianum_2_3_Dehydrosilybin_out.pdbqt,MASH研究v1·分子对接相关,王启龙（前期工作区）,02-课题-MASH研究-v1
02-课题-MASH研究-v1/docking/outputs/np_THRB_3GWS_Silybum_marianum_Isosilybin_A_out.pdbqt,MASH研究v1·分子对接相关,王启龙（前期工作区）,02-课题-MASH研究-v1
02-课题-MASH研究-v1/docking/outputs/np_THRB_3GWS_Silybum_marianum_Isosilybin_B_out.pdbqt,MASH研究v1·分子对接相关,王启龙（前期工作区）,02-课题-MASH研究-v1
02-课题-MASH研究-v1/docking/outputs/np_THRB_3GWS_Silybum_marianum_Neosilyhermin_A_out.pdbqt,MASH研究v1·分子对接相关,王启龙（前期工作区）,02-课题-MASH研究-v1
02-课题-MASH研究-v1/docking/outputs/np_THRB_3GWS_Silybum_marianum_Neosilyhermin_B_out.pdbqt,MASH研究v1·分子对接相关,王启龙（前期工作区）,02-课题-MASH研究-v1
02-课题-MASH研究-v1/docking/outputs/np_THRB_3GWS_Silybum_marianum_Silandrin_out.pdbqt,MASH研究v1·分子对接相关,王启龙（前期工作区）,02-课题-MASH研究-v1
02-课题-MASH研究-v1/docking/outputs/np_THRB_3GWS_Silybum_marianum_Silybin_A_out.pdbqt,MASH研究v1·分子对接相关,王启龙（前期工作区）,02-课题-MASH研究-v1
02-课题-MASH研究-v1/docking/outputs/np_THRB_3GWS_Silybum_marianum_Silybin_B_out.pdbqt,MASH研究v1·分子对接相关,王启龙（前期工作区）,02-课题-MASH研究-v1
02-课题-MASH研究-v1/docking/outputs/np_THRB_3GWS_Silybum_marianum_Silydianin_out.pdbqt,MASH研究v1·分子对接相关,王启龙（前期工作区）,02-课题-MASH研究-v1
02-课题-MASH研究-v1/docking/outputs/np_THRB_3GWS_Silybum_marianum_Silyhermin_out.pdbqt,MASH研究v1·分子对接相关,王启龙（前期工作区）,02-课题-MASH研究-v1
02-课题-MASH研究-v1/docking/outputs/np_THRB_3GWS_Silybum_marianum_Silymonin_out.pdbqt,MASH研究v1·分子对接相关,王启龙（前期工作区）,02-课题-MASH研究-v1
02-课题-MASH研究-v1/docking/outputs/np_THRB_3GWS_Sophora_flavescens_Aloperine_out.pdbqt,MASH研究v1·分子对接相关,王启龙（前期工作区）,02-课题-MASH研究-v1
02-课题-MASH研究-v1/docking/outputs/np_THRB_3GWS_Sophora_flavescens_Anagyrine_out.pdbqt,MASH研究v1·分子对接相关,王启龙（前期工作区）,02-课题-MASH研究-v1
02-课题-MASH研究-v1/docking/outputs/np_THRB_3GWS_Sophora_flavescens_Baptifoline_out.pdbqt,MASH研究v1·分子对接相关,王启龙（前期工作区）,02-课题-MASH研究-v1
02-课题-MASH研究-v1/docking/outputs/np_THRB_3GWS_Sophora_flavescens_Formononetin_out.pdbqt,MASH研究v1·分子对接相关,王启龙（前期工作区）,02-课题-MASH研究-v1
02-课题-MASH研究-v1/docking/outputs/np_THRB_3GWS_Sophora_flavescens_Kurarinol_out.pdbqt,MASH研究v1·分子对接相关,王启龙（前期工作区）,02-课题-MASH研究-v1
02-课题-MASH研究-v1/docking/outputs/np_THRB_3GWS_Sophora_flavescens_Kushenol_C_out.pdbqt,MASH研究v1·分子对接相关,王启龙（前期工作区）,02-课题-MASH研究-v1
02-课题-MASH研究-v1/docking/outputs/np_THRB_3GWS_Sophora_flavescens_Kushenol_E_out.pdbqt,MASH研究v1·分子对接相关,王启龙（前期工作区）,02-课题-MASH研究-v1
02-课题-MASH研究-v1/docking/outputs/np_THRB_3GWS_Sophora_flavescens_Kushenol_H_out.pdbqt,MASH研究v1·分子对接相关,王启龙（前期工作区）,02-课题-MASH研究-v1
02-课题-MASH研究-v1/docking/outputs/np_THRB_3GWS_Sophora_flavescens_Kushenol_I_out.pdbqt,MASH研究v1·分子对接相关,王启龙（前期工作区）,02-课题-MASH研究-v1
02-课题-MASH研究-v1/docking/outputs/np_THRB_3GWS_Sophora_flavescens_Maackiain_out.pdbqt,MASH研究v1·分子对接相关,王启龙（前期工作区）,02-课题-MASH研究-v1
02-课题-MASH研究-v1/docking/outputs/np_THRB_3GWS_Sophora_flavescens_Matrine_out.pdbqt,MASH研究v1·分子对接相关,王启龙（前期工作区）,02-课题-MASH研究-v1
02-课题-MASH研究-v1/docking/outputs/np_THRB_3GWS_Sophora_flavescens_N_Methylcytisine_out.pdbqt,MASH研究v1·分子对接相关,王启龙（前期工作区）,02-课题-MASH研究-v1
02-课题-MASH研究-v1/docking/outputs/np_THRB_3GWS_Sophora_flavescens_Oxymatrine_out.pdbqt,MASH研究v1·分子对接相关,王启龙（前期工作区）,02-课题-MASH研究-v1
02-课题-MASH研究-v1/docking/outputs/np_THRB_3GWS_Sophora_flavescens_Oxysophocarpine_out.pdbqt,MASH研究v1·分子对接相关,王启龙（前期工作区）,02-课题-MASH研究-v1
02-课题-MASH研究-v1/docking/outputs/np_THRB_3GWS_Sophora_flavescens_Sophocarpine_out.pdbqt,MASH研究v1·分子对接相关,王启龙（前期工作区）,02-课题-MASH研究-v1
02-课题-MASH研究-v1/docking/outputs/np_THRB_3GWS_Sophora_flavescens_Sophoraflavanone_G_out.pdbqt,MASH研究v1·分子对接相关,王启龙（前期工作区）,02-课题-MASH研究-v1
02-课题-MASH研究-v1/docking/outputs/np_THRB_3GWS_Sophora_flavescens_Sophoramine_out.pdbqt,MASH研究v1·分子对接相关,王启龙（前期工作区）,02-课题-MASH研究-v1
02-课题-MASH研究-v1/docking/outputs/np_THRB_3GWS_Sophora_flavescens_Sophoridine_out.pdbqt,MASH研究v1·分子对接相关,王启龙（前期工作区）,02-课题-MASH研究-v1
02-课题-MASH研究-v1/docking/outputs/np_THRB_3GWS_Tripterygium_wilfordii_Tripterifordin_out.pdbqt,MASH研究v1·分子对接相关,王启龙（前期工作区）,02-课题-MASH研究-v1
02-课题-MASH研究-v1/docking/outputs/np_THRB_3GWS_Tripterygium_wilfordii_Triptophenolide_out.pdbqt,MASH研究v1·分子对接相关,王启龙（前期工作区）,02-课题-MASH研究-v1
02-课题-MASH研究-v1/docking/outputs/obs_ACC_Ampelopsis_grossedentata_dihydrokaempferol_out.pdbqt,MASH研究v1·分子对接相关,王启龙（前期工作区）,02-课题-MASH研究-v1
02-课题-MASH研究-v1/docking/outputs/obs_ACC_Ampelopsis_grossedentata_dihydroquercetin_out.pdbqt,MASH研究v1·分子对接相关,王启龙（前期工作区）,02-课题-MASH研究-v1
02-课题-MASH研究-v1/docking/outputs/obs_ACC_Antrodia_cinnamomea_antcin_A_out.pdbqt,MASH研究v1·分子对接相关,王启龙（前期工作区）,02-课题-MASH研究-v1
02-课题-MASH研究-v1/docking/outputs/obs_ACC_Antrodia_cinnamomea_antcin_B_out.pdbqt,MASH研究v1·分子对接相关,王启龙（前期工作区）,02-课题-MASH研究-v1
02-课题-MASH研究-v1/docking/outputs/obs_ACC_Antrodia_cinnamomea_antrodin_A_out.pdbqt,MASH研究v1·分子对接相关,王启龙（前期工作区）,02-课题-MASH研究-v1
02-课题-MASH研究-v1/docking/outputs/obs_ACC_Antrodia_cinnamomea_dehydroeburicoic_acid_out.pdbqt,MASH研究v1·分子对接相关,王启龙（前期工作区）,02-课题-MASH研究-v1
02-课题-MASH研究-v1/docking/outputs/obs_ACC_Antrodia_cinnamomea_eburicoic_acid_out.pdbqt,MASH研究v1·分子对接相关,王启龙（前期工作区）,02-课题-MASH研究-v1
02-课题-MASH研究-v1/docking/outputs/obs_ACC_Antrodia_cinnamomea_zhankuic_acid_A_out.pdbqt,MASH研究v1·分子对接相关,王启龙（前期工作区）,02-课题-MASH研究-v1
02-课题-MASH研究-v1/docking/outputs/obs_ACC_Centella_asiatica_madecassic_acid_out.pdbqt,MASH研究v1·分子对接相关,王启龙（前期工作区）,02-课题-MASH研究-v1
02-课题-MASH研究-v1/docking/outputs/obs_ACC_Centella_asiatica_terminolic_acid_out.pdbqt,MASH研究v1·分子对接相关,王启龙（前期工作区）,02-课题-MASH研究-v1
02-课题-MASH研究-v1/docking/outputs/obs_ACC_Ilex_kudingcha_ilexgenin_A_out.pdbqt,MASH研究v1·分子对接相关,王启龙（前期工作区）,02-课题-MASH研究-v1
02-课题-MASH研究-v1/docking/outputs/obs_ACC_Ilex_kudingcha_ilexolic_acid_A_out.pdbqt,MASH研究v1·分子对接相关,王启龙（前期工作区）,02-课题-MASH研究-v1
02-课题-MASH研究-v1/docking/outputs/obs_ACC_Ilex_kudingcha_ursolic_acid_out.pdbqt,MASH研究v1·分子对接相关,王启龙（前期工作区）,02-课题-MASH研究-v1
02-课题-MASH研究-v1/docking/outputs/obs_ACC_Inonotus_obliquus_3beta_hydroxylanosta_8_24_dien_21_al_out.pdbqt,MASH研究v1·分子对接相关,王启龙（前期工作区）,02-课题-MASH研究-v1
02-课题-MASH研究-v1/docking/outputs/obs_ACC_Inonotus_obliquus_betulin_out.pdbqt,MASH研究v1·分子对接相关,王启龙（前期工作区）,02-课题-MASH研究-v1
02-课题-MASH研究-v1/docking/outputs/obs_ACC_Inonotus_obliquus_betulinic_acid_out.pdbqt,MASH研究v1·分子对接相关,王启龙（前期工作区）,02-课题-MASH研究-v1
02-课题-MASH研究-v1/docking/outputs/obs_ACC_Inonotus_obliquus_inotodiol_out.pdbqt,MASH研究v1·分子对接相关,王启龙（前期工作区）,02-课题-MASH研究-v1
02-课题-MASH研究-v1/docking/outputs/obs_ACC_Inonotus_obliquus_trametenolic_acid_out.pdbqt,MASH研究v1·分子对接相关,王启龙（前期工作区）,02-课题-MASH研究-v1
02-课题-MASH研究-v1/docking/outputs/obs_ACC_Phyllanthus_niruri_hypophyllanthin_out.pdbqt,MASH研究v1·分子对接相关,王启龙（前期工作区）,02-课题-MASH研究-v1
02-课题-MASH研究-v1/docking/outputs/obs_ACC_Phyllanthus_niruri_lintetralin_out.pdbqt,MASH研究v1·分子对接相关,王启龙（前期工作区）,02-课题-MASH研究-v1
02-课题-MASH研究-v1/docking/outputs/obs_ACC_Phyllanthus_niruri_niranthin_out.pdbqt,MASH研究v1·分子对接相关,王启龙（前期工作区）,02-课题-MASH研究-v1
02-课题-MASH研究-v1/docking/outputs/obs_ACC_Phyllanthus_niruri_nirtetralin_out.pdbqt,MASH研究v1·分子对接相关,王启龙（前期工作区）,02-课题-MASH研究-v1
02-课题-MASH研究-v1/docking/outputs/obs_ACC_Phyllanthus_niruri_norsecurinine_out.pdbqt,MASH研究v1·分子对接相关,王启龙（前期工作区）,02-课题-MASH研究-v1
02-课题-MASH研究-v1/docking/outputs/obs_ACC_Phyllanthus_niruri_phyllanthin_out.pdbqt,MASH研究v1·分子对接相关,王启龙（前期工作区）,02-课题-MASH研究-v1
02-课题-MASH研究-v1/docking/outputs/obs_ACC_Phyllanthus_niruri_phyltetralin_out.pdbqt,MASH研究v1·分子对接相关,王启龙（前期工作区）,02-课题-MASH研究-v1
02-课题-MASH研究-v1/docking/outputs/obs_ACC_Swertia_spp_decussatin_out.pdbqt,MASH研究v1·分子对接相关,王启龙（前期工作区）,02-课题-MASH研究-v1
02-课题-MASH研究-v1/docking/outputs/obs_ACC_Swertia_spp_gentiopicroside_out.pdbqt,MASH研究v1·分子对接相关,王启龙（前期工作区）,02-课题-MASH研究-v1
02-课题-MASH研究-v1/docking/outputs/obs_ACC_Swertia_spp_sweroside_out.pdbqt,MASH研究v1·分子对接相关,王启龙（前期工作区）,02-课题-MASH研究-v1
02-课题-MASH研究-v1/docking/outputs/obs_ACC_Swertia_spp_swertiamarin_out.pdbqt,MASH研究v1·分子对接相关,王启龙（前期工作区）,02-课题-MASH研究-v1
02-课题-MASH研究-v1/docking/outputs/obs_THRB_Ampelopsis_grossedentata_dihydrokaempferol_out.pdbqt,MASH研究v1·分子对接相关,王启龙（前期工作区）,02-课题-MASH研究-v1
02-课题-MASH研究-v1/docking/outputs/obs_THRB_Ampelopsis_grossedentata_dihydroquercetin_out.pdbqt,MASH研究v1·分子对接相关,王启龙（前期工作区）,02-课题-MASH研究-v1
02-课题-MASH研究-v1/docking/outputs/obs_THRB_Antrodia_cinnamomea_antcin_A_out.pdbqt,MASH研究v1·分子对接相关,王启龙（前期工作区）,02-课题-MASH研究-v1
02-课题-MASH研究-v1/docking/outputs/obs_THRB_Antrodia_cinnamomea_antcin_B_out.pdbqt,MASH研究v1·分子对接相关,王启龙（前期工作区）,02-课题-MASH研究-v1
02-课题-MASH研究-v1/docking/outputs/obs_THRB_Antrodia_cinnamomea_antrodin_A_out.pdbqt,MASH研究v1·分子对接相关,王启龙（前期工作区）,02-课题-MASH研究-v1
02-课题-MASH研究-v1/docking/outputs/obs_THRB_Antrodia_cinnamomea_dehydroeburicoic_acid_out.pdbqt,MASH研究v1·分子对接相关,王启龙（前期工作区）,02-课题-MASH研究-v1
02-课题-MASH研究-v1/docking/outputs/obs_THRB_Antrodia_cinnamomea_eburicoic_acid_out.pdbqt,MASH研究v1·分子对接相关,王启龙（前期工作区）,02-课题-MASH研究-v1
02-课题-MASH研究-v1/docking/outputs/obs_THRB_Antrodia_cinnamomea_zhankuic_acid_A_out.pdbqt,MASH研究v1·分子对接相关,王启龙（前期工作区）,02-课题-MASH研究-v1
02-课题-MASH研究-v1/docking/outputs/obs_THRB_Centella_asiatica_madecassic_acid_out.pdbqt,MASH研究v1·分子对接相关,王启龙（前期工作区）,02-课题-MASH研究-v1
02-课题-MASH研究-v1/docking/outputs/obs_THRB_Centella_asiatica_terminolic_acid_out.pdbqt,MASH研究v1·分子对接相关,王启龙（前期工作区）,02-课题-MASH研究-v1
02-课题-MASH研究-v1/docking/outputs/obs_THRB_Ilex_kudingcha_ilexgenin_A_out.pdbqt,MASH研究v1·分子对接相关,王启龙（前期工作区）,02-课题-MASH研究-v1
02-课题-MASH研究-v1/docking/outputs/obs_THRB_Ilex_kudingcha_ilexolic_acid_A_out.pdbqt,MASH研究v1·分子对接相关,王启龙（前期工作区）,02-课题-MASH研究-v1
02-课题-MASH研究-v1/docking/outputs/obs_THRB_Ilex_kudingcha_ursolic_acid_out.pdbqt,MASH研究v1·分子对接相关,王启龙（前期工作区）,02-课题-MASH研究-v1
02-课题-MASH研究-v1/docking/outputs/obs_THRB_Inonotus_obliquus_3beta_hydroxylanosta_8_24_dien_21_al_out.pdbqt,MASH研究v1·分子对接相关,王启龙（前期工作区）,02-课题-MASH研究-v1
02-课题-MASH研究-v1/docking/outputs/obs_THRB_Inonotus_obliquus_betulin_out.pdbqt,MASH研究v1·分子对接相关,王启龙（前期工作区）,02-课题-MASH研究-v1
02-课题-MASH研究-v1/docking/outputs/obs_THRB_Inonotus_obliquus_betulinic_acid_out.pdbqt,MASH研究v1·分子对接相关,王启龙（前期工作区）,02-课题-MASH研究-v1
02-课题-MASH研究-v1/docking/outputs/obs_THRB_Inonotus_obliquus_inotodiol_out.pdbqt,MASH研究v1·分子对接相关,王启龙（前期工作区）,02-课题-MASH研究-v1
02-课题-MASH研究-v1/docking/outputs/obs_THRB_Inonotus_obliquus_trametenolic_acid_out.pdbqt,MASH研究v1·分子对接相关,王启龙（前期工作区）,02-课题-MASH研究-v1
02-课题-MASH研究-v1/docking/outputs/obs_THRB_Phyllanthus_niruri_hypophyllanthin_out.pdbqt,MASH研究v1·分子对接相关,王启龙（前期工作区）,02-课题-MASH研究-v1
02-课题-MASH研究-v1/docking/outputs/obs_THRB_Phyllanthus_niruri_lintetralin_out.pdbqt,MASH研究v1·分子对接相关,王启龙（前期工作区）,02-课题-MASH研究-v1
02-课题-MASH研究-v1/docking/outputs/obs_THRB_Phyllanthus_niruri_niranthin_out.pdbqt,MASH研究v1·分子对接相关,王启龙（前期工作区）,02-课题-MASH研究-v1
02-课题-MASH研究-v1/docking/outputs/obs_THRB_Phyllanthus_niruri_nirtetralin_out.pdbqt,MASH研究v1·分子对接相关,王启龙（前期工作区）,02-课题-MASH研究-v1
02-课题-MASH研究-v1/docking/outputs/obs_THRB_Phyllanthus_niruri_norsecurinine_out.pdbqt,MASH研究v1·分子对接相关,王启龙（前期工作区）,02-课题-MASH研究-v1
02-课题-MASH研究-v1/docking/outputs/obs_THRB_Phyllanthus_niruri_phyllanthin_out.pdbqt,MASH研究v1·分子对接相关,王启龙（前期工作区）,02-课题-MASH研究-v1
02-课题-MASH研究-v1/docking/outputs/obs_THRB_Phyllanthus_niruri_phyltetralin_out.pdbqt,MASH研究v1·分子对接相关,王启龙（前期工作区）,02-课题-MASH研究-v1
02-课题-MASH研究-v1/docking/outputs/obs_THRB_Swertia_spp_decussatin_out.pdbqt,MASH研究v1·分子对接相关,王启龙（前期工作区）,02-课题-MASH研究-v1
02-课题-MASH研究-v1/docking/outputs/obs_THRB_Swertia_spp_gentiopicroside_out.pdbqt,MASH研究v1·分子对接相关,王启龙（前期工作区）,02-课题-MASH研究-v1
02-课题-MASH研究-v1/docking/outputs/obs_THRB_Swertia_spp_sweroside_out.pdbqt,MASH研究v1·分子对接相关,王启龙（前期工作区）,02-课题-MASH研究-v1
02-课题-MASH研究-v1/docking/outputs/obs_THRB_Swertia_spp_swertiamarin_out.pdbqt,MASH研究v1·分子对接相关,王启龙（前期工作区）,02-课题-MASH研究-v1
02-课题-MASH研究-v1/docking/outputs/tcmfinal0_ACC2_5KKN.pdbqt,MASH研究v1·分子对接相关,王启龙（前期工作区）,02-课题-MASH研究-v1
02-课题-MASH研究-v1/docking/outputs/tcmfinal0_FXR_3FLI.pdbqt,MASH研究v1·分子对接相关,王启龙（前期工作区）,02-课题-MASH研究-v1
02-课题-MASH研究-v1/docking/outputs/tcmfinal1_ACC2_5KKN.pdbqt,MASH研究v1·分子对接相关,王启龙（前期工作区）,02-课题-MASH研究-v1
02-课题-MASH研究-v1/docking/outputs/tcmfinal1_FXR_3FLI.pdbqt,MASH研究v1·分子对接相关,王启龙（前期工作区）,02-课题-MASH研究-v1
02-课题-MASH研究-v1/docking/outputs/tcmfinal2_ACC2_5KKN.pdbqt,MASH研究v1·分子对接相关,王启龙（前期工作区）,02-课题-MASH研究-v1
02-课题-MASH研究-v1/docking/outputs/tcmfinal2_FXR_3FLI.pdbqt,MASH研究v1·分子对接相关,王启龙（前期工作区）,02-课题-MASH研究-v1
02-课题-MASH研究-v1/docking/outputs/tcmfinal3_ACC2_5KKN.pdbqt,MASH研究v1·分子对接相关,王启龙（前期工作区）,02-课题-MASH研究-v1
02-课题-MASH研究-v1/docking/outputs/tcmfinal3_FXR_3FLI.pdbqt,MASH研究v1·分子对接相关,王启龙（前期工作区）,02-课题-MASH研究-v1
02-课题-MASH研究-v1/docking/outputs/tcmfinal4_ACC2_5KKN.pdbqt,MASH研究v1·分子对接相关,王启龙（前期工作区）,02-课题-MASH研究-v1
02-课题-MASH研究-v1/docking/outputs/tcmfinal4_FXR_3FLI.pdbqt,MASH研究v1·分子对接相关,王启龙（前期工作区）,02-课题-MASH研究-v1
02-课题-MASH研究-v1/docking/outputs/tcmfinal5_ACC2_5KKN.pdbqt,MASH研究v1·分子对接相关,王启龙（前期工作区）,02-课题-MASH研究-v1
02-课题-MASH研究-v1/docking/outputs/tcmfinal5_FXR_3FLI.pdbqt,MASH研究v1·分子对接相关,王启龙（前期工作区）,02-课题-MASH研究-v1
02-课题-MASH研究-v1/docking/outputs/tcmfinal6_ACC2_5KKN.pdbqt,MASH研究v1·分子对接相关,王启龙（前期工作区）,02-课题-MASH研究-v1
02-课题-MASH研究-v1/docking/outputs/tcmfinal6_FXR_3FLI.pdbqt,MASH研究v1·分子对接相关,王启龙（前期工作区）,02-课题-MASH研究-v1
02-课题-MASH研究-v1/docking/outputs/tcmfinal7_ACC2_5KKN.pdbqt,MASH研究v1·分子对接相关,王启龙（前期工作区）,02-课题-MASH研究-v1
02-课题-MASH研究-v1/docking/outputs/tcmfinal7_FXR_3FLI.pdbqt,MASH研究v1·分子对接相关,王启龙（前期工作区）,02-课题-MASH研究-v1
02-课题-MASH研究-v1/docking/outputs/top_FXR1OSH_Coptis_chinensis_8_Oxocoptisine_out.pdbqt,MASH研究v1·分子对接相关,王启龙（前期工作区）,02-课题-MASH研究-v1
02-课题-MASH研究-v1/docking/outputs/top_FXR1OSH_Coptis_chinensis_Berberine_out.pdbqt,MASH研究v1·分子对接相关,王启龙（前期工作区）,02-课题-MASH研究-v1
02-课题-MASH研究-v1/docking/outputs/top_FXR1OSH_Coptis_chinensis_Berberrubine_out.pdbqt,MASH研究v1·分子对接相关,王启龙（前期工作区）,02-课题-MASH研究-v1
02-课题-MASH研究-v1/docking/outputs/top_FXR1OSH_Coptis_chinensis_Coptisine_out.pdbqt,MASH研究v1·分子对接相关,王启龙（前期工作区）,02-课题-MASH研究-v1
02-课题-MASH研究-v1/docking/outputs/top_FXR1OSH_Coptis_chinensis_Epiberberine_out.pdbqt,MASH研究v1·分子对接相关,王启龙（前期工作区）,02-课题-MASH研究-v1
02-课题-MASH研究-v1/docking/outputs/top_FXR1OSH_Coptis_chinensis_Groenlandicine_out.pdbqt,MASH研究v1·分子对接相关,王启龙（前期工作区）,02-课题-MASH研究-v1
02-课题-MASH研究-v1/docking/outputs/top_FXR1OSH_Coptis_chinensis_Jatrorrhizine_out.pdbqt,MASH研究v1·分子对接相关,王启龙（前期工作区）,02-课题-MASH研究-v1
02-课题-MASH研究-v1/docking/outputs/top_FXR1OSH_Coptis_chinensis_Stylopine_out.pdbqt,MASH研究v1·分子对接相关,王启龙（前期工作区）,02-课题-MASH研究-v1
02-课题-MASH研究-v1/docking/outputs/top_FXR1OSH_Coptis_chinensis_Worenine_out.pdbqt,MASH研究v1·分子对接相关,王启龙（前期工作区）,02-课题-MASH研究-v1
02-课题-MASH研究-v1/docking/outputs/top_FXR1OSH_Sophora_flavescens_Maackiain_out.pdbqt,MASH研究v1·分子对接相关,王启龙（前期工作区）,02-课题-MASH研究-v1
02-课题-MASH研究-v1/docking/outputs/top_FXR3FLI_Coptis_chinensis_8_Oxocoptisine_out.pdbqt,MASH研究v1·分子对接相关,王启龙（前期工作区）,02-课题-MASH研究-v1
02-课题-MASH研究-v1/docking/outputs/top_FXR3FLI_Coptis_chinensis_Berberine_out.pdbqt,MASH研究v1·分子对接相关,王启龙（前期工作区）,02-课题-MASH研究-v1
02-课题-MASH研究-v1/docking/outputs/top_FXR3FLI_Coptis_chinensis_Berberrubine_out.pdbqt,MASH研究v1·分子对接相关,王启龙（前期工作区）,02-课题-MASH研究-v1
02-课题-MASH研究-v1/docking/outputs/top_FXR3FLI_Coptis_chinensis_Coptisine_out.pdbqt,MASH研究v1·分子对接相关,王启龙（前期工作区）,02-课题-MASH研究-v1
02-课题-MASH研究-v1/docking/outputs/top_FXR3FLI_Coptis_chinensis_Epiberberine_out.pdbqt,MASH研究v1·分子对接相关,王启龙（前期工作区）,02-课题-MASH研究-v1
02-课题-MASH研究-v1/docking/outputs/top_FXR3FLI_Coptis_chinensis_Groenlandicine_out.pdbqt,MASH研究v1·分子对接相关,王启龙（前期工作区）,02-课题-MASH研究-v1
02-课题-MASH研究-v1/docking/outputs/top_FXR3FLI_Coptis_chinensis_Jatrorrhizine_out.pdbqt,MASH研究v1·分子对接相关,王启龙（前期工作区）,02-课题-MASH研究-v1
02-课题-MASH研究-v1/docking/outputs/top_FXR3FLI_Coptis_chinensis_Stylopine_out.pdbqt,MASH研究v1·分子对接相关,王启龙（前期工作区）,02-课题-MASH研究-v1
02-课题-MASH研究-v1/docking/outputs/top_FXR3FLI_Coptis_chinensis_Worenine_out.pdbqt,MASH研究v1·分子对接相关,王启龙（前期工作区）,02-课题-MASH研究-v1
02-课题-MASH研究-v1/docking/outputs/top_FXR3FLI_Sophora_flavescens_Maackiain_out.pdbqt,MASH研究v1·分子对接相关,王启龙（前期工作区）,02-课题-MASH研究-v1
02-课题-MASH研究-v1/docking/outputs/v2hit02_ACC2_5KKN.pdbqt,MASH研究v1·分子对接相关,王启龙（前期工作区）,02-课题-MASH研究-v1
02-课题-MASH研究-v1/docking/outputs/v2hit02_FXR_3FLI.pdbqt,MASH研究v1·分子对接相关,王启龙（前期工作区）,02-课题-MASH研究-v1
02-课题-MASH研究-v1/docking/outputs/v2hit02_THRB_3GWS.pdbqt,MASH研究v1·分子对接相关,王启龙（前期工作区）,02-课题-MASH研究-v1
02-课题-MASH研究-v1/docking/outputs/v2hit03_ACC2_5KKN.pdbqt,MASH研究v1·分子对接相关,王启龙（前期工作区）,02-课题-MASH研究-v1
02-课题-MASH研究-v1/docking/outputs/v2hit03_FXR_3FLI.pdbqt,MASH研究v1·分子对接相关,王启龙（前期工作区）,02-课题-MASH研究-v1
02-课题-MASH研究-v1/docking/outputs/v2hit03_THRB_3GWS.pdbqt,MASH研究v1·分子对接相关,王启龙（前期工作区）,02-课题-MASH研究-v1
02-课题-MASH研究-v1/docking/outputs/v2hit04_ACC2_5KKN.pdbqt,MASH研究v1·分子对接相关,王启龙（前期工作区）,02-课题-MASH研究-v1
02-课题-MASH研究-v1/docking/outputs/v2hit04_FXR_3FLI.pdbqt,MASH研究v1·分子对接相关,王启龙（前期工作区）,02-课题-MASH研究-v1
02-课题-MASH研究-v1/docking/outputs/v2hit04_THRB_3GWS.pdbqt,MASH研究v1·分子对接相关,王启龙（前期工作区）,02-课题-MASH研究-v1
02-课题-MASH研究-v1/docking/outputs/v2hit05_ACC2_5KKN.pdbqt,MASH研究v1·分子对接相关,王启龙（前期工作区）,02-课题-MASH研究-v1
02-课题-MASH研究-v1/docking/outputs/v2hit05_FXR_3FLI.pdbqt,MASH研究v1·分子对接相关,王启龙（前期工作区）,02-课题-MASH研究-v1
02-课题-MASH研究-v1/docking/outputs/v2hit05_THRB_3GWS.pdbqt,MASH研究v1·分子对接相关,王启龙（前期工作区）,02-课题-MASH研究-v1
02-课题-MASH研究-v1/docking/outputs/v2hit06_ACC2_5KKN.pdbqt,MASH研究v1·分子对接相关,王启龙（前期工作区）,02-课题-MASH研究-v1
02-课题-MASH研究-v1/docking/outputs/v2hit06_FXR_3FLI.pdbqt,MASH研究v1·分子对接相关,王启龙（前期工作区）,02-课题-MASH研究-v1
02-课题-MASH研究-v1/docking/outputs/v2hit06_THRB_3GWS.pdbqt,MASH研究v1·分子对接相关,王启龙（前期工作区）,02-课题-MASH研究-v1
02-课题-MASH研究-v1/docking/outputs/v2hit07_ACC2_5KKN.pdbqt,MASH研究v1·分子对接相关,王启龙（前期工作区）,02-课题-MASH研究-v1
02-课题-MASH研究-v1/docking/outputs/v2hit07_FXR_3FLI.pdbqt,MASH研究v1·分子对接相关,王启龙（前期工作区）,02-课题-MASH研究-v1
02-课题-MASH研究-v1/docking/outputs/v2hit07_THRB_3GWS.pdbqt,MASH研究v1·分子对接相关,王启龙（前期工作区）,02-课题-MASH研究-v1
02-课题-MASH研究-v1/docking/outputs/v2hit08_ACC2_5KKN.pdbqt,MASH研究v1·分子对接相关,王启龙（前期工作区）,02-课题-MASH研究-v1
02-课题-MASH研究-v1/docking/outputs/v2hit08_FXR_3FLI.pdbqt,MASH研究v1·分子对接相关,王启龙（前期工作区）,02-课题-MASH研究-v1
02-课题-MASH研究-v1/docking/outputs/v2hit08_THRB_3GWS.pdbqt,MASH研究v1·分子对接相关,王启龙（前期工作区）,02-课题-MASH研究-v1
02-课题-MASH研究-v1/docking/outputs/v2hit09_ACC2_5KKN.pdbqt,MASH研究v1·分子对接相关,王启龙（前期工作区）,02-课题-MASH研究-v1
02-课题-MASH研究-v1/docking/outputs/v2hit09_FXR_3FLI.pdbqt,MASH研究v1·分子对接相关,王启龙（前期工作区）,02-课题-MASH研究-v1
02-课题-MASH研究-v1/docking/outputs/v2hit09_THRB_3GWS.pdbqt,MASH研究v1·分子对接相关,王启龙（前期工作区）,02-课题-MASH研究-v1
02-课题-MASH研究-v1/docking/outputs/v2hit10_ACC2_5KKN.pdbqt,MASH研究v1·分子对接相关,王启龙（前期工作区）,02-课题-MASH研究-v1
02-课题-MASH研究-v1/docking/outputs/v2hit10_FXR_3FLI.pdbqt,MASH研究v1·分子对接相关,王启龙（前期工作区）,02-课题-MASH研究-v1
02-课题-MASH研究-v1/docking/outputs/v2hit10_THRB_3GWS.pdbqt,MASH研究v1·分子对接相关,王启龙（前期工作区）,02-课题-MASH研究-v1
02-课题-MASH研究-v1/docking/outputs/v2hit11_ACC2_5KKN.pdbqt,MASH研究v1·分子对接相关,王启龙（前期工作区）,02-课题-MASH研究-v1
02-课题-MASH研究-v1/docking/outputs/v2hit11_FXR_3FLI.pdbqt,MASH研究v1·分子对接相关,王启龙（前期工作区）,02-课题-MASH研究-v1
02-课题-MASH研究-v1/docking/outputs/v2hit11_THRB_3GWS.pdbqt,MASH研究v1·分子对接相关,王启龙（前期工作区）,02-课题-MASH研究-v1
02-课题-MASH研究-v1/docking/outputs/xproof_Alternaramide_ACC2_3GID.pdbqt,MASH研究v1·分子对接相关,王启龙（前期工作区）,02-课题-MASH研究-v1
02-课题-MASH研究-v1/docking/outputs/xproof_Alternaramide_FXR_1OSH.pdbqt,MASH研究v1·分子对接相关,王启龙（前期工作区）,02-课题-MASH研究-v1
02-课题-MASH研究-v1/docking/outputs/xproof_Antrocinnamomin_F_ACC2_3GID.pdbqt,MASH研究v1·分子对接相关,王启龙（前期工作区）,02-课题-MASH研究-v1
02-课题-MASH研究-v1/docking/outputs/xproof_Antrocinnamomin_F_FXR_1OSH.pdbqt,MASH研究v1·分子对接相关,王启龙（前期工作区）,02-课题-MASH研究-v1
02-课题-MASH研究-v1/docking/outputs/xproof_Aspernolide_D_ACC2_3GID.pdbqt,MASH研究v1·分子对接相关,王启龙（前期工作区）,02-课题-MASH研究-v1
02-课题-MASH研究-v1/docking/outputs/xproof_Aspernolide_D_FXR_1OSH.pdbqt,MASH研究v1·分子对接相关,王启龙（前期工作区）,02-课题-MASH研究-v1
02-课题-MASH研究-v1/docking/outputs/xproof_Butyrolactone_VI_ACC2_3GID.pdbqt,MASH研究v1·分子对接相关,王启龙（前期工作区）,02-课题-MASH研究-v1
02-课题-MASH研究-v1/docking/outputs/xproof_Butyrolactone_VI_FXR_1OSH.pdbqt,MASH研究v1·分子对接相关,王启龙（前期工作区）,02-课题-MASH研究-v1
02-课题-MASH研究-v1/docking/receptors/1N46.pdb,MASH研究v1·分子对接相关,王启龙（前期工作区）,02-课题-MASH研究-v1
02-课题-MASH研究-v1/docking/receptors/1OSH.pdb,MASH研究v1·分子对接相关,王启龙（前期工作区）,02-课题-MASH研究-v1
02-课题-MASH研究-v1/docking/receptors/1OSV.pdb,MASH研究v1·分子对接相关,王启龙（前期工作区）,02-课题-MASH研究-v1
02-课题-MASH研究-v1/docking/receptors/33Y_ideal.sdf,MASH研究v1·分子对接相关,王启龙（前期工作区）,02-课题-MASH研究-v1
02-课题-MASH研究-v1/docking/receptors/3FLI.pdb,MASH研究v1·分子对接相关,王启龙（前期工作区）,02-课题-MASH研究-v1
02-课题-MASH研究-v1/docking/receptors/3GID.pdb,MASH研究v1·分子对接相关,王启龙（前期工作区）,02-课题-MASH研究-v1
02-课题-MASH研究-v1/docking/receptors/3GWS.pdb,MASH研究v1·分子对接相关,王启龙（前期工作区）,02-课题-MASH研究-v1
02-课题-MASH研究-v1/docking/receptors/3TDC.pdb,MASH研究v1·分子对接相关,王启龙（前期工作区）,02-课题-MASH研究-v1
02-课题-MASH研究-v1/docking/receptors/5KKN.pdb,MASH研究v1·分子对接相关,王启龙（前期工作区）,02-课题-MASH研究-v1
02-课题-MASH研究-v1/docking/receptors/6U3_ideal.sdf,MASH研究v1·分子对接相关,王启龙（前期工作区）,02-课题-MASH研究-v1
02-课题-MASH研究-v1/docking/receptors/ACC2_3GID.pdbqt,MASH研究v1·分子对接相关,王启龙（前期工作区）,02-课题-MASH研究-v1
02-课题-MASH研究-v1/docking/receptors/ACC2_3GID_S1A_crystal.pdb,MASH研究v1·分子对接相关,王启龙（前期工作区）,02-课题-MASH研究-v1
02-课题-MASH研究-v1/docking/receptors/ACC2_3GID_S1A_crystal.sdf,MASH研究v1·分子对接相关,王启龙（前期工作区）,02-课题-MASH研究-v1
02-课题-MASH研究-v1/docking/receptors/ACC2_3GID_clean.pdb,MASH研究v1·分子对接相关,王启龙（前期工作区）,02-课题-MASH研究-v1
02-课题-MASH研究-v1/docking/receptors/ACC2_5KKN.pdbqt,MASH研究v1·分子对接相关,王启龙（前期工作区）,02-课题-MASH研究-v1
02-课题-MASH研究-v1/docking/receptors/ACC2_5KKN_6U3_crystal.pdb,MASH研究v1·分子对接相关,王启龙（前期工作区）,02-课题-MASH研究-v1
02-课题-MASH研究-v1/docking/receptors/ACC2_5KKN_6U3_crystal.sdf,MASH研究v1·分子对接相关,王启龙（前期工作区）,02-课题-MASH研究-v1
02-课题-MASH研究-v1/docking/receptors/ACC2_5KKN_clean.pdb,MASH研究v1·分子对接相关,王启龙（前期工作区）,02-课题-MASH研究-v1
02-课题-MASH研究-v1/docking/receptors/FEX_ideal.sdf,MASH研究v1·分子对接相关,王启龙（前期工作区）,02-课题-MASH研究-v1
02-课题-MASH研究-v1/docking/receptors/FXR_1OSH.pdbqt,MASH研究v1·分子对接相关,王启龙（前期工作区）,02-课题-MASH研究-v1
02-课题-MASH研究-v1/docking/receptors/FXR_1OSH_FEX_crystal.pdb,MASH研究v1·分子对接相关,王启龙（前期工作区）,02-课题-MASH研究-v1
02-课题-MASH研究-v1/docking/receptors/FXR_1OSH_clean.pdb,MASH研究v1·分子对接相关,王启龙（前期工作区）,02-课题-MASH研究-v1
02-课题-MASH研究-v1/docking/receptors/FXR_3FLI.pdbqt,MASH研究v1·分子对接相关,王启龙（前期工作区）,02-课题-MASH研究-v1
02-课题-MASH研究-v1/docking/receptors/FXR_3FLI_33Y_crystal.pdb,MASH研究v1·分子对接相关,王启龙（前期工作区）,02-课题-MASH研究-v1
02-课题-MASH研究-v1/docking/receptors/FXR_3FLI_33Y_crystal.sdf,MASH研究v1·分子对接相关,王启龙（前期工作区）,02-课题-MASH研究-v1
02-课题-MASH研究-v1/docking/receptors/FXR_3FLI_clean.pdb,MASH研究v1·分子对接相关,王启龙（前期工作区）,02-课题-MASH研究-v1
02-课题-MASH研究-v1/docking/receptors/S1A_ideal.sdf,MASH研究v1·分子对接相关,王启龙（前期工作区）,02-课题-MASH研究-v1
02-课题-MASH研究-v1/docking/receptors/T3_ideal.sdf,MASH研究v1·分子对接相关,王启龙（前期工作区）,02-课题-MASH研究-v1
02-课题-MASH研究-v1/docking/receptors/THRB_3GWS.pdbqt,MASH研究v1·分子对接相关,王启龙（前期工作区）,02-课题-MASH研究-v1
02-课题-MASH研究-v1/docking/receptors/THRB_3GWS_T3_crystal.pdb,MASH研究v1·分子对接相关,王启龙（前期工作区）,02-课题-MASH研究-v1
02-课题-MASH研究-v1/docking/receptors/THRB_3GWS_T3_crystal.sdf,MASH研究v1·分子对接相关,王启龙（前期工作区）,02-课题-MASH研究-v1
02-课题-MASH研究-v1/docking/receptors/THRB_3GWS_clean.pdb,MASH研究v1·分子对接相关,王启龙（前期工作区）,02-课题-MASH研究-v1
02-课题-MASH研究-v1/docking/redock_validation.json,MASH研究v1·分子对接相关,王启龙（前期工作区）,02-课题-MASH研究-v1
02-课题-MASH研究-v1/models/bgnn_ensemble.pt,MASH研究v1·模型文件相关,王启龙（前期工作区）,02-课题-MASH研究-v1
02-课题-MASH研究-v1/models/bgnn_ensemble_scaffold.pt,MASH研究v1·模型文件相关,王启龙（前期工作区）,02-课题-MASH研究-v1
02-课题-MASH研究-v1/models/bgnn_production.pt,MASH研究v1·模型文件相关,王启龙（前期工作区）,02-课题-MASH研究-v1
02-课题-MASH研究-v1/report_build/check_combined.png,MASH研究v1·报告构建相关,王启龙（前期工作区）,02-课题-MASH研究-v1
02-课题-MASH研究-v1/report_build/check_p5.png,MASH研究v1·报告构建相关,王启龙（前期工作区）,02-课题-MASH研究-v1
02-课题-MASH研究-v1/report_build/check_p6.png,MASH研究v1·报告构建相关,王启龙（前期工作区）,02-课题-MASH研究-v1
02-课题-MASH研究-v1/report_build/check_p7.png,MASH研究v1·报告构建相关,王启龙（前期工作区）,02-课题-MASH研究-v1
02-课题-MASH研究-v1/report_build/check_p8.png,MASH研究v1·报告构建相关,王启龙（前期工作区）,02-课题-MASH研究-v1
02-课题-MASH研究-v1/report_build/gen_docx.js,MASH研究v1·报告构建相关,王启龙（前期工作区）,02-课题-MASH研究-v1
02-课题-MASH研究-v1/report_build/gen_final.js,MASH研究v1·报告构建相关,王启龙（前期工作区）,02-课题-MASH研究-v1
02-课题-MASH研究-v1/report_build/gen_midterm.js,MASH研究v1·报告构建相关,王启龙（前期工作区）,02-课题-MASH研究-v1
02-课题-MASH研究-v1/report_build/gen_midterm3.js,MASH研究v1·报告构建相关,王启龙（前期工作区）,02-课题-MASH研究-v1
02-课题-MASH研究-v1/report_build/gen_top5.js,MASH研究v1·报告构建相关,王启龙（前期工作区）,02-课题-MASH研究-v1
02-课题-MASH研究-v1/report_build/gen_v2report.js,MASH研究v1·报告构建相关,王启龙（前期工作区）,02-课题-MASH研究-v1
02-课题-MASH研究-v1/report_build/package-lock.json,MASH研究v1·报告构建相关,王启龙（前期工作区）,02-课题-MASH研究-v1
02-课题-MASH研究-v1/report_build/package.json,MASH研究v1·报告构建相关,王启龙（前期工作区）,02-课题-MASH研究-v1
02-课题-MASH研究-v1/report_build/候选药多靶点深度研究汇报.docx,MASH研究v1·报告构建相关,王启龙（前期工作区）,02-课题-MASH研究-v1
02-课题-MASH研究-v1/report_build/抗MASH终版双榜.docx,MASH研究v1·报告构建相关,王启龙（前期工作区）,02-课题-MASH研究-v1
02-课题-MASH研究-v1/report_build/新方向进展汇报.docx,MASH研究v1·报告构建相关,王启龙（前期工作区）,02-课题-MASH研究-v1
02-课题-MASH研究-v1/report_build/暑假中期报告.docx,MASH研究v1·报告构建相关,王启龙（前期工作区）,02-课题-MASH研究-v1
02-课题-MASH研究-v1/report_build/暑假中期报告_自洽版.docx,MASH研究v1·报告构建相关,王启龙（前期工作区）,02-课题-MASH研究-v1
02-课题-MASH研究-v1/report_build/暑假中间报告.docx,MASH研究v1·报告构建相关,王启龙（前期工作区）,02-课题-MASH研究-v1
02-课题-MASH研究-v1/report_build/暑假中间报告.pdf,MASH研究v1·报告构建相关,王启龙（前期工作区）,02-课题-MASH研究-v1
02-课题-MASH研究-v1/requirements.txt,MASH研究v1·文本文件,王启龙（前期工作区）,02-课题-MASH研究-v1
02-课题-MASH研究-v1/research/chembl_targets.md,MASH研究v1·研究笔记相关,王启龙（前期工作区）,02-课题-MASH研究-v1
02-课题-MASH研究-v1/research/genetic_targets_priority.md,MASH研究v1·研究笔记相关,王启龙（前期工作区）,02-课题-MASH研究-v1
02-课题-MASH研究-v1/research/geo_datasets.md,MASH研究v1·研究笔记相关,王启龙（前期工作区）,02-课题-MASH研究-v1
02-课题-MASH研究-v1/research/herb_ingredients.md,MASH研究v1·研究笔记相关,王启龙（前期工作区）,02-课题-MASH研究-v1
02-课题-MASH研究-v1/research/mash_pipeline_landscape.md,MASH研究v1·研究笔记相关,王启龙（前期工作区）,02-课题-MASH研究-v1
02-课题-MASH研究-v1/research/obscure_herbs_evidence.md,MASH研究v1·研究笔记相关,王启龙（前期工作区）,02-课题-MASH研究-v1
02-课题-MASH研究-v1/research/pdb_structures.md,MASH研究v1·研究笔记相关,王启龙（前期工作区）,02-课题-MASH研究-v1
02-课题-MASH研究-v1/research/topjournal_methods.md,MASH研究v1·研究笔记相关,王启龙（前期工作区）,02-课题-MASH研究-v1
02-课题-MASH研究-v1/results/figures/gnn_calibration_pack.png,MASH研究v1·结果数据相关,王启龙（前期工作区）,02-课题-MASH研究-v1
02-课题-MASH研究-v1/results/figures/herb_cwbcs_ranking.png,MASH研究v1·结果数据相关,王启龙（前期工作区）,02-课题-MASH研究-v1
02-课题-MASH研究-v1/results/figures/kegg_ora.png,MASH研究v1·结果数据相关,王启龙（前期工作区）,02-课题-MASH研究-v1
02-课题-MASH研究-v1/results/figures/target_genes_boxplots.png,MASH研究v1·结果数据相关,王启龙（前期工作区）,02-课题-MASH研究-v1
02-课题-MASH研究-v1/results/figures/tier_annotation.png,MASH研究v1·结果数据相关,王启龙（前期工作区）,02-课题-MASH研究-v1
02-课题-MASH研究-v1/results/figures/volcano_nash_vs_normal.png,MASH研究v1·结果数据相关,王启龙（前期工作区）,02-课题-MASH研究-v1
02-课题-MASH研究-v1/results/tables/compound_cwbcs_full.csv,MASH研究v1·结果数据相关,王启龙（前期工作区）,02-课题-MASH研究-v1
02-课题-MASH研究-v1/results/tables/cwbcs_params.json,MASH研究v1·结果数据相关,王启龙（前期工作区）,02-课题-MASH研究-v1
02-课题-MASH研究-v1/results/tables/dataset_summary.txt,MASH研究v1·结果数据相关,王启龙（前期工作区）,02-课题-MASH研究-v1
02-课题-MASH研究-v1/results/tables/fxr_crossdocking_top10.csv,MASH研究v1·分子对接相关,王启龙（前期工作区）,02-课题-MASH研究-v1
02-课题-MASH研究-v1/results/tables/geo_summary.json,MASH研究v1·结果数据相关,王启龙（前期工作区）,02-课题-MASH研究-v1
02-课题-MASH研究-v1/results/tables/gnn_metrics.json,MASH研究v1·结果数据相关,王启龙（前期工作区）,02-课题-MASH研究-v1
02-课题-MASH研究-v1/results/tables/gnn_metrics_v2.json,MASH研究v1·结果数据相关,王启龙（前期工作区）,02-课题-MASH研究-v1
02-课题-MASH研究-v1/results/tables/gnn_test_predictions.csv,MASH研究v1·结果数据相关,王启龙（前期工作区）,02-课题-MASH研究-v1
02-课题-MASH研究-v1/results/tables/gnnexplainer_top_atoms.csv,MASH研究v1·结果数据相关,王启龙（前期工作区）,02-课题-MASH研究-v1
02-课题-MASH研究-v1/results/tables/herb_cwbcs_ranking.csv,MASH研究v1·结果数据相关,王启龙（前期工作区）,02-课题-MASH研究-v1
02-课题-MASH研究-v1/results/tables/herb_cwbcs_ranking_fix.csv,MASH研究v1·结果数据相关,王启龙（前期工作区）,02-课题-MASH研究-v1
02-课题-MASH研究-v1/results/tables/kegg_ora_top25.csv,MASH研究v1·结果数据相关,王启龙（前期工作区）,02-课题-MASH研究-v1
02-课题-MASH研究-v1/results/tables/known_fxr_ligand_recall.csv,MASH研究v1·结果数据相关,王启龙（前期工作区）,02-课题-MASH研究-v1
02-课题-MASH研究-v1/results/tables/np_docking_raw.csv,MASH研究v1·分子对接相关,王启龙（前期工作区）,02-课题-MASH研究-v1
02-课题-MASH研究-v1/results/tables/np_fxr_predictions.csv,MASH研究v1·结果数据相关,王启龙（前期工作区）,02-课题-MASH研究-v1
02-课题-MASH研究-v1/results/tables/obscure_docking.csv,MASH研究v1·分子对接相关,王启龙（前期工作区）,02-课题-MASH研究-v1
02-课题-MASH研究-v1/results/tables/obscure_herbs_predictions.csv,MASH研究v1·结果数据相关,王启龙（前期工作区）,02-课题-MASH研究-v1
02-课题-MASH研究-v1/results/tables/obscure_sensitivity_triterpenes.csv,MASH研究v1·结果数据相关,王启龙（前期工作区）,02-课题-MASH研究-v1
02-课题-MASH研究-v1/results/tables/positive_controls_docking.csv,MASH研究v1·分子对接相关,王启龙（前期工作区）,02-课题-MASH研究-v1
02-课题-MASH研究-v1/results/tables/target_genes_validation.csv,MASH研究v1·结果数据相关,王启龙（前期工作区）,02-课题-MASH研究-v1
02-课题-MASH研究-v1/results/v2/disease_module_hubs.csv,MASH研究v1·结果数据相关,王启龙（前期工作区）,02-课题-MASH研究-v1
02-课题-MASH研究-v1/results/v2/disease_modules.csv,MASH研究v1·结果数据相关,王启龙（前期工作区）,02-课题-MASH研究-v1
02-课题-MASH研究-v1/results/v2/module_summary.json,MASH研究v1·结果数据相关,王启龙（前期工作区）,02-课题-MASH研究-v1
02-课题-MASH研究-v1/results/v2/multitarget_docking_new.csv,MASH研究v1·分子对接相关,王启龙（前期工作区）,02-课题-MASH研究-v1
02-课题-MASH研究-v1/results/v2/multitarget_top12_profiles.csv,MASH研究v1·结果数据相关,王启龙（前期工作区）,02-课题-MASH研究-v1
02-课题-MASH研究-v1/results/v2/multitarget_top200.csv,MASH研究v1·结果数据相关,王启龙（前期工作区）,02-课题-MASH研究-v1
02-课题-MASH研究-v1/results/v2/natural_multitarget_leaders_docking.csv,MASH研究v1·分子对接相关,王启龙（前期工作区）,02-课题-MASH研究-v1
02-课题-MASH研究-v1/results/v2/qsar_qa.json,MASH研究v1·结果数据相关,王启龙（前期工作区）,02-课题-MASH研究-v1
02-课题-MASH研究-v1/results/v2/shortlist_top500.csv,MASH研究v1·结果数据相关,王启龙（前期工作区）,02-课题-MASH研究-v1
02-课题-MASH研究-v1/results/v2/top40_smiles.csv,MASH研究v1·结果数据相关,王启龙（前期工作区）,02-课题-MASH研究-v1
02-课题-MASH研究-v1/results/v3/axis_activation_validation.csv,MASH研究v1·结果数据相关,王启龙（前期工作区）,02-课题-MASH研究-v1
02-课题-MASH研究-v1/results/v3/combination_synergy_design.csv,MASH研究v1·结果数据相关,王启龙（前期工作区）,02-课题-MASH研究-v1
02-课题-MASH研究-v1/results/v3/network_proximity_agents.csv,MASH研究v1·结果数据相关,王启龙（前期工作区）,02-课题-MASH研究-v1
02-课题-MASH研究-v1/results/v3/network_proximity_combos.csv,MASH研究v1·结果数据相关,王启龙（前期工作区）,02-课题-MASH研究-v1
02-课题-MASH研究-v1/results/v3/network_proximity_validation.csv,MASH研究v1·结果数据相关,王启龙（前期工作区）,02-课题-MASH研究-v1
02-课题-MASH研究-v1/results/v3/string_edges.tsv,MASH研究v1·结果数据相关,王启龙（前期工作区）,02-课题-MASH研究-v1
02-课题-MASH研究-v1/results/v4/cross_structure_docking.csv,MASH研究v1·分子对接相关,王启龙（前期工作区）,02-课题-MASH研究-v1
02-课题-MASH研究-v1/results/v4/network_proximity.csv,MASH研究v1·结果数据相关,王启龙（前期工作区）,02-课题-MASH研究-v1
02-课题-MASH研究-v1/results/v4/stitch_targets.json,MASH研究v1·结果数据相关,王启龙（前期工作区）,02-课题-MASH研究-v1
02-课题-MASH研究-v1/results/v4/tcm_multitarget_top300.csv,MASH研究v1·结果数据相关,王启龙（前期工作区）,02-课题-MASH研究-v1
02-课题-MASH研究-v1/results/v4/tcm_top20.csv,MASH研究v1·结果数据相关,王启龙（前期工作区）,02-课题-MASH研究-v1
02-课题-MASH研究-v1/results/v5/final_unified_scores.csv,MASH研究v1·结果数据相关,王启龙（前期工作区）,02-课题-MASH研究-v1
02-课题-MASH研究-v1/results/v5/final_unified_scores_fix.csv,MASH研究v1·结果数据相关,王启龙（前期工作区）,02-课题-MASH研究-v1
02-课题-MASH研究-v1/results/v6/baseline_recheck.json,MASH研究v1·结果数据相关,王启龙（前期工作区）,02-课题-MASH研究-v1
02-课题-MASH研究-v1/results/v6/baseline_recheck_log.txt,MASH研究v1·结果数据相关,王启龙（前期工作区）,02-课题-MASH研究-v1
02-课题-MASH研究-v1/results/v6/cid_concordance_diff.csv,MASH研究v1·结果数据相关,王启龙（前期工作区）,02-课题-MASH研究-v1
02-课题-MASH研究-v1/results/v6/conformal_calibration.json,MASH研究v1·结果数据相关,王启龙（前期工作区）,02-课题-MASH研究-v1
02-课题-MASH研究-v1/results/v6/matlab_verify.csv,MASH研究v1·结果数据相关,王启龙（前期工作区）,02-课题-MASH研究-v1
02-课题-MASH研究-v1/results/v6/step4_rebuild_log.txt,MASH研究v1·结果数据相关,王启龙（前期工作区）,02-课题-MASH研究-v1
02-课题-MASH研究-v1/src/debug_ligand.py,MASH研究v1·源代码相关,王启龙（前期工作区）,02-课题-MASH研究-v1
02-课题-MASH研究-v1/src/fix_v5_cwbcs_roundtable.py,MASH研究v1·源代码相关,王启龙（前期工作区）,02-课题-MASH研究-v1
02-课题-MASH研究-v1/src/make_report_figs.m,MASH研究v1·源代码生成脚本,王启龙（前期工作区）,02-课题-MASH研究-v1
02-课题-MASH研究-v1/src/step0_geo_deg.py,MASH研究v1·源代码相关,王启龙（前期工作区）,02-课题-MASH研究-v1
02-课题-MASH研究-v1/src/step10_obscure_docking.py,MASH研究v1·分子对接相关,王启龙（前期工作区）,02-课题-MASH研究-v1
02-课题-MASH研究-v1/src/step1_fetch_chembl.py,MASH研究v1·源代码相关,王启龙（前期工作区）,02-课题-MASH研究-v1
02-课题-MASH研究-v1/src/step2_clean_chembl.py,MASH研究v1·源代码相关,王启龙（前期工作区）,02-课题-MASH研究-v1
02-课题-MASH研究-v1/src/step3_bayesian_gnn.py,MASH研究v1·源代码相关,王启龙（前期工作区）,02-课题-MASH研究-v1
02-课题-MASH研究-v1/src/step3b_bayesian_gnn_v2.py,MASH研究v1·源代码相关,王启龙（前期工作区）,02-课题-MASH研究-v1
02-课题-MASH研究-v1/src/step4_tcm_library.py,MASH研究v1·源代码相关,王启龙（前期工作区）,02-课题-MASH研究-v1
02-课题-MASH研究-v1/src/step5_production_inference.py,MASH研究v1·源代码相关,王启龙（前期工作区）,02-课题-MASH研究-v1
02-课题-MASH研究-v1/src/step5b_explain.py,MASH研究v1·源代码相关,王启龙（前期工作区）,02-课题-MASH研究-v1
02-课题-MASH研究-v1/src/step6a_prep_receptors.py,MASH研究v1·源代码相关,王启龙（前期工作区）,02-课题-MASH研究-v1
02-课题-MASH研究-v1/src/step6b_dock.py,MASH研究v1·源代码相关,王启龙（前期工作区）,02-课题-MASH研究-v1
02-课题-MASH研究-v1/src/step6c_fxr_crossdock.py,MASH研究v1·源代码相关,王启龙（前期工作区）,02-课题-MASH研究-v1
02-课题-MASH研究-v1/src/step7_cwbcs.py,MASH研究v1·源代码相关,王启龙（前期工作区）,02-课题-MASH研究-v1
02-课题-MASH研究-v1/src/step8_figures.py,MASH研究v1·源代码相关,王启龙（前期工作区）,02-课题-MASH研究-v1
02-课题-MASH研究-v1/src/step9_obscure_herbs.py,MASH研究v1·源代码相关,王启龙（前期工作区）,02-课题-MASH研究-v1
02-课题-MASH研究-v1/src/v2_step1_disease_module.py,MASH研究v1·源代码相关,王启龙（前期工作区）,02-课题-MASH研究-v1
02-课题-MASH研究-v1/src/v2_step2_fetch_multitarget.py,MASH研究v1·源代码相关,王启龙（前期工作区）,02-课题-MASH研究-v1
02-课题-MASH研究-v1/src/v2_step3_signature.py,MASH研究v1·源代码相关,王启龙（前期工作区）,02-课题-MASH研究-v1
02-课题-MASH研究-v1/src/v2_step4_qsar.py,MASH研究v1·源代码相关,王启龙（前期工作区）,02-课题-MASH研究-v1
02-课题-MASH研究-v1/src/v2_step5_library.py,MASH研究v1·源代码相关,王启龙（前期工作区）,02-课题-MASH研究-v1
02-课题-MASH研究-v1/src/v2_step6_shortlist.py,MASH研究v1·源代码相关,王启龙（前期工作区）,02-课题-MASH研究-v1
02-课题-MASH研究-v1/src/v2_step7_multitarget_deep.py,MASH研究v1·源代码相关,王启龙（前期工作区）,02-课题-MASH研究-v1
02-课题-MASH研究-v1/src/v3_step1_combo.py,MASH研究v1·源代码相关,王启龙（前期工作区）,02-课题-MASH研究-v1
02-课题-MASH研究-v1/src/v3_step2_network.py,MASH研究v1·源代码相关,王启龙（前期工作区）,02-课题-MASH研究-v1
02-课题-MASH研究-v1/src/v3_step2_network_validation.py,MASH研究v1·源代码相关,王启龙（前期工作区）,02-课题-MASH研究-v1
02-课题-MASH研究-v1/src/v3_step2b_kegg_network.py,MASH研究v1·源代码相关,王启龙（前期工作区）,02-课题-MASH研究-v1
02-课题-MASH研究-v1/src/v4_step1_crossproof.py,MASH研究v1·源代码相关,王启龙（前期工作区）,02-课题-MASH研究-v1
02-课题-MASH研究-v1/src/v4_tcm_rescan.py,MASH研究v1·源代码相关,王启龙（前期工作区）,02-课题-MASH研究-v1
02-课题-MASH研究-v1/src/v5_final_score.py,MASH研究v1·源代码相关,王启龙（前期工作区）,02-课题-MASH研究-v1
02-课题-MASH研究-v1/src/v6_conformal.py,MASH研究v1·源代码相关,王启龙（前期工作区）,02-课题-MASH研究-v1
02-课题-MASH研究-v1/src/v6b_scaffold_val_conformal.py,MASH研究v1·源代码相关,王启龙（前期工作区）,02-课题-MASH研究-v1
02-课题-MASH研究-v1/src/v6c_baseline_recheck.py,MASH研究v1·源代码相关,王启龙（前期工作区）,02-课题-MASH研究-v1
02-课题-MASH研究-v1/src/v6d_roundtable3_fixes.py,MASH研究v1·源代码相关,王启龙（前期工作区）,02-课题-MASH研究-v1
02-课题-MASH研究-v1/src/verify.m,MASH研究v1·源代码相关,王启龙（前期工作区）,02-课题-MASH研究-v1
02-课题-MASH研究-v1/tools/vina_1.2.5_win.exe,MASH研究v1·工具脚本相关,王启龙（前期工作区）,02-课题-MASH研究-v1
02-课题-MASH研究-v1/下一阶段方向_协同调控.md,MASH研究v1·Markdown文档,王启龙（前期工作区）,02-课题-MASH研究-v1
02-课题-MASH研究-v1/候选药多靶点深度研究汇报.docx,MASH研究v1·Word文档,王启龙（前期工作区）,02-课题-MASH研究-v1
02-课题-MASH研究-v1/候选药多靶点深度研究汇报.pdf,MASH研究v1·PDF文档,王启龙（前期工作区）,02-课题-MASH研究-v1
02-课题-MASH研究-v1/抗MASH终版双榜.docx,MASH研究v1·Word文档,王启龙（前期工作区）,02-课题-MASH研究-v1
02-课题-MASH研究-v1/抗MASH终版双榜.pdf,MASH研究v1·PDF文档,王启龙（前期工作区）,02-课题-MASH研究-v1
02-课题-MASH研究-v1/新方向报告_重开课题.md,MASH研究v1·Markdown文档,王启龙（前期工作区）,02-课题-MASH研究-v1
02-课题-MASH研究-v1/新方向进展汇报.docx,MASH研究v1·Word文档,王启龙（前期工作区）,02-课题-MASH研究-v1
02-课题-MASH研究-v1/新方向进展汇报.pdf,MASH研究v1·PDF文档,王启龙（前期工作区）,02-课题-MASH研究-v1
02-课题-MASH研究-v1/暑假中期报告.docx,MASH研究v1·Word文档,王启龙（前期工作区）,02-课题-MASH研究-v1
02-课题-MASH研究-v1/暑假中期报告.pdf,MASH研究v1·PDF文档,王启龙（前期工作区）,02-课题-MASH研究-v1
02-课题-MASH研究-v1/暑假中期报告_终版.docx,MASH研究v1·Word文档,王启龙（前期工作区）,02-课题-MASH研究-v1
02-课题-MASH研究-v1/暑假中期报告_终版.pdf,MASH研究v1·PDF文档,王启龙（前期工作区）,02-课题-MASH研究-v1
02-课题-MASH研究-v1/暑假中期报告_自洽版.docx,MASH研究v1·Word文档,王启龙（前期工作区）,02-课题-MASH研究-v1
02-课题-MASH研究-v1/暑假中期报告_自洽版.pdf,MASH研究v1·PDF文档,王启龙（前期工作区）,02-课题-MASH研究-v1
02-课题-MASH研究-v1/暑假中间报告.docx,MASH研究v1·Word文档,王启龙（前期工作区）,02-课题-MASH研究-v1
02-课题-MASH研究-v1/暑假中间报告.pdf,MASH研究v1·PDF文档,王启龙（前期工作区）,02-课题-MASH研究-v1
02-课题-MASH研究-v1/暑假中间报告_主文.md,MASH研究v1·Markdown文档,王启龙（前期工作区）,02-课题-MASH研究-v1
02-课题-MASH研究-v1/最终候选清单.md,MASH研究v1·Markdown文档,王启龙（前期工作区）,02-课题-MASH研究-v1
02-课题-MASH研究-v1/最终候选清单_圆桌修订版.md,MASH研究v1·Markdown文档,王启龙（前期工作区）,02-课题-MASH研究-v1
02-课题-MASH研究-v1/结题评估报告.md,MASH研究v1·Markdown文档,王启龙（前期工作区）,02-课题-MASH研究-v1
03-课题-MASH研究-v2/NEW_PLAN.md,MASH研究v2·Markdown文档,王启龙（前期工作区）,03-课题-MASH研究-v2
03-课题-MASH研究-v2/NEW_REPORT.md,MASH研究v2·Markdown文档,王启龙（前期工作区）,03-课题-MASH研究-v2
03-课题-MASH研究-v2/data/chembl/FASN_clean.csv,MASH研究v2·CSV数据表,王启龙（前期工作区）,03-课题-MASH研究-v2
03-课题-MASH研究-v2/data/chembl/SCD1_clean.csv,MASH研究v2·CSV数据表,王启龙（前期工作区）,03-课题-MASH研究-v2
03-课题-MASH研究-v2/data/chembl/THRB_clean.csv,MASH研究v2·CSV数据表,王启龙（前期工作区）,03-课题-MASH研究-v2
03-课题-MASH研究-v2/data/chembl/chembl_summary.json,MASH研究v2·JSON数据,王启龙（前期工作区）,03-课题-MASH研究-v2
03-课题-MASH研究-v2/data/geo/GPL11532.annot.gz,MASH研究v2·GEO转录组数据相关,王启龙（前期工作区）,03-课题-MASH研究-v2
03-课题-MASH研究-v2/data/geo/GPL570.annot.gz,MASH研究v2·GEO转录组数据相关,王启龙（前期工作区）,03-课题-MASH研究-v2
03-课题-MASH研究-v2/data/geo/GSE48452_expr_raw.csv.gz,MASH研究v2·GEO转录组数据相关,王启龙（前期工作区）,03-课题-MASH研究-v2
03-课题-MASH研究-v2/data/geo/GSE48452_gene_expr.csv.gz,MASH研究v2·GEO转录组数据相关,王启龙（前期工作区）,03-课题-MASH研究-v2
03-课题-MASH研究-v2/data/geo/GSE48452_meta.csv,MASH研究v2·GEO转录组数据相关,王启龙（前期工作区）,03-课题-MASH研究-v2
03-课题-MASH研究-v2/data/geo/GSE48452_series_matrix.txt.gz,MASH研究v2·GEO转录组数据相关,王启龙（前期工作区）,03-课题-MASH研究-v2
03-课题-MASH研究-v2/data/geo/GSE63067_expr_raw.csv.gz,MASH研究v2·GEO转录组数据相关,王启龙（前期工作区）,03-课题-MASH研究-v2
03-课题-MASH研究-v2/data/geo/GSE63067_gene_expr.csv.gz,MASH研究v2·GEO转录组数据相关,王启龙（前期工作区）,03-课题-MASH研究-v2
03-课题-MASH研究-v2/data/geo/GSE63067_meta.csv,MASH研究v2·GEO转录组数据相关,王启龙（前期工作区）,03-课题-MASH研究-v2
03-课题-MASH研究-v2/data/geo/GSE63067_series_matrix.txt.gz,MASH研究v2·GEO转录组数据相关,王启龙（前期工作区）,03-课题-MASH研究-v2
03-课题-MASH研究-v2/data/geo/deg_GSE48452_NASHvsControl.csv,MASH研究v2·GEO转录组数据相关,王启龙（前期工作区）,03-课题-MASH研究-v2
03-课题-MASH研究-v2/data/geo/deg_GSE63067_NASHvsHealthy.csv,MASH研究v2·GEO转录组数据相关,王启龙（前期工作区）,03-课题-MASH研究-v2
03-课题-MASH研究-v2/data/geo/deg_meta_significant.csv,MASH研究v2·GEO转录组数据相关,王启龙（前期工作区）,03-课题-MASH研究-v2
03-课题-MASH研究-v2/data/geo/deg_meta_two_cohorts.csv,MASH研究v2·GEO转录组数据相关,王启龙（前期工作区）,03-课题-MASH研究-v2
03-课题-MASH研究-v2/data/geo/parse_info.json,MASH研究v2·GEO转录组数据相关,王启龙（前期工作区）,03-课题-MASH研究-v2
03-课题-MASH研究-v2/data/kegg/conv_hsa_ncbi.txt,MASH研究v2·文本文件,王启龙（前期工作区）,03-课题-MASH研究-v2
03-课题-MASH研究-v2/data/kegg/link_pathway_hsa.txt,MASH研究v2·文本文件,王启龙（前期工作区）,03-课题-MASH研究-v2
03-课题-MASH研究-v2/data/kegg/list_pathway_hsa.txt,MASH研究v2·文本文件,王启龙（前期工作区）,03-课题-MASH研究-v2
03-课题-MASH研究-v2/data/kegg/pathways_symbol.json,MASH研究v2·JSON数据,王启龙（前期工作区）,03-课题-MASH研究-v2
03-课题-MASH研究-v2/data/pdb/2J4A.pdb,MASH研究v2·蛋白结构文件,王启龙（前期工作区）,03-课题-MASH研究-v2
03-课题-MASH研究-v2/data/pdb/2PX6.pdb,MASH研究v2·蛋白结构文件,王启龙（前期工作区）,03-课题-MASH研究-v2
03-课题-MASH研究-v2/data/pdb/4XJV.pdb,MASH研究v2·蛋白结构文件,王启龙（前期工作区）,03-课题-MASH研究-v2
03-课题-MASH研究-v2/data/pdb/4YMK.pdb,MASH研究v2·蛋白结构文件,王启龙（前期工作区）,03-课题-MASH研究-v2
03-课题-MASH研究-v2/data/pdb/4ZYO.pdb,MASH研究v2·蛋白结构文件,王启龙（前期工作区）,03-课题-MASH研究-v2
03-课题-MASH研究-v2/data/pdb/7MHD.pdb,MASH研究v2·蛋白结构文件,王启龙（前期工作区）,03-课题-MASH研究-v2
03-课题-MASH研究-v2/data/pdb/8EYI.pdb,MASH研究v2·蛋白结构文件,王启龙（前期工作区）,03-课题-MASH研究-v2
03-课题-MASH研究-v2/data/pdb/8EYK.pdb,MASH研究v2·蛋白结构文件,王启龙（前期工作区）,03-课题-MASH研究-v2
03-课题-MASH研究-v2/data/pdb/8ZEV.pdb,MASH研究v2·蛋白结构文件,王启龙（前期工作区）,03-课题-MASH研究-v2
03-课题-MASH研究-v2/data/pdb/9B80.pdb,MASH研究v2·蛋白结构文件,王启龙（前期工作区）,03-课题-MASH研究-v2
03-课题-MASH研究-v2/data/tcm/np_library_filtered.csv,MASH研究v2·CSV数据表,王启龙（前期工作区）,03-课题-MASH研究-v2
03-课题-MASH研究-v2/data/tcm/np_library_raw.csv,MASH研究v2·CSV数据表,王启龙（前期工作区）,03-课题-MASH研究-v2
03-课题-MASH研究-v2/data/tcm/np_library_resolved.csv,MASH研究v2·CSV数据表,王启龙（前期工作区）,03-课题-MASH研究-v2
03-课题-MASH研究-v2/docking/batch_log.txt,MASH研究v2·分子对接相关,王启龙（前期工作区）,03-课题-MASH研究-v2
03-课题-MASH研究-v2/docking/boxes.json,MASH研究v2·分子对接相关,王启龙（前期工作区）,03-课题-MASH研究-v2
03-课题-MASH研究-v2/docking/ligands/FASN_ZEP_redock.pdbqt,MASH研究v2·分子对接相关,王启龙（前期工作区）,03-课题-MASH研究-v2
03-课题-MASH研究-v2/docking/ligands/THRB_OEF_redock.pdbqt,MASH研究v2·分子对接相关,王启龙（前期工作区）,03-课题-MASH研究-v2
03-课题-MASH研究-v2/docking/ligands/ctrl_cerulenin.pdbqt,MASH研究v2·分子对接相关,王启龙（前期工作区）,03-课题-MASH研究-v2
03-课题-MASH研究-v2/docking/ligands/ctrl_orlistat.pdbqt,MASH研究v2·分子对接相关,王启龙（前期工作区）,03-课题-MASH研究-v2
03-课题-MASH研究-v2/docking/ligands/ctrl_resmetirom.pdbqt,MASH研究v2·分子对接相关,王启龙（前期工作区）,03-课题-MASH研究-v2
03-课题-MASH研究-v2/docking/ligands/ctrl_sobetirome.pdbqt,MASH研究v2·分子对接相关,王启龙（前期工作区）,03-课题-MASH研究-v2
03-课题-MASH研究-v2/docking/ligands/np000_scoparone.pdbqt,MASH研究v2·分子对接相关,王启龙（前期工作区）,03-课题-MASH研究-v2
03-课题-MASH研究-v2/docking/ligands/np001_scopoletin.pdbqt,MASH研究v2·分子对接相关,王启龙（前期工作区）,03-课题-MASH研究-v2
03-课题-MASH研究-v2/docking/ligands/np002_umbelliferone.pdbqt,MASH研究v2·分子对接相关,王启龙（前期工作区）,03-课题-MASH研究-v2
03-课题-MASH研究-v2/docking/ligands/np003_capillarisin.pdbqt,MASH研究v2·分子对接相关,王启龙（前期工作区）,03-课题-MASH研究-v2
03-课题-MASH研究-v2/docking/ligands/np004_arcapillin.pdbqt,MASH研究v2·分子对接相关,王启龙（前期工作区）,03-课题-MASH研究-v2
03-课题-MASH研究-v2/docking/ligands/np005_capillin.pdbqt,MASH研究v2·分子对接相关,王启龙（前期工作区）,03-课题-MASH研究-v2
03-课题-MASH研究-v2/docking/ligands/np006_capillene.pdbqt,MASH研究v2·分子对接相关,王启龙（前期工作区）,03-课题-MASH研究-v2
"03-课题-MASH研究-v2/docking/ligands/np007_1,2_dimethoxy_4_vinylbenzene.pdbqt",MASH研究v2·分子对接相关,王启龙（前期工作区）,03-课题-MASH研究-v2
03-课题-MASH研究-v2/docking/ligands/np008_isorhamnetin.pdbqt,MASH研究v2·分子对接相关,王启龙（前期工作区）,03-课题-MASH研究-v2
03-课题-MASH研究-v2/docking/ligands/np009_vitexin.pdbqt,MASH研究v2·分子对接相关,王启龙（前期工作区）,03-课题-MASH研究-v2
03-课题-MASH研究-v2/docking/ligands/np010_isovitexin.pdbqt,MASH研究v2·分子对接相关,王启龙（前期工作区）,03-课题-MASH研究-v2
03-课题-MASH研究-v2/docking/ligands/np011_hyperoside.pdbqt,MASH研究v2·分子对接相关,王启龙（前期工作区）,03-课题-MASH研究-v2
03-课题-MASH研究-v2/docking/ligands/np012_isoquercitrin.pdbqt,MASH研究v2·分子对接相关,王启龙（前期工作区）,03-课题-MASH研究-v2
03-课题-MASH研究-v2/docking/ligands/np013_epicatechin.pdbqt,MASH研究v2·分子对接相关,王启龙（前期工作区）,03-课题-MASH研究-v2
03-课题-MASH研究-v2/docking/ligands/np014_procyanidin_B2.pdbqt,MASH研究v2·分子对接相关,王启龙（前期工作区）,03-课题-MASH研究-v2
03-课题-MASH研究-v2/docking/ligands/np015_ursolic_acid.pdbqt,MASH研究v2·分子对接相关,王启龙（前期工作区）,03-课题-MASH研究-v2
03-课题-MASH研究-v2/docking/ligands/np016_oleanolic_acid.pdbqt,MASH研究v2·分子对接相关,王启龙（前期工作区）,03-课题-MASH研究-v2
03-课题-MASH研究-v2/docking/ligands/np017_corosolic_acid.pdbqt,MASH研究v2·分子对接相关,王启龙（前期工作区）,03-课题-MASH研究-v2
03-课题-MASH研究-v2/docking/ligands/np018_maslinic_acid.pdbqt,MASH研究v2·分子对接相关,王启龙（前期工作区）,03-课题-MASH研究-v2
03-课题-MASH研究-v2/docking/ligands/np019_tormentic_acid.pdbqt,MASH研究v2·分子对接相关,王启龙（前期工作区）,03-课题-MASH研究-v2
03-课题-MASH研究-v2/docking/ligands/np020_alisol_A.pdbqt,MASH研究v2·分子对接相关,王启龙（前期工作区）,03-课题-MASH研究-v2
03-课题-MASH研究-v2/docking/ligands/np021_alisol_B.pdbqt,MASH研究v2·分子对接相关,王启龙（前期工作区）,03-课题-MASH研究-v2
03-课题-MASH研究-v2/docking/ligands/np022_alisol_C.pdbqt,MASH研究v2·分子对接相关,王启龙（前期工作区）,03-课题-MASH研究-v2
03-课题-MASH研究-v2/docking/ligands/np023_alisol_B_acetate.pdbqt,MASH研究v2·分子对接相关,王启龙（前期工作区）,03-课题-MASH研究-v2
03-课题-MASH研究-v2/docking/ligands/np024_16_oxo_alisol_A.pdbqt,MASH研究v2·分子对接相关,王启龙（前期工作区）,03-课题-MASH研究-v2
03-课题-MASH研究-v2/docking/ligands/np025_alismol.pdbqt,MASH研究v2·分子对接相关,王启龙（前期工作区）,03-课题-MASH研究-v2
03-课题-MASH研究-v2/docking/ligands/np026_alismoxide.pdbqt,MASH研究v2·分子对接相关,王启龙（前期工作区）,03-课题-MASH研究-v2
03-课题-MASH研究-v2/docking/ligands/np027_obtusifolin.pdbqt,MASH研究v2·分子对接相关,王启龙（前期工作区）,03-课题-MASH研究-v2
03-课题-MASH研究-v2/docking/ligands/np028_obtusin.pdbqt,MASH研究v2·分子对接相关,王启龙（前期工作区）,03-课题-MASH研究-v2
03-课题-MASH研究-v2/docking/ligands/np029_aurantio_obtusin.pdbqt,MASH研究v2·分子对接相关,王启龙（前期工作区）,03-课题-MASH研究-v2
03-课题-MASH研究-v2/docking/ligands/np030_chryso_obtusin.pdbqt,MASH研究v2·分子对接相关,王启龙（前期工作区）,03-课题-MASH研究-v2
03-课题-MASH研究-v2/docking/ligands/np031_rubrofusarin.pdbqt,MASH研究v2·分子对接相关,王启龙（前期工作区）,03-课题-MASH研究-v2
03-课题-MASH研究-v2/docking/ligands/np032_toralactone.pdbqt,MASH研究v2·分子对接相关,王启龙（前期工作区）,03-课题-MASH研究-v2
03-课题-MASH研究-v2/docking/ligands/np033_puerarin.pdbqt,MASH研究v2·分子对接相关,王启龙（前期工作区）,03-课题-MASH研究-v2
03-课题-MASH研究-v2/docking/ligands/np034_daidzein.pdbqt,MASH研究v2·分子对接相关,王启龙（前期工作区）,03-课题-MASH研究-v2
03-课题-MASH研究-v2/docking/ligands/np035_daidzin.pdbqt,MASH研究v2·分子对接相关,王启龙（前期工作区）,03-课题-MASH研究-v2
03-课题-MASH研究-v2/docking/ligands/np036_genistin.pdbqt,MASH研究v2·分子对接相关,王启龙（前期工作区）,03-课题-MASH研究-v2
03-课题-MASH研究-v2/docking/ligands/np037_formononetin.pdbqt,MASH研究v2·分子对接相关,王启龙（前期工作区）,03-课题-MASH研究-v2
03-课题-MASH研究-v2/docking/ligands/np038_biochanin_A.pdbqt,MASH研究v2·分子对接相关,王启龙（前期工作区）,03-课题-MASH研究-v2
03-课题-MASH研究-v2/docking/ligands/np039_3_methoxydaidzein.pdbqt,MASH研究v2·分子对接相关,王启龙（前期工作区）,03-课题-MASH研究-v2
03-课题-MASH研究-v2/docking/ligands/np040_ononin.pdbqt,MASH研究v2·分子对接相关,王启龙（前期工作区）,03-课题-MASH研究-v2
03-课题-MASH研究-v2/docking/ligands/np041_sarmentosin.pdbqt,MASH研究v2·分子对接相关,王启龙（前期工作区）,03-课题-MASH研究-v2
03-课题-MASH研究-v2/docking/ligands/np042_hypophyllanthin.pdbqt,MASH研究v2·分子对接相关,王启龙（前期工作区）,03-课题-MASH研究-v2
03-课题-MASH研究-v2/docking/ligands/np043_nirtetralin.pdbqt,MASH研究v2·分子对接相关,王启龙（前期工作区）,03-课题-MASH研究-v2
03-课题-MASH研究-v2/docking/ligands/np044_niranthin.pdbqt,MASH研究v2·分子对接相关,王启龙（前期工作区）,03-课题-MASH研究-v2
03-课题-MASH研究-v2/docking/ligands/np045_1_deoxynojirimycin.pdbqt,MASH研究v2·分子对接相关,王启龙（前期工作区）,03-课题-MASH研究-v2
03-课题-MASH研究-v2/docking/ligands/np046_oxyresveratrol.pdbqt,MASH研究v2·分子对接相关,王启龙（前期工作区）,03-课题-MASH研究-v2
03-课题-MASH研究-v2/docking/ligands/np047_astragalin.pdbqt,MASH研究v2·分子对接相关,王启龙（前期工作区）,03-课题-MASH研究-v2
03-课题-MASH研究-v2/docking/ligands/np048_moracin_N.pdbqt,MASH研究v2·分子对接相关,王启龙（前期工作区）,03-课题-MASH研究-v2
03-课题-MASH研究-v2/docking/ligands/np049_moracin_M.pdbqt,MASH研究v2·分子对接相关,王启龙（前期工作区）,03-课题-MASH研究-v2
03-课题-MASH研究-v2/docking/ligands/np050_mulberrofuran_G.pdbqt,MASH研究v2·分子对接相关,王启龙（前期工作区）,03-课题-MASH研究-v2
03-课题-MASH研究-v2/docking/ligands/np051_piceid.pdbqt,MASH研究v2·分子对接相关,王启龙（前期工作区）,03-课题-MASH研究-v2
03-课题-MASH研究-v2/docking/ligands/np052_catechin.pdbqt,MASH研究v2·分子对接相关,王启龙（前期工作区）,03-课题-MASH研究-v2
03-课题-MASH研究-v2/docking/ligands/np053_torachrysone.pdbqt,MASH研究v2·分子对接相关,王启龙（前期工作区）,03-课题-MASH研究-v2
03-课题-MASH研究-v2/docking/outputs/FASN_ZEP_redock_FASN_out.pdbqt,MASH研究v2·分子对接相关,王启龙（前期工作区）,03-课题-MASH研究-v2
03-课题-MASH研究-v2/docking/outputs/FASN_ZEP_redock_retry.pdbqt,MASH研究v2·分子对接相关,王启龙（前期工作区）,03-课题-MASH研究-v2
03-课题-MASH研究-v2/docking/outputs/THRB_OEF_redock_THRB_out.pdbqt,MASH研究v2·分子对接相关,王启龙（前期工作区）,03-课题-MASH研究-v2
03-课题-MASH研究-v2/docking/outputs/ctrl_cerulenin_FASN_out.pdbqt,MASH研究v2·分子对接相关,王启龙（前期工作区）,03-课题-MASH研究-v2
03-课题-MASH研究-v2/docking/outputs/ctrl_orlistat_FASN_out.pdbqt,MASH研究v2·分子对接相关,王启龙（前期工作区）,03-课题-MASH研究-v2
03-课题-MASH研究-v2/docking/outputs/ctrl_resmetirom_THRB_out.pdbqt,MASH研究v2·分子对接相关,王启龙（前期工作区）,03-课题-MASH研究-v2
03-课题-MASH研究-v2/docking/outputs/ctrl_sobetirome_THRB_out.pdbqt,MASH研究v2·分子对接相关,王启龙（前期工作区）,03-课题-MASH研究-v2
03-课题-MASH研究-v2/docking/outputs/np000_scoparone_FASN.pdbqt,MASH研究v2·分子对接相关,王启龙（前期工作区）,03-课题-MASH研究-v2
03-课题-MASH研究-v2/docking/outputs/np000_scoparone_THRB.pdbqt,MASH研究v2·分子对接相关,王启龙（前期工作区）,03-课题-MASH研究-v2
03-课题-MASH研究-v2/docking/outputs/np001_scopoletin_FASN.pdbqt,MASH研究v2·分子对接相关,王启龙（前期工作区）,03-课题-MASH研究-v2
03-课题-MASH研究-v2/docking/outputs/np001_scopoletin_THRB.pdbqt,MASH研究v2·分子对接相关,王启龙（前期工作区）,03-课题-MASH研究-v2
03-课题-MASH研究-v2/docking/outputs/np002_umbelliferone_FASN.pdbqt,MASH研究v2·分子对接相关,王启龙（前期工作区）,03-课题-MASH研究-v2
03-课题-MASH研究-v2/docking/outputs/np002_umbelliferone_THRB.pdbqt,MASH研究v2·分子对接相关,王启龙（前期工作区）,03-课题-MASH研究-v2
03-课题-MASH研究-v2/docking/outputs/np003_capillarisin_FASN.pdbqt,MASH研究v2·分子对接相关,王启龙（前期工作区）,03-课题-MASH研究-v2
03-课题-MASH研究-v2/docking/outputs/np003_capillarisin_THRB.pdbqt,MASH研究v2·分子对接相关,王启龙（前期工作区）,03-课题-MASH研究-v2
03-课题-MASH研究-v2/docking/outputs/np004_arcapillin_FASN.pdbqt,MASH研究v2·分子对接相关,王启龙（前期工作区）,03-课题-MASH研究-v2
03-课题-MASH研究-v2/docking/outputs/np004_arcapillin_THRB.pdbqt,MASH研究v2·分子对接相关,王启龙（前期工作区）,03-课题-MASH研究-v2
03-课题-MASH研究-v2/docking/outputs/np005_capillin_FASN.pdbqt,MASH研究v2·分子对接相关,王启龙（前期工作区）,03-课题-MASH研究-v2
03-课题-MASH研究-v2/docking/outputs/np005_capillin_THRB.pdbqt,MASH研究v2·分子对接相关,王启龙（前期工作区）,03-课题-MASH研究-v2
03-课题-MASH研究-v2/docking/outputs/np006_capillene_FASN.pdbqt,MASH研究v2·分子对接相关,王启龙（前期工作区）,03-课题-MASH研究-v2
03-课题-MASH研究-v2/docking/outputs/np006_capillene_THRB.pdbqt,MASH研究v2·分子对接相关,王启龙（前期工作区）,03-课题-MASH研究-v2
"03-课题-MASH研究-v2/docking/outputs/np007_1,2_dimethoxy_4_vinylbenzene_FASN.pdbqt",MASH研究v2·分子对接相关,王启龙（前期工作区）,03-课题-MASH研究-v2
"03-课题-MASH研究-v2/docking/outputs/np007_1,2_dimethoxy_4_vinylbenzene_THRB.pdbqt",MASH研究v2·分子对接相关,王启龙（前期工作区）,03-课题-MASH研究-v2
03-课题-MASH研究-v2/docking/outputs/np008_isorhamnetin_FASN.pdbqt,MASH研究v2·分子对接相关,王启龙（前期工作区）,03-课题-MASH研究-v2
03-课题-MASH研究-v2/docking/outputs/np008_isorhamnetin_THRB.pdbqt,MASH研究v2·分子对接相关,王启龙（前期工作区）,03-课题-MASH研究-v2
03-课题-MASH研究-v2/docking/outputs/np009_vitexin_FASN.pdbqt,MASH研究v2·分子对接相关,王启龙（前期工作区）,03-课题-MASH研究-v2
03-课题-MASH研究-v2/docking/outputs/np009_vitexin_THRB.pdbqt,MASH研究v2·分子对接相关,王启龙（前期工作区）,03-课题-MASH研究-v2
03-课题-MASH研究-v2/docking/outputs/np010_isovitexin_FASN.pdbqt,MASH研究v2·分子对接相关,王启龙（前期工作区）,03-课题-MASH研究-v2
03-课题-MASH研究-v2/docking/outputs/np010_isovitexin_THRB.pdbqt,MASH研究v2·分子对接相关,王启龙（前期工作区）,03-课题-MASH研究-v2
03-课题-MASH研究-v2/docking/outputs/np011_hyperoside_FASN.pdbqt,MASH研究v2·分子对接相关,王启龙（前期工作区）,03-课题-MASH研究-v2
03-课题-MASH研究-v2/docking/outputs/np011_hyperoside_THRB.pdbqt,MASH研究v2·分子对接相关,王启龙（前期工作区）,03-课题-MASH研究-v2
03-课题-MASH研究-v2/docking/outputs/np012_isoquercitrin_FASN.pdbqt,MASH研究v2·分子对接相关,王启龙（前期工作区）,03-课题-MASH研究-v2
03-课题-MASH研究-v2/docking/outputs/np012_isoquercitrin_THRB.pdbqt,MASH研究v2·分子对接相关,王启龙（前期工作区）,03-课题-MASH研究-v2
03-课题-MASH研究-v2/docking/outputs/np013_epicatechin_FASN.pdbqt,MASH研究v2·分子对接相关,王启龙（前期工作区）,03-课题-MASH研究-v2
03-课题-MASH研究-v2/docking/outputs/np013_epicatechin_THRB.pdbqt,MASH研究v2·分子对接相关,王启龙（前期工作区）,03-课题-MASH研究-v2
03-课题-MASH研究-v2/docking/outputs/np014_procyanidin_B2_FASN.pdbqt,MASH研究v2·分子对接相关,王启龙（前期工作区）,03-课题-MASH研究-v2
03-课题-MASH研究-v2/docking/outputs/np014_procyanidin_B2_THRB.pdbqt,MASH研究v2·分子对接相关,王启龙（前期工作区）,03-课题-MASH研究-v2
03-课题-MASH研究-v2/docking/outputs/np015_ursolic_acid_FASN.pdbqt,MASH研究v2·分子对接相关,王启龙（前期工作区）,03-课题-MASH研究-v2
03-课题-MASH研究-v2/docking/outputs/np015_ursolic_acid_THRB.pdbqt,MASH研究v2·分子对接相关,王启龙（前期工作区）,03-课题-MASH研究-v2
03-课题-MASH研究-v2/docking/outputs/np016_oleanolic_acid_FASN.pdbqt,MASH研究v2·分子对接相关,王启龙（前期工作区）,03-课题-MASH研究-v2
03-课题-MASH研究-v2/docking/outputs/np016_oleanolic_acid_THRB.pdbqt,MASH研究v2·分子对接相关,王启龙（前期工作区）,03-课题-MASH研究-v2
03-课题-MASH研究-v2/docking/outputs/np017_corosolic_acid_FASN.pdbqt,MASH研究v2·分子对接相关,王启龙（前期工作区）,03-课题-MASH研究-v2
03-课题-MASH研究-v2/docking/outputs/np017_corosolic_acid_THRB.pdbqt,MASH研究v2·分子对接相关,王启龙（前期工作区）,03-课题-MASH研究-v2
03-课题-MASH研究-v2/docking/outputs/np018_maslinic_acid_FASN.pdbqt,MASH研究v2·分子对接相关,王启龙（前期工作区）,03-课题-MASH研究-v2
03-课题-MASH研究-v2/docking/outputs/np018_maslinic_acid_THRB.pdbqt,MASH研究v2·分子对接相关,王启龙（前期工作区）,03-课题-MASH研究-v2
03-课题-MASH研究-v2/docking/outputs/np019_tormentic_acid_FASN.pdbqt,MASH研究v2·分子对接相关,王启龙（前期工作区）,03-课题-MASH研究-v2
03-课题-MASH研究-v2/docking/outputs/np019_tormentic_acid_THRB.pdbqt,MASH研究v2·分子对接相关,王启龙（前期工作区）,03-课题-MASH研究-v2
03-课题-MASH研究-v2/docking/outputs/np020_alisol_A_FASN.pdbqt,MASH研究v2·分子对接相关,王启龙（前期工作区）,03-课题-MASH研究-v2
03-课题-MASH研究-v2/docking/outputs/np020_alisol_A_THRB.pdbqt,MASH研究v2·分子对接相关,王启龙（前期工作区）,03-课题-MASH研究-v2
03-课题-MASH研究-v2/docking/outputs/np021_alisol_B_FASN.pdbqt,MASH研究v2·分子对接相关,王启龙（前期工作区）,03-课题-MASH研究-v2
03-课题-MASH研究-v2/docking/outputs/np021_alisol_B_THRB.pdbqt,MASH研究v2·分子对接相关,王启龙（前期工作区）,03-课题-MASH研究-v2
03-课题-MASH研究-v2/docking/outputs/np022_alisol_C_FASN.pdbqt,MASH研究v2·分子对接相关,王启龙（前期工作区）,03-课题-MASH研究-v2
03-课题-MASH研究-v2/docking/outputs/np022_alisol_C_THRB.pdbqt,MASH研究v2·分子对接相关,王启龙（前期工作区）,03-课题-MASH研究-v2
03-课题-MASH研究-v2/docking/outputs/np023_alisol_B_acetate_FASN.pdbqt,MASH研究v2·分子对接相关,王启龙（前期工作区）,03-课题-MASH研究-v2
03-课题-MASH研究-v2/docking/outputs/np023_alisol_B_acetate_THRB.pdbqt,MASH研究v2·分子对接相关,王启龙（前期工作区）,03-课题-MASH研究-v2
03-课题-MASH研究-v2/docking/outputs/np024_16_oxo_alisol_A_FASN.pdbqt,MASH研究v2·分子对接相关,王启龙（前期工作区）,03-课题-MASH研究-v2
03-课题-MASH研究-v2/docking/outputs/np024_16_oxo_alisol_A_THRB.pdbqt,MASH研究v2·分子对接相关,王启龙（前期工作区）,03-课题-MASH研究-v2
03-课题-MASH研究-v2/docking/outputs/np025_alismol_FASN.pdbqt,MASH研究v2·分子对接相关,王启龙（前期工作区）,03-课题-MASH研究-v2
03-课题-MASH研究-v2/docking/outputs/np025_alismol_THRB.pdbqt,MASH研究v2·分子对接相关,王启龙（前期工作区）,03-课题-MASH研究-v2
03-课题-MASH研究-v2/docking/outputs/np026_alismoxide_FASN.pdbqt,MASH研究v2·分子对接相关,王启龙（前期工作区）,03-课题-MASH研究-v2
03-课题-MASH研究-v2/docking/outputs/np026_alismoxide_THRB.pdbqt,MASH研究v2·分子对接相关,王启龙（前期工作区）,03-课题-MASH研究-v2
03-课题-MASH研究-v2/docking/outputs/np027_obtusifolin_FASN.pdbqt,MASH研究v2·分子对接相关,王启龙（前期工作区）,03-课题-MASH研究-v2
03-课题-MASH研究-v2/docking/outputs/np027_obtusifolin_THRB.pdbqt,MASH研究v2·分子对接相关,王启龙（前期工作区）,03-课题-MASH研究-v2
03-课题-MASH研究-v2/docking/outputs/np028_obtusin_FASN.pdbqt,MASH研究v2·分子对接相关,王启龙（前期工作区）,03-课题-MASH研究-v2
03-课题-MASH研究-v2/docking/outputs/np028_obtusin_THRB.pdbqt,MASH研究v2·分子对接相关,王启龙（前期工作区）,03-课题-MASH研究-v2
03-课题-MASH研究-v2/docking/outputs/np029_aurantio_obtusin_FASN.pdbqt,MASH研究v2·分子对接相关,王启龙（前期工作区）,03-课题-MASH研究-v2
03-课题-MASH研究-v2/docking/outputs/np029_aurantio_obtusin_THRB.pdbqt,MASH研究v2·分子对接相关,王启龙（前期工作区）,03-课题-MASH研究-v2
03-课题-MASH研究-v2/docking/outputs/np030_chryso_obtusin_FASN.pdbqt,MASH研究v2·分子对接相关,王启龙（前期工作区）,03-课题-MASH研究-v2
03-课题-MASH研究-v2/docking/outputs/np030_chryso_obtusin_THRB.pdbqt,MASH研究v2·分子对接相关,王启龙（前期工作区）,03-课题-MASH研究-v2
03-课题-MASH研究-v2/docking/outputs/np031_rubrofusarin_FASN.pdbqt,MASH研究v2·分子对接相关,王启龙（前期工作区）,03-课题-MASH研究-v2
03-课题-MASH研究-v2/docking/outputs/np031_rubrofusarin_THRB.pdbqt,MASH研究v2·分子对接相关,王启龙（前期工作区）,03-课题-MASH研究-v2
03-课题-MASH研究-v2/docking/outputs/np032_toralactone_FASN.pdbqt,MASH研究v2·分子对接相关,王启龙（前期工作区）,03-课题-MASH研究-v2
03-课题-MASH研究-v2/docking/outputs/np032_toralactone_THRB.pdbqt,MASH研究v2·分子对接相关,王启龙（前期工作区）,03-课题-MASH研究-v2
03-课题-MASH研究-v2/docking/outputs/np033_puerarin_FASN.pdbqt,MASH研究v2·分子对接相关,王启龙（前期工作区）,03-课题-MASH研究-v2
03-课题-MASH研究-v2/docking/outputs/np033_puerarin_THRB.pdbqt,MASH研究v2·分子对接相关,王启龙（前期工作区）,03-课题-MASH研究-v2
03-课题-MASH研究-v2/docking/outputs/np034_daidzein_FASN.pdbqt,MASH研究v2·分子对接相关,王启龙（前期工作区）,03-课题-MASH研究-v2
03-课题-MASH研究-v2/docking/outputs/np034_daidzein_THRB.pdbqt,MASH研究v2·分子对接相关,王启龙（前期工作区）,03-课题-MASH研究-v2
03-课题-MASH研究-v2/docking/outputs/np035_daidzin_FASN.pdbqt,MASH研究v2·分子对接相关,王启龙（前期工作区）,03-课题-MASH研究-v2
03-课题-MASH研究-v2/docking/outputs/np035_daidzin_THRB.pdbqt,MASH研究v2·分子对接相关,王启龙（前期工作区）,03-课题-MASH研究-v2
03-课题-MASH研究-v2/docking/outputs/np036_genistin_FASN.pdbqt,MASH研究v2·分子对接相关,王启龙（前期工作区）,03-课题-MASH研究-v2
03-课题-MASH研究-v2/docking/outputs/np036_genistin_THRB.pdbqt,MASH研究v2·分子对接相关,王启龙（前期工作区）,03-课题-MASH研究-v2
03-课题-MASH研究-v2/docking/outputs/np037_formononetin_FASN.pdbqt,MASH研究v2·分子对接相关,王启龙（前期工作区）,03-课题-MASH研究-v2
03-课题-MASH研究-v2/docking/outputs/np037_formononetin_THRB.pdbqt,MASH研究v2·分子对接相关,王启龙（前期工作区）,03-课题-MASH研究-v2
03-课题-MASH研究-v2/docking/outputs/np038_biochanin_A_FASN.pdbqt,MASH研究v2·分子对接相关,王启龙（前期工作区）,03-课题-MASH研究-v2
03-课题-MASH研究-v2/docking/outputs/np038_biochanin_A_THRB.pdbqt,MASH研究v2·分子对接相关,王启龙（前期工作区）,03-课题-MASH研究-v2
03-课题-MASH研究-v2/docking/outputs/np039_3_methoxydaidzein_FASN.pdbqt,MASH研究v2·分子对接相关,王启龙（前期工作区）,03-课题-MASH研究-v2
03-课题-MASH研究-v2/docking/outputs/np039_3_methoxydaidzein_THRB.pdbqt,MASH研究v2·分子对接相关,王启龙（前期工作区）,03-课题-MASH研究-v2
03-课题-MASH研究-v2/docking/outputs/np040_ononin_FASN.pdbqt,MASH研究v2·分子对接相关,王启龙（前期工作区）,03-课题-MASH研究-v2
03-课题-MASH研究-v2/docking/outputs/np040_ononin_THRB.pdbqt,MASH研究v2·分子对接相关,王启龙（前期工作区）,03-课题-MASH研究-v2
03-课题-MASH研究-v2/docking/outputs/np041_sarmentosin_FASN.pdbqt,MASH研究v2·分子对接相关,王启龙（前期工作区）,03-课题-MASH研究-v2
03-课题-MASH研究-v2/docking/outputs/np041_sarmentosin_THRB.pdbqt,MASH研究v2·分子对接相关,王启龙（前期工作区）,03-课题-MASH研究-v2
03-课题-MASH研究-v2/docking/outputs/np042_hypophyllanthin_FASN.pdbqt,MASH研究v2·分子对接相关,王启龙（前期工作区）,03-课题-MASH研究-v2
03-课题-MASH研究-v2/docking/outputs/np042_hypophyllanthin_THRB.pdbqt,MASH研究v2·分子对接相关,王启龙（前期工作区）,03-课题-MASH研究-v2
03-课题-MASH研究-v2/docking/outputs/np043_nirtetralin_FASN.pdbqt,MASH研究v2·分子对接相关,王启龙（前期工作区）,03-课题-MASH研究-v2
03-课题-MASH研究-v2/docking/outputs/np043_nirtetralin_THRB.pdbqt,MASH研究v2·分子对接相关,王启龙（前期工作区）,03-课题-MASH研究-v2
03-课题-MASH研究-v2/docking/outputs/np044_niranthin_FASN.pdbqt,MASH研究v2·分子对接相关,王启龙（前期工作区）,03-课题-MASH研究-v2
03-课题-MASH研究-v2/docking/outputs/np044_niranthin_THRB.pdbqt,MASH研究v2·分子对接相关,王启龙（前期工作区）,03-课题-MASH研究-v2
03-课题-MASH研究-v2/docking/outputs/np045_1_deoxynojirimycin_FASN.pdbqt,MASH研究v2·分子对接相关,王启龙（前期工作区）,03-课题-MASH研究-v2
03-课题-MASH研究-v2/docking/outputs/np045_1_deoxynojirimycin_THRB.pdbqt,MASH研究v2·分子对接相关,王启龙（前期工作区）,03-课题-MASH研究-v2
03-课题-MASH研究-v2/docking/outputs/np046_oxyresveratrol_FASN.pdbqt,MASH研究v2·分子对接相关,王启龙（前期工作区）,03-课题-MASH研究-v2
03-课题-MASH研究-v2/docking/outputs/np046_oxyresveratrol_THRB.pdbqt,MASH研究v2·分子对接相关,王启龙（前期工作区）,03-课题-MASH研究-v2
03-课题-MASH研究-v2/docking/outputs/np047_astragalin_FASN.pdbqt,MASH研究v2·分子对接相关,王启龙（前期工作区）,03-课题-MASH研究-v2
03-课题-MASH研究-v2/docking/outputs/np047_astragalin_THRB.pdbqt,MASH研究v2·分子对接相关,王启龙（前期工作区）,03-课题-MASH研究-v2
03-课题-MASH研究-v2/docking/outputs/np048_moracin_N_FASN.pdbqt,MASH研究v2·分子对接相关,王启龙（前期工作区）,03-课题-MASH研究-v2
03-课题-MASH研究-v2/docking/outputs/np048_moracin_N_THRB.pdbqt,MASH研究v2·分子对接相关,王启龙（前期工作区）,03-课题-MASH研究-v2
03-课题-MASH研究-v2/docking/outputs/np049_moracin_M_FASN.pdbqt,MASH研究v2·分子对接相关,王启龙（前期工作区）,03-课题-MASH研究-v2
03-课题-MASH研究-v2/docking/outputs/np049_moracin_M_THRB.pdbqt,MASH研究v2·分子对接相关,王启龙（前期工作区）,03-课题-MASH研究-v2
03-课题-MASH研究-v2/docking/outputs/np050_mulberrofuran_G_FASN.pdbqt,MASH研究v2·分子对接相关,王启龙（前期工作区）,03-课题-MASH研究-v2
03-课题-MASH研究-v2/docking/outputs/np050_mulberrofuran_G_THRB.pdbqt,MASH研究v2·分子对接相关,王启龙（前期工作区）,03-课题-MASH研究-v2
03-课题-MASH研究-v2/docking/outputs/np051_piceid_FASN.pdbqt,MASH研究v2·分子对接相关,王启龙（前期工作区）,03-课题-MASH研究-v2
03-课题-MASH研究-v2/docking/outputs/np051_piceid_THRB.pdbqt,MASH研究v2·分子对接相关,王启龙（前期工作区）,03-课题-MASH研究-v2
03-课题-MASH研究-v2/docking/outputs/np052_catechin_FASN.pdbqt,MASH研究v2·分子对接相关,王启龙（前期工作区）,03-课题-MASH研究-v2
03-课题-MASH研究-v2/docking/outputs/np052_catechin_THRB.pdbqt,MASH研究v2·分子对接相关,王启龙（前期工作区）,03-课题-MASH研究-v2
03-课题-MASH研究-v2/docking/outputs/np053_torachrysone_FASN.pdbqt,MASH研究v2·分子对接相关,王启龙（前期工作区）,03-课题-MASH研究-v2
03-课题-MASH研究-v2/docking/outputs/np053_torachrysone_THRB.pdbqt,MASH研究v2·分子对接相关,王启龙（前期工作区）,03-课题-MASH研究-v2
03-课题-MASH研究-v2/docking/receptors/FASN_7MHD.pdbqt,MASH研究v2·分子对接相关,王启龙（前期工作区）,03-课题-MASH研究-v2
03-课题-MASH研究-v2/docking/receptors/FASN_7MHD_ZEP_crystal.sdf,MASH研究v2·分子对接相关,王启龙（前期工作区）,03-课题-MASH研究-v2
03-课题-MASH研究-v2/docking/receptors/FASN_7MHD_ZEP_lig.pdb,MASH研究v2·分子对接相关,王启龙（前期工作区）,03-课题-MASH研究-v2
03-课题-MASH研究-v2/docking/receptors/FASN_7MHD_badres.txt,MASH研究v2·分子对接相关,王启龙（前期工作区）,03-课题-MASH研究-v2
03-课题-MASH研究-v2/docking/receptors/FASN_7MHD_clean.pdb,MASH研究v2·分子对接相关,王启龙（前期工作区）,03-课题-MASH研究-v2
03-课题-MASH研究-v2/docking/receptors/THRB_2J4A.pdbqt,MASH研究v2·分子对接相关,王启龙（前期工作区）,03-课题-MASH研究-v2
03-课题-MASH研究-v2/docking/receptors/THRB_2J4A_OEF_crystal.sdf,MASH研究v2·分子对接相关,王启龙（前期工作区）,03-课题-MASH研究-v2
03-课题-MASH研究-v2/docking/receptors/THRB_2J4A_OEF_lig.pdb,MASH研究v2·分子对接相关,王启龙（前期工作区）,03-课题-MASH研究-v2
03-课题-MASH研究-v2/docking/receptors/THRB_2J4A_badres.txt,MASH研究v2·分子对接相关,王启龙（前期工作区）,03-课题-MASH研究-v2
03-课题-MASH研究-v2/docking/receptors/THRB_2J4A_clean.pdb,MASH研究v2·分子对接相关,王启龙（前期工作区）,03-课题-MASH研究-v2
03-课题-MASH研究-v2/docking/redock_gate.json,MASH研究v2·分子对接相关,王启龙（前期工作区）,03-课题-MASH研究-v2
03-课题-MASH研究-v2/generate_report_pdf.py,MASH研究v2·生成脚本,王启龙（前期工作区）,03-课题-MASH研究-v2
03-课题-MASH研究-v2/make_result_pdf.py,MASH研究v2·生成脚本,王启龙（前期工作区）,03-课题-MASH研究-v2
03-课题-MASH研究-v2/mash_v2_results.pdf,MASH研究v2·结果数据相关,王启龙（前期工作区）,03-课题-MASH研究-v2
03-课题-MASH研究-v2/mash_v2_结果可视化.pdf,MASH研究v2·PDF文档,王启龙（前期工作区）,03-课题-MASH研究-v2
03-课题-MASH研究-v2/research/chembl_pdb_scout.json,MASH研究v2·研究笔记相关,王启龙（前期工作区）,03-课题-MASH研究-v2
03-课题-MASH研究-v2/research/geo_candidates.json,MASH研究v2·研究笔记相关,王启龙（前期工作区）,03-课题-MASH研究-v2
03-课题-MASH研究-v2/research/literature_notes.md,MASH研究v2·研究笔记相关,王启龙（前期工作区）,03-课题-MASH研究-v2
03-课题-MASH研究-v2/results/figures/chart1_target_validation.png,MASH研究v2·结果数据相关,王启龙（前期工作区）,03-课题-MASH研究-v2
03-课题-MASH研究-v2/results/figures/chart2_qsar.png,MASH研究v2·结果数据相关,王启龙（前期工作区）,03-课题-MASH研究-v2
03-课题-MASH研究-v2/results/figures/chart3_ad_docking.png,MASH研究v2·分子对接相关,王启龙（前期工作区）,03-课题-MASH研究-v2
03-课题-MASH研究-v2/results/figures/chart4_topsis.png,MASH研究v2·结果数据相关,王启龙（前期工作区）,03-课题-MASH研究-v2
03-课题-MASH研究-v2/results/figures/chart5_confidence.png,MASH研究v2·结果数据相关,王启龙（前期工作区）,03-课题-MASH研究-v2
03-课题-MASH研究-v2/results/figures/chart6_controls.png,MASH研究v2·结果数据相关,王启龙（前期工作区）,03-课题-MASH研究-v2
03-课题-MASH研究-v2/results/figures/preview_p1.png,MASH研究v2·结果数据相关,王启龙（前期工作区）,03-课题-MASH研究-v2
03-课题-MASH研究-v2/results/figures/preview_p2.png,MASH研究v2·结果数据相关,王启龙（前期工作区）,03-课题-MASH研究-v2
03-课题-MASH研究-v2/results/figures/preview_p5.png,MASH研究v2·结果数据相关,王启龙（前期工作区）,03-课题-MASH研究-v2
03-课题-MASH研究-v2/results/figures/preview_p7.png,MASH研究v2·结果数据相关,王启龙（前期工作区）,03-课题-MASH研究-v2
03-课题-MASH研究-v2/results/figures/preview_v2_p1.png,MASH研究v2·结果数据相关,王启龙（前期工作区）,03-课题-MASH研究-v2
03-课题-MASH研究-v2/results/figures/preview_v2_p2.png,MASH研究v2·结果数据相关,王启龙（前期工作区）,03-课题-MASH研究-v2
03-课题-MASH研究-v2/results/figures/preview_v2_p5.png,MASH研究v2·结果数据相关,王启龙（前期工作区）,03-课题-MASH研究-v2
03-课题-MASH研究-v2/results/figures/preview_v2_p6.png,MASH研究v2·结果数据相关,王启龙（前期工作区）,03-课题-MASH研究-v2
03-课题-MASH研究-v2/results/figures/result_compound_top.png,MASH研究v2·结果数据相关,王启龙（前期工作区）,03-课题-MASH研究-v2
03-课题-MASH研究-v2/results/figures/result_docking.png,MASH研究v2·分子对接相关,王启龙（前期工作区）,03-课题-MASH研究-v2
03-课题-MASH研究-v2/results/figures/result_herb_rank.png,MASH研究v2·结果数据相关,王启龙（前期工作区）,03-课题-MASH研究-v2
03-课题-MASH研究-v2/results/figures/result_process.png,MASH研究v2·结果数据相关,王启龙（前期工作区）,03-课题-MASH研究-v2
03-课题-MASH研究-v2/results/figures/result_qsar.png,MASH研究v2·结果数据相关,王启龙（前期工作区）,03-课题-MASH研究-v2
03-课题-MASH研究-v2/results/figures/result_target.png,MASH研究v2·结果数据相关,王启龙（前期工作区）,03-课题-MASH研究-v2
03-课题-MASH研究-v2/results/tables/FASN_cluster_split_testpred.csv,MASH研究v2·结果数据相关,王启龙（前期工作区）,03-课题-MASH研究-v2
03-课题-MASH研究-v2/results/tables/SCD1_cluster_split_testpred.csv,MASH研究v2·结果数据相关,王启龙（前期工作区）,03-课题-MASH研究-v2
03-课题-MASH研究-v2/results/tables/THRB_cluster_split_testpred.csv,MASH研究v2·结果数据相关,王启龙（前期工作区）,03-课题-MASH研究-v2
03-课题-MASH研究-v2/results/tables/herb_priority_new.csv,MASH研究v2·结果数据相关,王启龙（前期工作区）,03-课题-MASH研究-v2
03-课题-MASH研究-v2/results/tables/kegg_ora_new.csv,MASH研究v2·结果数据相关,王启龙（前期工作区）,03-课题-MASH研究-v2
03-课题-MASH研究-v2/results/tables/np_docking_raw_new.csv,MASH研究v2·分子对接相关,王启龙（前期工作区）,03-课题-MASH研究-v2
03-课题-MASH研究-v2/results/tables/np_predictions_new.csv,MASH研究v2·结果数据相关,王启龙（前期工作区）,03-课题-MASH研究-v2
03-课题-MASH研究-v2/results/tables/np_topsis_full.csv,MASH研究v2·结果数据相关,王启龙（前期工作区）,03-课题-MASH研究-v2
03-课题-MASH研究-v2/results/tables/positive_controls_docking_new.csv,MASH研究v2·分子对接相关,王启龙（前期工作区）,03-课题-MASH研究-v2
03-课题-MASH研究-v2/results/tables/s1_summary.json,MASH研究v2·结果数据相关,王启龙（前期工作区）,03-课题-MASH研究-v2
03-课题-MASH研究-v2/results/tables/s3_qsar_metrics.json,MASH研究v2·结果数据相关,王启龙（前期工作区）,03-课题-MASH研究-v2
03-课题-MASH研究-v2/results/tables/s4_summary.json,MASH研究v2·结果数据相关,王启龙（前期工作区）,03-课题-MASH研究-v2
03-课题-MASH研究-v2/results/tables/s6_summary.json,MASH研究v2·结果数据相关,王启龙（前期工作区）,03-课题-MASH研究-v2
03-课题-MASH研究-v2/results/tables/target_validation_new.csv,MASH研究v2·结果数据相关,王启龙（前期工作区）,03-课题-MASH研究-v2
03-课题-MASH研究-v2/results/tables/top20_priority.csv,MASH研究v2·结果数据相关,王启龙（前期工作区）,03-课题-MASH研究-v2
03-课题-MASH研究-v2/src/s0_data_scout.py,MASH研究v2·源代码相关,王启龙（前期工作区）,03-课题-MASH研究-v2
03-课题-MASH研究-v2/src/s1_geo_deg.py,MASH研究v2·源代码相关,王启龙（前期工作区）,03-课题-MASH研究-v2
03-课题-MASH研究-v2/src/s1b_de.py,MASH研究v2·源代码相关,王启龙（前期工作区）,03-课题-MASH研究-v2
03-课题-MASH研究-v2/src/s1c_meta.py,MASH研究v2·源代码相关,王启龙（前期工作区）,03-课题-MASH研究-v2
03-课题-MASH研究-v2/src/s2_chembl.py,MASH研究v2·源代码相关,王启龙（前期工作区）,03-课题-MASH研究-v2
03-课题-MASH研究-v2/src/s3_qsar.py,MASH研究v2·源代码相关,王启龙（前期工作区）,03-课题-MASH研究-v2
03-课题-MASH研究-v2/src/s4_library.py,MASH研究v2·源代码相关,王启龙（前期工作区）,03-课题-MASH研究-v2
03-课题-MASH研究-v2/src/s5a_prep.py,MASH研究v2·源代码相关,王启龙（前期工作区）,03-课题-MASH研究-v2
03-课题-MASH研究-v2/src/s5b_redock.py,MASH研究v2·源代码相关,王启龙（前期工作区）,03-课题-MASH研究-v2
03-课题-MASH研究-v2/src/s5c_batch.py,MASH研究v2·源代码相关,王启龙（前期工作区）,03-课题-MASH研究-v2
03-课题-MASH研究-v2/src/s6_topsis.py,MASH研究v2·源代码相关,王启龙（前期工作区）,03-课题-MASH研究-v2
03-课题-MASH研究-v2/tools/vina_1.2.5_win.exe,MASH研究v2·工具脚本相关,王启龙（前期工作区）,03-课题-MASH研究-v2
04-论文/figs/fig1_dual_split.png,论文·图片,王启龙（前期工作区）,04-论文
04-论文/figs/fig1_source_data.csv,论文·CSV数据表,王启龙（前期工作区）,04-论文
04-论文/figs/fig2_recalibration.png,论文·图片,王启龙（前期工作区）,04-论文
04-论文/figs/fig2_source_data.csv,论文·CSV数据表,王启龙（前期工作区）,04-论文
04-论文/figs/fig3_source_data.csv,论文·CSV数据表,王启龙（前期工作区）,04-论文
04-论文/figs/fig3_tiers.png,论文·图片,王启龙（前期工作区）,04-论文
04-论文/figs/fig4_cwbcs.png,论文·图片,王启龙（前期工作区）,04-论文
04-论文/figs/fig4_source_data.csv,论文·CSV数据表,王启龙（前期工作区）,04-论文
04-论文/figs/report/figA_collapse.png,论文·图片,王启龙（前期工作区）,04-论文
04-论文/figs/report/figB_coverage.png,论文·图片,王启龙（前期工作区）,04-论文
04-论文/figs/report/figC_width.png,论文·图片,王启龙（前期工作区）,04-论文
04-论文/figs/report/figD_shrinkage.png,论文·图片,王启龙（前期工作区）,04-论文
04-论文/figs/report/figE_tiers.png,论文·图片,王启龙（前期工作区）,04-论文
04-论文/figs/report/figF_sigma.png,论文·图片,王启龙（前期工作区）,04-论文
04-论文/generate_manuscript_pdf.py,论文·生成脚本,王启龙（前期工作区）,04-论文
04-论文/generate_zh_pdf.py,论文·生成脚本,王启龙（前期工作区）,04-论文
04-论文/make_figures.py,论文·图表生成脚本,王启龙（前期工作区）,04-论文
04-论文/manuscript.md,论文·Markdown文档,王启龙（前期工作区）,04-论文
04-论文/manuscript_zh.md,论文·Markdown文档,王启龙（前期工作区）,04-论文
04-论文/supporting_information.md,论文·Markdown文档,王启龙（前期工作区）,04-论文
04-论文/verify_matlab.m,论文·数据/资料文件,王启龙（前期工作区）,04-论文
04-论文/导读_中文阅读指南.md,论文·Markdown文档,王启龙（前期工作区）,04-论文
04-论文/结果报告.html,论文·HTML页面/报告源文件,王启龙（前期工作区）,04-论文
04-论文/结果报告_可视化.pdf,论文·PDF文档,王启龙（前期工作区）,04-论文
04-论文/论文_SCI排版稿.pdf,论文·PDF文档,王启龙（前期工作区）,04-论文
04-论文/论文_中文通俗版.pdf,论文·PDF文档,王启龙（前期工作区）,04-论文
05-申报-国创赛/generate_国创赛项目计划书.py,国创赛申报·生成脚本,王启龙（前期工作区）,05-申报-国创赛
05-申报-国创赛/国创赛学生操作手册2026(1).pdf,国创赛申报·PDF文档,王启龙（前期工作区）,05-申报-国创赛
05-申报-国创赛/国创赛报名信息填写对照表.md,国创赛申报·Markdown文档,王启龙（前期工作区）,05-申报-国创赛
05-申报-国创赛/国创赛项目计划书_基于贝叶斯图神经网络的抗MASH天然药物筛选.pdf,国创赛申报·PDF文档,王启龙（前期工作区）,05-申报-国创赛
05-申报-国创赛/国创赛项目计划书_封面源文件.html,国创赛申报·HTML页面/报告源文件,王启龙（前期工作区）,05-申报-国创赛
05-申报-国创赛/基于贝叶斯图神经网络的抗MASH天然药物筛选项目_20260608212055.pdf,国创赛申报·PDF文档,王启龙（前期工作区）,05-申报-国创赛
06-申报-大创结题/A_anon.txt,大创结题·文本文件,王启龙、姜希伟（前期申报）,06-申报-大创结题
06-申报-大创结题/B_named.txt,大创结题·文本文件,王启龙、姜希伟（前期申报）,06-申报-大创结题
06-申报-大创结题/C_full.txt,大创结题·文本文件,王启龙、姜希伟（前期申报）,06-申报-大创结题
06-申报-大创结题/extracted_full.txt,大创结题·文本文件,王启龙、姜希伟（前期申报）,06-申报-大创结题
06-申报-大创结题/医疗器械学院-​基于贝叶斯图神经网络的抗MASH天然药物筛选-匿名版.pdf,大创结题·PDF文档,王启龙、姜希伟（前期申报）,06-申报-大创结题
06-申报-大创结题/医疗器械学院-姜希伟-王启龙-​基于贝叶斯图神经网络的抗MASH天然药物筛选.pdf,大创结题·PDF文档,王启龙、姜希伟（前期申报）,06-申报-大创结题
06-申报-大创结题/大创全流程综合结题分析报告.pdf,大创结题·PDF文档,王启龙、姜希伟（前期申报）,06-申报-大创结题
06-申报-大创结题/大创汇报与湿实验路线图.pdf,大创结题·PDF文档,王启龙、姜希伟（前期申报）,06-申报-大创结题
07-整合报告/generate_抗MASH研究最终整合报告.py,整合报告·生成脚本,王启龙（前期工作区）,07-整合报告
07-整合报告/qa预览图/contact_1.png,整合报告·报告质检预览图相关,王启龙（前期工作区）,07-整合报告
07-整合报告/qa预览图/contact_2.png,整合报告·报告质检预览图相关,王启龙（前期工作区）,07-整合报告
07-整合报告/qa预览图/contact_3.png,整合报告·报告质检预览图相关,王启龙（前期工作区）,07-整合报告
07-整合报告/qa预览图/contact_4.png,整合报告·报告质检预览图相关,王启龙（前期工作区）,07-整合报告
07-整合报告/qa预览图/p01.png,整合报告·报告质检预览图相关,王启龙（前期工作区）,07-整合报告
07-整合报告/qa预览图/p02.png,整合报告·报告质检预览图相关,王启龙（前期工作区）,07-整合报告
07-整合报告/qa预览图/p03.png,整合报告·报告质检预览图相关,王启龙（前期工作区）,07-整合报告
07-整合报告/qa预览图/p04.png,整合报告·报告质检预览图相关,王启龙（前期工作区）,07-整合报告
07-整合报告/qa预览图/p05.png,整合报告·报告质检预览图相关,王启龙（前期工作区）,07-整合报告
07-整合报告/qa预览图/p06.png,整合报告·报告质检预览图相关,王启龙（前期工作区）,07-整合报告
07-整合报告/qa预览图/p07.png,整合报告·报告质检预览图相关,王启龙（前期工作区）,07-整合报告
07-整合报告/qa预览图/p08.png,整合报告·报告质检预览图相关,王启龙（前期工作区）,07-整合报告
07-整合报告/qa预览图/p09.png,整合报告·报告质检预览图相关,王启龙（前期工作区）,07-整合报告
07-整合报告/qa预览图/p10.png,整合报告·报告质检预览图相关,王启龙（前期工作区）,07-整合报告
07-整合报告/qa预览图/p11.png,整合报告·报告质检预览图相关,王启龙（前期工作区）,07-整合报告
07-整合报告/qa预览图/p12.png,整合报告·报告质检预览图相关,王启龙（前期工作区）,07-整合报告
07-整合报告/qa预览图/p13.png,整合报告·报告质检预览图相关,王启龙（前期工作区）,07-整合报告
07-整合报告/qa预览图/p13_final.png,整合报告·报告质检预览图相关,王启龙（前期工作区）,07-整合报告
07-整合报告/抗MASH研究最终整合报告.md,整合报告·Markdown文档,王启龙（前期工作区）,07-整合报告
07-整合报告/抗MASH研究最终整合报告.pdf,整合报告·PDF文档,王启龙（前期工作区）,07-整合报告
07-整合报告/抗MASH研究最终整合报告_封面.html,整合报告·HTML页面/报告源文件,王启龙（前期工作区）,07-整合报告
07-整合报告/抗MASH研究最终整合报告_封面.pdf,整合报告·PDF文档,王启龙（前期工作区）,07-整合报告
07-整合报告/抗MASH研究最终整合报告_正文.pdf,整合报告·PDF文档,王启龙（前期工作区）,07-整合报告
08-工具脚本/generate_final_report.py,工具脚本·生成脚本,王启龙（前期工作区）,08-工具脚本
08-工具脚本/generate_fpdf.py,工具脚本·生成脚本,王启龙（前期工作区）,08-工具脚本
08-工具脚本/generate_playwright_pdf.py,工具脚本·生成脚本,王启龙（前期工作区）,08-工具脚本
08-工具脚本/generate_roadmap_pdf.py,工具脚本·生成脚本,王启龙（前期工作区）,08-工具脚本
08-工具脚本/report.html,工具脚本·HTML页面/报告源文件,王启龙（前期工作区）,08-工具脚本
08-工具脚本/roadmap.html,工具脚本·HTML页面/报告源文件,王启龙（前期工作区）,08-工具脚本
09-过程资料/roundtable/con_r1.md,过程资料·圆桌讨论记录相关,王启龙（前期工作区）,09-过程资料
09-过程资料/roundtable/con_r2.md,过程资料·圆桌讨论记录相关,王启龙（前期工作区）,09-过程资料
09-过程资料/roundtable/cover.html,过程资料·圆桌讨论记录相关,王启龙（前期工作区）,09-过程资料
09-过程资料/roundtable/cover.pdf,过程资料·圆桌讨论记录相关,王启龙（前期工作区）,09-过程资料
09-过程资料/roundtable/discussion.md,过程资料·圆桌讨论记录相关,王启龙（前期工作区）,09-过程资料
09-过程资料/roundtable/generate_report.py,过程资料·圆桌讨论记录生成脚本,王启龙（前期工作区）,09-过程资料
09-过程资料/roundtable/group/group_decisions.md,过程资料·圆桌讨论记录相关,王启龙（前期工作区）,09-过程资料
09-过程资料/roundtable/group/m1_methodology.md,过程资料·圆桌讨论记录相关,王启龙（前期工作区）,09-过程资料
09-过程资料/roundtable/group/m2_pharmacology.md,过程资料·圆桌讨论记录相关,王启龙（前期工作区）,09-过程资料
09-过程资料/roundtable/group/m3_data.md,过程资料·圆桌讨论记录相关,王启龙（前期工作区）,09-过程资料
09-过程资料/roundtable/group/r1_methodology.md,过程资料·圆桌讨论记录相关,王启龙（前期工作区）,09-过程资料
09-过程资料/roundtable/group/r2_pharmacology.md,过程资料·圆桌讨论记录相关,王启龙（前期工作区）,09-过程资料
09-过程资料/roundtable/group/r3_data.md,过程资料·圆桌讨论记录相关,王启龙（前期工作区）,09-过程资料
09-过程资料/roundtable/judge_verdict.md,过程资料·圆桌讨论记录相关,王启龙（前期工作区）,09-过程资料
09-过程资料/roundtable/pro_r1.md,过程资料·圆桌讨论记录相关,王启龙（前期工作区）,09-过程资料
09-过程资料/roundtable/pro_r2.md,过程资料·圆桌讨论记录相关,王启龙（前期工作区）,09-过程资料
09-过程资料/roundtable/qa_p2.png,过程资料·圆桌讨论记录相关,王启龙（前期工作区）,09-过程资料
09-过程资料/roundtable/qa_p7.png,过程资料·圆桌讨论记录相关,王启龙（前期工作区）,09-过程资料
09-过程资料/roundtable/report_body.pdf,过程资料·圆桌讨论记录相关,王启龙（前期工作区）,09-过程资料
09-过程资料/roundtable/rt2_fix_list.md,过程资料·圆桌讨论记录相关,王启龙（前期工作区）,09-过程资料
09-过程资料/roundtable/rt2_r1_method.md,过程资料·圆桌讨论记录相关,王启龙（前期工作区）,09-过程资料
09-过程资料/roundtable/rt2_r2_pharm.md,过程资料·圆桌讨论记录相关,王启龙（前期工作区）,09-过程资料
09-过程资料/roundtable/rt2_r3_readability.md,过程资料·圆桌讨论记录相关,王启龙（前期工作区）,09-过程资料
09-过程资料/roundtable/大创研发思路圆桌评估与修正报告.pdf,过程资料·圆桌讨论记录相关,王启龙（前期工作区）,09-过程资料
09-过程资料/roundtable/最终报告_研发思路修正终稿.md,过程资料·圆桌讨论记录相关,王启龙（前期工作区）,09-过程资料
09-过程资料/roundtable2/discussion.md,过程资料·圆桌讨论记录相关,王启龙（前期工作区）,09-过程资料
09-过程资料/roundtable2/revA_statistics.md,过程资料·圆桌讨论记录相关,王启龙（前期工作区）,09-过程资料
09-过程资料/roundtable2/revB_readability.md,过程资料·圆桌讨论记录相关,王启龙（前期工作区）,09-过程资料
09-过程资料/roundtable3/audit_A.md,过程资料·圆桌讨论记录相关,王启龙（前期工作区）,09-过程资料
09-过程资料/roundtable3/audit_B.md,过程资料·圆桌讨论记录相关,王启龙（前期工作区）,09-过程资料
09-过程资料/roundtable3/audit_C.md,过程资料·圆桌讨论记录相关,王启龙（前期工作区）,09-过程资料
09-过程资料/roundtable3/matlab_output.txt,过程资料·圆桌讨论记录相关,王启龙（前期工作区）,09-过程资料
09-过程资料/roundtable3/matlab_stderr.txt,过程资料·圆桌讨论记录相关,王启龙（前期工作区）,09-过程资料
09-过程资料/roundtable3/wilson_check_matlab.m,过程资料·圆桌讨论记录相关,王启龙（前期工作区）,09-过程资料
09-过程资料/verify_repro/modA_geo_recheck.py,过程资料·Python脚本/模块,王启龙（前期工作区）,09-过程资料
09-过程资料/verify_repro/modB_chembl_recheck.py,过程资料·Python脚本/模块,王启龙（前期工作区）,09-过程资料
09-过程资料/verify_repro/modC_metrics_recheck.py,过程资料·Python脚本/模块,王启龙（前期工作区）,09-过程资料
09-过程资料/verify_repro/modD_tcm_recheck.py,过程资料·Python脚本/模块,王启龙（前期工作区）,09-过程资料
09-过程资料/verify_repro/modE2_production_reload.py,过程资料·Python脚本/模块,王启龙（前期工作区）,09-过程资料
09-过程资料/verify_repro/modE_tiers_recheck.py,过程资料·Python脚本/模块,王启龙（前期工作区）,09-过程资料
09-过程资料/verify_repro/modF_docking_recheck.py,过程资料·分子对接相关,王启龙（前期工作区）,09-过程资料
09-过程资料/verify_repro/modG_cwbcs_recheck.py,过程资料·Python脚本/模块,王启龙（前期工作区）,09-过程资料
09-过程资料/verify_repro/outputs/T3_redock_rerun_out.pdbqt,过程资料·分子对接输出构象,王启龙（前期工作区）,09-过程资料
09-过程资料/verify_repro/outputs/gnn_metrics_v2_rerun.json,过程资料·JSON数据,王启龙（前期工作区）,09-过程资料
09-过程资料/verify_repro/outputs/gnn_rerun_log.txt,过程资料·文本文件,王启龙（前期工作区）,09-过程资料
09-过程资料/verify_repro/rerun_gnn_v2.py,过程资料·Python脚本/模块,王启龙（前期工作区）,09-过程资料
09-过程资料/verify_repro/复现验证报告.md,过程资料·Markdown文档,王启龙（前期工作区）,09-过程资料
09-过程资料/未上传大文件说明.md,过程资料·Markdown文档,王启龙（前期工作区）,09-过程资料
