path,bytes,sha256,present,tracked_before_snapshot,content_review
.gitattributes,166,0f35ed66fd908bb945f5ab00109edd07e50ae43cc41ddddd4828d20a6d1eb13f,True,True,not_implied_by_inventory
.gitignore,223,4b8d770a9d04d3535911d2ad76f94f95f0a0074f91a632573b8e89350af7c17c,True,True,not_implied_by_inventory
CONTRIBUTORS.md,845,74e924a9b12bffe8dcea408087382c6610e312961d3272a6910a4c0cb8837cf3,True,True,not_implied_by_inventory
README.md,1425,33ec65ed3c3fe559b75d5142189625c0e4d9631d85cccca6044b595f0342d07b,True,True,not_implied_by_inventory
data/STATUS.md,139,a7107614d6f20977508e725e738fece3e95fbfc1245af02d4ab53b7e2eb94d2e,True,True,not_implied_by_inventory
data/curation/README.md,636,2b19f8fd74c9a34b528eecd3b7c66af53aa51a5633abbac2a60ce4a8062d133b,True,True,not_implied_by_inventory
data/curation/compound_registry.csv,38935,f8ef4de9783325c1fb8e04aef1add332a358ad1fb0d7b172517a87e4ea9d320f,True,True,not_implied_by_inventory
data/processed/cleaned_compounds.csv,22184,b0263caa0fe3d0660e34a71fadc51e40a20008492532043204f553bda23cf934,True,True,not_implied_by_inventory
data/processed/rejected.csv,35,f1b0d8c7ca228123d2e31ac2cc0dbb352f846d948b64fea55432af0d7fa4d179,True,True,not_implied_by_inventory
data/processed/screening_pool.csv,4213,3cf2c4b10a3c23f883f8386c6e9d3e4f2d0a1cd83cf1cd2bbe1367975b9677c9,True,True,not_implied_by_inventory
data/raw/novel_terpenes_lignans.csv,2097,598e0d32ea69eef9483cbf867e4359c4a0d49ed4b0e1c4430dc29721229d001d,True,True,not_implied_by_inventory
data/raw/tcm_seed_compounds.csv,12333,f448b47b6a466105474646791c73c92ab9f2f669e0c8ac7aaddb6eebff752c2a,True,True,not_implied_by_inventory
data/splits/test.csv,5181,0808e6275290e89a63a3d47cb4a474d9ba6a3e0db7e72f8bb0e3aaf5e2582bf2,True,True,not_implied_by_inventory
data/splits/train.csv,13398,ad1442b94fbd4ac74cd126981690a5ecf83626614270523832f532d5360d2138,True,True,not_implied_by_inventory
data/splits/val.csv,3935,e8cb8018434cf9a7d059a24e35a09280ca58e4103ff89e4da77af2081bbffbcc,True,True,not_implied_by_inventory
docs/00_environment.md,1445,a0e254c9a17a833843c48aeccf734150b3d2bf2073b774d7af0e1fd24b3be199,True,True,not_implied_by_inventory
docs/01_data_dictionary.md,3380,7e216ea096cb78d2d4c0cbdb16c9ca7062c815400f2bd869e7ab198fc662a68f,True,True,not_implied_by_inventory
docs/02_model_notes.md,276,8a309cf16c88281c50e707f3dd8e796b5760abeb12d2adc4ac23b140917e71f9,True,True,not_implied_by_inventory
docs/03_docking_protocol.md,1749,1442536d1926443d4e5357aef5709966d7d596f0bfdfb9e938ce0ca056a62939,True,True,not_implied_by_inventory
docs/MANIFEST.md,325,c4f7ce76fcb3b9736d1d2c9150e81c5c34ef2d6a633e7133dc7e2d727d813073,True,True,not_implied_by_inventory
docs/MEMBER_WORKBENCH.md,544,046b90cd171c7fba4b3ef50e42c53e75fc259a3c0dcc32a259d9c7fcf80c8b0c,True,True,not_implied_by_inventory
docs/PHASE_PLAN.md,1907,1e8f3aab1b60764d26c15e99ebfac9cd49a8b2d150a603c382c23d816036a4fe,True,True,not_implied_by_inventory
docs/PROJECT_STATUS.md,3209,30abc04f6278365ba9fecd871dcb2108a0625d59ba3bde1b38c09015cdce4197,True,True,not_implied_by_inventory
docs/VERIFY_MANUAL.md,847,527575bdace85257ef42df1b939e558158ec55d463626de191ca0ce1f5867a2a,True,True,not_implied_by_inventory
docs/VERIFY_TASKS.md,1907,1e8f3aab1b60764d26c15e99ebfac9cd49a8b2d150a603c382c23d816036a4fe,True,True,not_implied_by_inventory
docs/WETLAB_READINESS.md,711,0cc341166fc1e4c82be3daa7b0a31287a727ff32129441fef759b4dbe247db6b,True,True,not_implied_by_inventory
docs/archive/20260904/CONTRIBUTORS.md,914,28747010c6c8c2928c7d32d0361c97df85d52043b3dd7ad30b68ef409607a7c0,True,True,not_implied_by_inventory
docs/archive/20260904/README.md,2870,8f041daf24cad95dc89885fd495a731ce3dc3778cd56e357ad25520dcc3a8aa6,True,True,not_implied_by_inventory
docs/archive/20260904/README_历史状态.md,319,9734ff45913c9308388a26b6c1835a616f4a020b8b5c394a7abc83b59f3fd2d9,True,True,not_implied_by_inventory
docs/archive/20260904/docs/02_model_notes.md,2043,b378bb8de0dfb7bb0428e0733ba8258199a16db940e273a7d413ef2cdd1b008d,True,True,not_implied_by_inventory
docs/archive/20260904/docs/MANIFEST.md,23034,e2f9ff1631b2d5156e86183a5f868bf5b160696e8063c5909b90c0f63a5caa6b,True,True,not_implied_by_inventory
docs/archive/20260904/docs/MEMBER_WORKBENCH.md,7688,71bf6aa73ebd0c2c69ccde1198e3005b764b29cbd11cf4cf3d462273ab21fa91,True,True,not_implied_by_inventory
docs/archive/20260904/docs/PHASE_PLAN.md,5436,1f7187fbaa5df5d529b561ac4fa8d10d7892cf04c83257268bfbc826b29f376a,True,True,not_implied_by_inventory
docs/archive/20260904/docs/VERIFY_MANUAL.md,6864,42f690ffaf64de93ee51454dbb534f18d5cf9a79e65197b018a981d5dde23576,True,True,not_implied_by_inventory
docs/archive/20260904/docs/VERIFY_TASKS.md,16684,5941ca1bdc29d5993501c5207b3dea33151df42c37880f5631c07be364106019,True,True,not_implied_by_inventory
docs/archive/20260904/docs/personal/00_工作量与成果总表.md,3068,3a3cd5835105fbfb8fa7138faa11178c03a45251d1fc460057cb133194535775,True,True,not_implied_by_inventory
docs/archive/20260904/docs/personal/P1_王启龙.md,1693,ea32456ce3c1473b9280906ca355f51a11dd9ad7fd8f80716899e8841f641aef,True,True,not_implied_by_inventory
docs/archive/20260904/docs/personal/P2_宁显泷.md,1708,c8a39975c8f998719d2b63b084f88fbfb35e477c8f02a8f41972c8e3a90f2dcf,True,True,not_implied_by_inventory
docs/archive/20260904/docs/personal/P3_衣思淼.md,1725,71a8ecdf7244d5f8570228dc34fdb410c6d1a8731b8afedbb97fa702c6a9380e,True,True,not_implied_by_inventory
docs/archive/20260904/docs/personal/P4_代维斯丹.md,1607,79711480eebbfdf56e78989fec54bc81e2fc98030af8baaf3601594bb8823687,True,True,not_implied_by_inventory
docs/archive/20260904/docs/personal/P5_王散曼.md,1874,dd67febe901ab931f9d1c94692638124c76c9453dad7451347abdb17bdb29824,True,True,not_implied_by_inventory
docs/archive/20260904/docs/全线研究流程与暑假文件验证对照.md,6062,48506a78976109367ef369940dc0b7456913eb7c8a0d405abb407c8f488dde55,True,True,not_implied_by_inventory
docs/archive/20260904/final-aidd-screening/README.md,2165,33a67ee822ca7c8df2b6d5e6af5172191738cbc0b8095f44413a3b4cf16f8dc3,True,True,not_implied_by_inventory
docs/archive/20260904/final-aidd-screening/REPORT.md,8597,d115b9fdc7f119973505be8183223a38bc2d084e328f33f2f48b2ea95e531241,True,True,not_implied_by_inventory
docs/archive/20260904/learning/共享/复旦AIDD课程_学习任务.md,3072,c48afff43aa8bf79fb2bdad07e0bfc523b8890678428d5fc38b0cd37ad38bc72,True,True,not_implied_by_inventory
docs/archive/20260904/phase2_semester/WP1_verify_baseline.md,1602,f36630bf90c824f42340c06e93d3ee5dcfaae16bec6e825d0f7b8cab63cf85df,True,True,not_implied_by_inventory
docs/archive/20260904/phase2_semester/WP2_real_docking.md,2339,fd7a7ec45df180fd4018f6358138d413df6e95affae70ec258d867ad545da407,True,True,not_implied_by_inventory
docs/archive/20260904/phase2_semester/WP3_data_expansion.md,2792,cd8f7c476d36a73eb519e85a9722a3081823a4cb5e9141bc513e5d048af30b48,True,True,not_implied_by_inventory
docs/archive/20260904/phase2_semester/WP4_model_upgrade.md,1647,39721c52db86da6c6c90c79ce9a742e7cd8d3151df930fb494affe20d689056f,True,True,not_implied_by_inventory
docs/archive/20260904/phase2_semester/WP5_experiment_bridge.md,1776,bf06c9134595f7cb7ab0d5b519c49e0194cb0ed6fcfcc639d8b08c557cdd6578,True,True,not_implied_by_inventory
docs/archive/20260904/phase2_semester/推进程序_负责人_王启龙.md,36280,5205a1716b7e4f2ac6da85c987290731423d72e23794eb4bbc6ca069f24064a1,True,True,not_implied_by_inventory
docs/archive/20260904/tools/gen_member_pages.py,67741,5a6af13c511a960adf1fdea54ab2de7fcfe2a3eccf19241dd133a1acaceea967,True,True,not_implied_by_inventory
docs/archive/20260904/tools/semester_flow.py,93835,bd359e823b46a344716984844087a1dd0f238f0c894befa75f921338828cd5dc,True,True,not_implied_by_inventory
docs/archive/20260904/代维斯丹/工作台.md,4667,a2586dc4c110d9877525aa9802b2cf5494111e3e7a79c72d89f3ea7d59059a43,True,True,not_implied_by_inventory
docs/archive/20260904/宁显泷/工作台.md,4618,4a514d04249be5a710ac4bf8cbc53397eec0063a9f1aeee761e3c9fdd1c5010e,True,True,not_implied_by_inventory
docs/archive/20260904/王启龙/工作台.md,4863,fd04290d0dd0f873499e46cb3fc30a6ae163651fa23880aa36805026463e0310,True,True,not_implied_by_inventory
docs/archive/20260904/王散曼/工作台.md,4424,84c482cc7273d9a723a2c509abcbc84fe3d4ab40eb642658395a59e5ac427156,True,True,not_implied_by_inventory
docs/archive/20260904/衣思淼/工作台.md,4710,a6defad7f724bc59d1e1b490cdd91285f40a70fd6c0045e5cc0d660c787c3619,True,True,not_implied_by_inventory
docs/audit/20260905/berberine_preparation_check.json,301,8c4749d4732155734265f90c53af8df55922a692c5186c9017b58a2f415840e6,True,True,not_implied_by_inventory
docs/audit/20260905/corrected_redock_controls.json,922,48c66d0de7987a5ac781786bf735790f5e605ea663a2ba7b9f6eb2829844e6db,True,True,not_implied_by_inventory
docs/audit/20260905/cross_split_scaffolds.csv,256,a62bbddde2976cafeb62431e4f65a81644e7568a83341f6b59a021505c15fca3,True,True,not_implied_by_inventory
docs/audit/20260905/descriptor_differences.csv,23587,c8781016bb32fb8aeb38939abcb7b54cddd0c49da1b7a0dc81b0bb9db6da8ead,True,True,not_implied_by_inventory
docs/audit/20260905/docking_rerun_comparison.csv,6696,dbfd5fb6bf416688a4df095038a725354d9c8c03a52c36cf5933ea54e04added,True,True,not_implied_by_inventory
docs/audit/20260905/docking_score_check.csv,5303,7b08b105b649a59291705c69b6f3f2252d1bb780c0c42cb7baae5f4ca84b9a41,True,True,not_implied_by_inventory
docs/audit/20260905/external_checks/DC-001.json,680,d8aae923e1391dfef424ab395999bd5b6d9061db1fdf4c727896d4dc59234647,True,True,not_implied_by_inventory
docs/audit/20260905/external_checks/DC-002.json,679,e514c26de48e1a306adfad75e749758d060928ff950f3b7c7f8caa1973b8d0d7,True,True,not_implied_by_inventory
docs/audit/20260905/external_checks/DC-003.json,693,6ee0ee2f3a3f2ba4473a06d464721119e8de2f8566c6dac732f2529d76b8aa5a,True,True,not_implied_by_inventory
docs/audit/20260905/external_checks/DC-004.json,719,aaa29b7f5683b68eb76867d5f1437a747c887e9ecc6589f2ae37bcb6185ec0af,True,True,not_implied_by_inventory
docs/audit/20260905/external_checks/DC-005.json,670,2b792d39d25c5b19223fc77043e52e7bf5b50ac14db95a47a433373154f5e8a1,True,True,not_implied_by_inventory
docs/audit/20260905/external_checks/DC-006.json,668,98101f58177c89888d5f5b0722392b76a5cea249d373e22dd6937a98f103cc8b,True,True,not_implied_by_inventory
docs/audit/20260905/external_checks/DC-007.json,725,76d83c3cbef5cfb95f80394dd68bc7cfefd629f632c36e2dc54c7f1350822e4a,True,True,not_implied_by_inventory
docs/audit/20260905/external_checks/DC-008.json,734,cdb065a1ec0aaf01cbdfb0764047821c9a90840674c9c173c9e3f6bd9fa5737b,True,True,not_implied_by_inventory
docs/audit/20260905/external_checks/DC-009.json,691,65ff906f2fee813c440488572fa8edd5f677a68333f2e1fdee633d708dd5d6e8,True,True,not_implied_by_inventory
docs/audit/20260905/external_checks/DC-010.json,692,ee7eebea92669a7a98b423fe92ac5b1115e86497cef2dca4744558763b7c3979,True,True,not_implied_by_inventory
docs/audit/20260905/external_checks/DC-011.json,670,53b3a8368c056dc183cedff85d32d913eb2d8e7eb0e591157b42e32da8177102,True,True,not_implied_by_inventory
docs/audit/20260905/external_checks/DC-012.json,676,a425a339de2927744e14ca072ab696a6c6f087832998e9623dd1208ddc738f0c,True,True,not_implied_by_inventory
docs/audit/20260905/external_checks/DC-013.json,669,f960b0116ab25ccb07ea021a237b3b9a2b13df1289b2d80de3626492cc87b81b,True,True,not_implied_by_inventory
docs/audit/20260905/external_checks/DC-014.json,707,cc79fd25ec81e6a57567ac95d5373277131aff48c6ffddf2ca6b78b81d0e3e74,True,True,not_implied_by_inventory
docs/audit/20260905/external_checks/DC-015.json,716,33237a3e4e34fa3b2178b4fb7d47a9f2d947092dfd5f65e39792327cd41cd6dd,True,True,not_implied_by_inventory
docs/audit/20260905/external_checks/DC-016.json,679,fb0ec7157f28af671e7f74da666c48dad5ec90230f818b897f478f8447a23030,True,True,not_implied_by_inventory
docs/audit/20260905/external_checks/DC-017.json,702,04767704fd861a92bca8a6c6d3d31a565eb32f8d7861670997eb3e4c6c54530a,True,True,not_implied_by_inventory
docs/audit/20260905/external_checks/DC-018.json,702,6e170f914fb65854d6e064057b399bb5bf170a9585994712b0b9591027dea5f3,True,True,not_implied_by_inventory
docs/audit/20260905/external_checks/DC-019.json,733,aa41d715ad8c4a54e96eefff98e44970e4e2e5aa5b4622d8c7c71a930e59dab7,True,True,not_implied_by_inventory
docs/audit/20260905/external_checks/DC-020.json,681,88e18cad4f162b48d80c016a53ee18a10541f3aaf8db5319814385987eb3fcd1,True,True,not_implied_by_inventory
docs/audit/20260905/external_checks/DC-021.json,698,2dd6cd5f66bdf42682b8291a929135a7cccdf41b0578e5f6b7d79de2f85686d6,True,True,not_implied_by_inventory
docs/audit/20260905/external_checks/DC-022.json,650,bf9c75f1dade94327c8d6f40f20186348d84e4d5c5e0dc91cf815ef20cd194e6,True,True,not_implied_by_inventory
docs/audit/20260905/external_checks/DC-023.json,646,03929d120c40d8d1ddc7e2ddac7cb9cd2527f48c425d18537afd47dd7765771c,True,True,not_implied_by_inventory
docs/audit/20260905/external_checks/DC-024.json,674,cb9905f60c9261c13dcb54bef224aa6705ccad6461e1487cb22ec9652860cffb,True,True,not_implied_by_inventory
docs/audit/20260905/external_checks/DC-025.json,681,b9eb88152a64d8fe5f0a52888e380ba271bd13c15aeff32946b9ca7dc57a403a,True,True,not_implied_by_inventory
docs/audit/20260905/external_checks/DC-026.json,687,97a9777a8717bdc0076686ea293a8cf93dc7cf39be93171ce9359b6cfe4cfcd0,True,True,not_implied_by_inventory
docs/audit/20260905/external_checks/DC-027.json,674,0ec375c50d9d519896ac83638b4599a89f7a6039b5e81ee5d954449236706243,True,True,not_implied_by_inventory
docs/audit/20260905/external_checks/DC-028.json,677,35046da1ee42879e523a645727b45ca2c77fd22d61ec501a10e1ba1a198783cc,True,True,not_implied_by_inventory
docs/audit/20260905/external_checks/DC-029.json,679,85ff9e3a2d7949f07f2bdc8bf371256cebf523ff3a2c591364489feda545e9cf,True,True,not_implied_by_inventory
docs/audit/20260905/external_checks/DC-030.json,675,9367e1f03c81d07184ec20974125649bd9ed492aafd32059ff36571e52021467,True,True,not_implied_by_inventory
docs/audit/20260905/external_checks/DC-031.json,749,a01b034286af873b493ea499509c07db52af8af813fd862a12d5ef92c772c820,True,True,not_implied_by_inventory
docs/audit/20260905/external_checks/DC-032.json,782,09dd5bee556cedf121af7b559b07d1982b451cab586de8119eadfaba4044a9c6,True,True,not_implied_by_inventory
docs/audit/20260905/external_checks/DC-033.json,670,7330a6c6bf8576122b4baa11b3c3d78a644db4e88773422b3fe2552b20fef3df,True,True,not_implied_by_inventory
docs/audit/20260905/external_checks/DC-034.json,675,c20e62fa5c1dad8d8385d24ac3080220109293dfef271db305c6a24644e0ad90,True,True,not_implied_by_inventory
docs/audit/20260905/external_checks/DC-035.json,680,d8c934eee4656c0e7b0fad727b236191d2f566e623e044ee3560ddee66bdc1c7,True,True,not_implied_by_inventory
docs/audit/20260905/external_checks/DC-036.json,694,57acff6c3e8b3c96d9fe174377428a72d0fc1a520d9b93a93c34ee3820147f6a,True,True,not_implied_by_inventory
docs/audit/20260905/external_checks/DC-037.json,714,ad6e07795f7b1c27e2271f9caabb691b9a17859a2db9395a6d0b3c32a8fd64e9,True,True,not_implied_by_inventory
docs/audit/20260905/external_checks/DC-038.json,711,67e6e5ed79800dfa1ba3c8a748ec2e3b31d0cff4bcd96a0366ddf8d8adb59775,True,True,not_implied_by_inventory
docs/audit/20260905/external_checks/DC-039.json,708,6a4f90bf8bd1f138551432762a206223775034c84feca2d34a93635e831d9e03,True,True,not_implied_by_inventory
docs/audit/20260905/external_checks/DC-040.json,675,a8de3d680d6ef59f84eacbe0f05fcfe9405af66486499047014702148ef898e9,True,True,not_implied_by_inventory
docs/audit/20260905/external_checks/HP-001.json,734,60ee68ef36fbccf0cbdd30541b11ba7d80d3f064fd5c5d85e43becb037a60695,True,True,not_implied_by_inventory
docs/audit/20260905/external_checks/HP-002.json,729,5d80d4624c3b3c4bd91a78f82d432fee0ece1daf7f2a7a3ec7eaab85ec5eb771,True,True,not_implied_by_inventory
docs/audit/20260905/external_checks/HP-003.json,853,ec2a7ce5c32030f44f8aa7b245daca45e46837b214d0089e6b39061ecdf5abea,True,True,not_implied_by_inventory
docs/audit/20260905/external_checks/HP-004.json,721,69d9e7c79cab7ab717177c1d0be511c14bb383f8a769c01e6e3e26e1dc5c9776,True,True,not_implied_by_inventory
docs/audit/20260905/external_checks/HP-005.json,727,4db6cf3565c6f2b0f24c997e003e1694eb68e00741841ce3bf088c78e3090c6f,True,True,not_implied_by_inventory
docs/audit/20260905/external_checks/HP-006.json,726,4c897649478112f20a22c79d0b1021d8700fc22afec1536949ba459dcedede5c,True,True,not_implied_by_inventory
docs/audit/20260905/external_checks/HP-007.json,795,c97802c12010d5a8326e5abc61ba554b1670a83fd21c92e04a355ab2985da613,True,True,not_implied_by_inventory
docs/audit/20260905/external_checks/HP-008.json,718,83fc3cca0e8cabfe952e72941ec4a277df17a7c5890cf6ad0a78c1cdf7fd5a15,True,True,not_implied_by_inventory
docs/audit/20260905/external_checks/HP-009.json,724,91bc9e263fb59cb779d6a1c78a6b877033ebf0dbd1fb5c169f7a744f24e164ae,True,True,not_implied_by_inventory
docs/audit/20260905/external_checks/HP-010.json,858,12185fbdbec0edd2aee02dda0705f8a75b3c61ad460da6902f6c2e8bf20f8f8a,True,True,not_implied_by_inventory
docs/audit/20260905/external_checks/HP-011.json,718,af63a1ef0081ca7914455662ae22cdc20f83f96ba19e20ea6b55d22af29ee552,True,True,not_implied_by_inventory
docs/audit/20260905/external_checks/HP-012.json,715,ca75c4e75b9d73bba079f51a7998c87f00f68a3e8ab85e48ec485cc8ce456d5e,True,True,not_implied_by_inventory
docs/audit/20260905/external_checks/HP-013.json,778,8aedf8a0a5539a23b7a957280383798d40ca0cbaa6029414edad4dd53267660d,True,True,not_implied_by_inventory
docs/audit/20260905/external_checks/HP-014.json,753,1b8f1296d142e335f5bf001625c5437a896ec82fc749dc28e84f62eb35f4b0f5,True,True,not_implied_by_inventory
docs/audit/20260905/external_checks/HP-015.json,3033,6ba69548446852630a3f996adfad35fb6ce77fbf6d729a16fced0cc279522555,True,True,not_implied_by_inventory
docs/audit/20260905/external_checks/HP-016.json,745,14c720217ad11b54497eb2f88138f61abae0f70fbf31b9cd4ff49d14fb2642a4,True,True,not_implied_by_inventory
docs/audit/20260905/external_checks/HP-017.json,709,689a129c8449e18da80c1a976c15c05a0418910ee9cb107d2a73d1cbd9c66f37,True,True,not_implied_by_inventory
docs/audit/20260905/external_checks/HP-018.json,314,d695a8ed826d25c3a56ba8b4d2f28258e27bdc30a9950747e91b64cd1e339b9f,True,True,not_implied_by_inventory
docs/audit/20260905/external_checks/HP-018_cid.json,670,c95db913d0c3cfffeb09e30a20fae7633a99d1e5a604bb5cb8bb2268935c540e,True,True,not_implied_by_inventory
docs/audit/20260905/external_checks/HP-018_retry.json,287,03648182a3a76f7ca4013eeebfa64aa772e52acf4150f0b663738fe967be9f83,True,True,not_implied_by_inventory
docs/audit/20260905/external_checks/HP-019.json,737,7118eb786f971cec2a685a48f5b2d56da60f5c670c7f4337b126bedc68f14084,True,True,not_implied_by_inventory
docs/audit/20260905/external_checks/HP-020.json,768,11d3cd33df717ad12656224cb385706e3ca570e500952fa53114e9322137e3d2,True,True,not_implied_by_inventory
docs/audit/20260905/external_checks/HP-021.json,688,11a63204d70ed053ffe38cd5254df9e84fca2c4da2c973b80f65ccbe7e42692a,True,True,not_implied_by_inventory
docs/audit/20260905/external_checks/HP-022.json,689,ba7d4b79c443c245447319d0b1169ada6b6d24f7c7a74e7986656032dec4b10c,True,True,not_implied_by_inventory
docs/audit/20260905/external_checks/HP-023.json,694,46650a73b6163159a3090a909836983fbb913a2a4bc2b31de93a38fb0476b67e,True,True,not_implied_by_inventory
docs/audit/20260905/external_checks/HP-024.json,698,7abbe88363f3a58fee7279ac15dcfd0b14ea6456f6075d43ad0a1d593a56ab30,True,True,not_implied_by_inventory
docs/audit/20260905/external_checks/HP-025.json,714,1840e60dff01a94adef474b445599cc065d8d8245f0e5bf5faa4765ad4d33036,True,True,not_implied_by_inventory
docs/audit/20260905/external_checks/HP-026.json,714,0e9ff9ddd93c0c2b75d6a0e209a1bd66198a1ab29d380f53a64af0086b9b24ce,True,True,not_implied_by_inventory
docs/audit/20260905/external_checks/HP-027.json,748,78482cc3ee36bc2c21cd102a599d52236a630504e0b5c74bf5f67ac5fe3c60a7,True,True,not_implied_by_inventory
docs/audit/20260905/external_checks/HP-028.json,745,9537eb45c1c76509423cf70aa5c27e14481ea7923c28353aff67cdb116a88d9b,True,True,not_implied_by_inventory
docs/audit/20260905/external_checks/HP-029.json,808,173d2aaea46b0b6b5f0a87c3878175c28ba21bb559a3ab87b6f87d32f57475a3,True,True,not_implied_by_inventory
docs/audit/20260905/external_checks/HP-030.json,752,c03ff9379ea6abe747ddf6d96dbff38144d96241342e5941ac25a2cb7e3ebad2,True,True,not_implied_by_inventory
docs/audit/20260905/external_checks/HP-031.json,720,31a0146dc1d1eb556998fc440cf0ae4d3af95b9897f04057889e445f153304a3,True,True,not_implied_by_inventory
docs/audit/20260905/external_checks/HP-032.json,727,aeaea7dfdd4f2222b4d7d463a991fae796adfb652f2e04f20587b3afa796e651,True,True,not_implied_by_inventory
docs/audit/20260905/external_checks/HP-033.json,726,a6b5bc603eed0918a63197868a829d1a33910cdb1a7996a0745f78d6919ab02f,True,True,not_implied_by_inventory
docs/audit/20260905/external_checks/HP-034.json,725,15eb495cb847952d2ae86052e887536c1978d24978c1aecc89753f1b4572e872,True,True,not_implied_by_inventory
docs/audit/20260905/external_checks/HP-035.json,769,171a816937736fef2c9f0d9645feb3a7b99ccdd76c5bdf2190a5172571afb69f,True,True,not_implied_by_inventory
docs/audit/20260905/external_checks/HP-036.json,763,03aebf36243d122023cdb48169424b63a848db2b4b45bcc1679e0401fc2cd537,True,True,not_implied_by_inventory
docs/audit/20260905/external_checks/HP-037.json,762,cdc4c4bdc5492ca0c2c4999461f2131b17e2e94f52ca1e2c687a52d088c6f176,True,True,not_implied_by_inventory
docs/audit/20260905/external_checks/HP-038.json,816,5629af3686de235308b365c18f38813f87ad6dbb42e2a308cff3c7d13e275e16,True,True,not_implied_by_inventory
docs/audit/20260905/external_checks/HP-039.json,953,b9065af1805732e0c3f9a01b6995af48413b6e8eebd722898e2572100b85bb2b,True,True,not_implied_by_inventory
docs/audit/20260905/external_checks/HP-040.json,801,652102ab0b596b4d0b57008d4657d293d9a7a95b215b434467d3c9f73b2c9803,True,True,not_implied_by_inventory
docs/audit/20260905/external_checks/HP-041.json,805,547bcfa3b28135193330582acc600c1bc4111dbab3cd5d70c4d312934c9971ab,True,True,not_implied_by_inventory
docs/audit/20260905/external_checks/HP-042.json,760,76233ed26972cc17acbbe39adf52d5b2b9281405d3e07fdcbc03a6f6e2b91560,True,True,not_implied_by_inventory
docs/audit/20260905/external_checks/HP-043.json,740,1295b1af6910c9782e374863dcef6f16a7b79140b5b97b95767043df86e158a4,True,True,not_implied_by_inventory
docs/audit/20260905/external_checks/HP-044.json,715,3c92832b381ae33d2db5b02ceacca90be2a0b97b3fa559b38b3e850a741c91eb,True,True,not_implied_by_inventory
docs/audit/20260905/external_checks/HP-045.json,690,974cb42345299427102a50e91e5cfbe29cf6056055b7bf8255e548cf08f061a3,True,True,not_implied_by_inventory
docs/audit/20260905/external_checks/HP-046.json,695,95eac843b288284c7bb0d6e40f7539edebe7626280c55c3d27a040f3ab3b98d9,True,True,not_implied_by_inventory
docs/audit/20260905/external_checks/HP-047.json,696,8358a2ba662c5f376b7d41be9d917926c2a5a0bc935798cdf2dfd2080f1b6c4f,True,True,not_implied_by_inventory
docs/audit/20260905/external_checks/HP-048.json,729,bb52415db797ff80bfefd8acb81120aaac71f1cd00c03afbda984b58ec5f5229,True,True,not_implied_by_inventory
docs/audit/20260905/external_checks/NV-001.json,819,5f193e8be4235abda5cd0b04212fd4b5fc2bd1253f32b02a18b5243451321590,True,True,not_implied_by_inventory
docs/audit/20260905/external_checks/NV-002.json,810,c921271cb3d1bb88650162afbbd433f1ed9c470996484a501a0f0fbe2da04ecd,True,True,not_implied_by_inventory
docs/audit/20260905/external_checks/NV-003.json,822,e2d7ceb7ae41e13e5bac571a6f14505646d408e4ea011dc6315f3b4db4216c2a,True,True,not_implied_by_inventory
docs/audit/20260905/external_checks/NV-004.json,834,74f29041c6c9b534e75a15900a3fb7d88055422235b38d80ce8903ef4484ecf7,True,True,not_implied_by_inventory
docs/audit/20260905/external_checks/NV-005.json,810,1b7db482626810eca4e7f749e3abfc9ee3ccc8de3ffd2371ba73ebf57cb732ff,True,True,not_implied_by_inventory
docs/audit/20260905/external_checks/NV-006.json,747,41bf6e7835ae7fda2519baa8504026104b9461f31e31e5295c0ab904e68570b0,True,True,not_implied_by_inventory
docs/audit/20260905/external_checks/NV-007.json,760,72fa017b9231bc6cff5cc3956c740fa9bf462426009b03b681ba5001f06e4205,True,True,not_implied_by_inventory
docs/audit/20260905/external_checks/NV-008.json,760,c19ed3be83e3374876b2b81f7a24758fd70ca069dc49b81f28ab365f1199d4c6,True,True,not_implied_by_inventory
docs/audit/20260905/external_checks/NV-009.json,755,282ca6a248fe4de812adc0cf607fd339384ee43915d756582794cb0ee8961076,True,True,not_implied_by_inventory
docs/audit/20260905/external_checks/NV-010.json,749,7ca8f1dcdcbceaba8cb2c280b5e4bbcbc06da05ce123a0c10d0837d1a12a146e,True,True,not_implied_by_inventory
docs/audit/20260905/external_checks/NV-011.json,796,f8fb19c953384e0fc0341380cc75c76eb48a957c76a572cea7569abfaad1d7ea,True,True,not_implied_by_inventory
docs/audit/20260905/external_checks/NV-012.json,827,4dc772ca9a99914a309fe146ec2029297751e0d5b07742f587ffb1d461af91ea,True,True,not_implied_by_inventory
docs/audit/20260905/external_checks/core_chemcomp_FEX.json,7269,a175a75f9ba6e2c240b49881e84f7537b59c5378acc844ab7bca8120d8dbe982,True,True,not_implied_by_inventory
docs/audit/20260905/external_checks/core_chemcomp_IQK.json,6167,aba920c4ec7b8689f467b6a73ef30991d8db87f581052bfdcbde2d6b5428b097,True,True,not_implied_by_inventory
docs/audit/20260905/external_checks/core_entry_1OSH.json,16897,4cfb393f2e0fb8e8f0b15647d77451365e1c8b66b81fce42cdf1f892dd2118b1,True,True,not_implied_by_inventory
docs/audit/20260905/external_checks/core_entry_4IQK.json,22824,f098eb200e4681ff9062982e110a2ce41f3c3282714d1dec9716ffb08af76bbf,True,True,not_implied_by_inventory
docs/audit/20260905/gradient_check.csv,588,cffa2f05da827c73af5f47a80cd867f345029e96cca6696cfc2adc51b10cff2f,True,True,not_implied_by_inventory
docs/audit/20260905/ligand_preparation_check.csv,1436,5b1546bb38a843c6849b261b17c51526b169436d9b49a483fecf819212691b79,True,True,not_implied_by_inventory
docs/audit/20260905/local_findings.json,6308,a40515a3d610487700e77b0568306038e5f164d0dbd149ecc380df35610dee11,True,True,not_implied_by_inventory
docs/audit/20260905/original_manifest.csv,24448,319899ab0e921130653b9b5a90fca486f93a2ae580586d8ec05592d05a41f084,True,True,not_implied_by_inventory
docs/audit/20260905/pose_geometry_check.csv,7336,46339fe9dba8f1c7d800b2d15a8a061c969cd7acf4db6709240f6335d90ef9b5,True,True,not_implied_by_inventory
docs/audit/20260905/pubchem_identity_check.csv,14183,6e06f15e1b5f5a46794e588ce3152f49141b1842fee8e14bd9686370ff941c04,True,True,not_implied_by_inventory
docs/audit/20260905/reproduction_status.json,124,7098f4c7044515ed0853060298e3decdc92c95afe014df21dc97e002cdb0e3ca,True,True,not_implied_by_inventory
docs/audit/20260905/scatter_numeric_audit.png,67099,8a54e69b8dde4a8f0c97b9c5b7787bb93cb6caf3c32a52dc6cd28d9524b8d1b4,True,True,not_implied_by_inventory
docs/audit/20260905/structure_inventory.csv,16353,ac97948a71d4ae125d254c2ed04a1b5b28851e2bf0fb6a92db80703567595ccb,True,True,not_implied_by_inventory
docs/audit/20260905/supplement_findings.json,661,bcac46d3213a4d0e7f792dce68ffb8c370ccf9a7b905a15519ed46a34a10a690,True,True,not_implied_by_inventory
docs/audit/20260905/审计摘要.json,926,f649b4f39e99dfdaed20e746d7ed573523dcc3e326e7b4dc05071cff7915a3fb,True,True,not_implied_by_inventory
docs/audit/20260905/研究完整验证与问题检查报告.md,24123,6e22e907f3d6125f52b682282d79f079d2c762eccc21685e9d0c26d05c6b2cad,True,True,not_implied_by_inventory
docs/audit/20260905/问题清单.csv,4901,ffb3f4665229c58d5f7f2a0a02a5d5702c6a0908af83e2df34b40c38657fcb59,True,True,not_implied_by_inventory
docs/minutes/week1-2.md,1652,17881b0ff228678bd3f0ad65abe7e1504e1d9fae2b91e28f0414a5f4b9faf2b4,True,True,not_implied_by_inventory
docs/minutes/week3-4.md,1884,06c3e69d2bcd5108208b9ec0cf5241892b6d4d6a182802ea3996733ae7f31507,True,True,not_implied_by_inventory
docs/minutes/week5-6.md,1611,c8da324836ff0e7f0548a455ba3bc399cfc57375384e0dceb047bf5ee5e988b0,True,True,not_implied_by_inventory
docs/personal/00_工作量与成果总表.md,550,664cf95109ca07ff9b83099e7853b1015071459777de31493299e75c18b4f8b4,True,True,not_implied_by_inventory
docs/personal/P1_王启龙.md,550,664cf95109ca07ff9b83099e7853b1015071459777de31493299e75c18b4f8b4,True,True,not_implied_by_inventory
docs/personal/P2_宁显泷.md,550,664cf95109ca07ff9b83099e7853b1015071459777de31493299e75c18b4f8b4,True,True,not_implied_by_inventory
docs/personal/P3_衣思淼.md,550,664cf95109ca07ff9b83099e7853b1015071459777de31493299e75c18b4f8b4,True,True,not_implied_by_inventory
docs/personal/P4_代维斯丹.md,550,664cf95109ca07ff9b83099e7853b1015071459777de31493299e75c18b4f8b4,True,True,not_implied_by_inventory
docs/personal/P5_王散曼.md,550,664cf95109ca07ff9b83099e7853b1015071459777de31493299e75c18b4f8b4,True,True,not_implied_by_inventory
docs/project_plan.json,66584,0eedbb7b79c648c2936c1c584f822fa084822542d42b900fcbc77c74b8cc60a4,True,True,not_implied_by_inventory
docs/全线研究流程与暑假文件验证对照.md,1907,1e8f3aab1b60764d26c15e99ebfac9cd49a8b2d150a603c382c23d816036a4fe,True,True,not_implied_by_inventory
final-aidd-screening/README.md,718,c4897eacbef6ea107329f41af667667148d6f3b1bbde20d811abca12833b6c62,True,True,not_implied_by_inventory
final-aidd-screening/REPORT.md,718,c4897eacbef6ea107329f41af667667148d6f3b1bbde20d811abca12833b6c62,True,True,not_implied_by_inventory
final-aidd-screening/data/STATUS.md,219,b8edbd7d2a48d7f49d11e2f433cf0be84e34095700e5f65ab46fe873bf660da9,True,True,not_implied_by_inventory
final-aidd-screening/data/ccd_templates.json,443,32cf582c2ae6ba61d7b684c01ea06779ad2558124a9549695ccd08b442f50f0b,True,True,not_implied_by_inventory
final-aidd-screening/data/cleaned_compounds.csv,22184,b0263caa0fe3d0660e34a71fadc51e40a20008492532043204f553bda23cf934,True,True,not_implied_by_inventory
final-aidd-screening/data/screening_pool.csv,4213,3cf2c4b10a3c23f883f8386c6e9d3e4f2d0a1cd83cf1cd2bbe1367975b9677c9,True,True,not_implied_by_inventory
final-aidd-screening/data/smiles_fix.json,1026,29ce0611228629c6814766e54999cc75f7e9161d5b023d7adf1bbec0df4e2fac,True,True,not_implied_by_inventory
final-aidd-screening/data/splits/test.csv,5181,0808e6275290e89a63a3d47cb4a474d9ba6a3e0db7e72f8bb0e3aaf5e2582bf2,True,True,not_implied_by_inventory
final-aidd-screening/data/splits/train.csv,13429,d5b87c068889e9a3086dfffed557488b4a659ef7f5d7ed85aeb9ecfb0aa85bc3,True,True,not_implied_by_inventory
final-aidd-screening/data/splits/val.csv,3935,e8cb8018434cf9a7d059a24e35a09280ca58e4103ff89e4da77af2081bbffbcc,True,True,not_implied_by_inventory
final-aidd-screening/docking/STATUS.md,219,b8edbd7d2a48d7f49d11e2f433cf0be84e34095700e5f65ab46fe873bf660da9,True,True,not_implied_by_inventory
final-aidd-screening/docking/boxes.json,322,37dfe0defb0917bb570db3f859a206777e0c3fb341999917b3af9626e102447b,True,True,not_implied_by_inventory
final-aidd-screening/docking/ligands/FXR_LBD_FEX_redock.pdbqt,3871,ad9b91ec067d4ec41064179991a1f07667d8bb6c3712912c89c642ca69a93887,True,True,not_implied_by_inventory
final-aidd-screening/docking/ligands/HP-001.pdbqt,2679,e02eb4c85d8613bac183e786bc645549858f032952d1efcc99e6043c9be42dd7,True,True,not_implied_by_inventory
final-aidd-screening/docking/ligands/HP-002.pdbqt,2467,6973b70650bf232fab80a4e338a2c74b82f889be93504b7d26f08834a854a5cf,True,True,not_implied_by_inventory
final-aidd-screening/docking/ligands/HP-003.pdbqt,5387,4354d2dafa4119359289409656b458467ac3eb132808b29c34ad17c5aaff2962,True,True,not_implied_by_inventory
final-aidd-screening/docking/ligands/HP-004.pdbqt,2255,6684c91e25bea078dedbfa943cdc6d27626986d874dea080ff679a6b2b6c4f28,True,True,not_implied_by_inventory
final-aidd-screening/docking/ligands/HP-005.pdbqt,2467,c857782c46fb150449b104c384d73de041f01949361a264a46dd9281dde4e9c0,True,True,not_implied_by_inventory
final-aidd-screening/docking/ligands/HP-006.pdbqt,2044,c3987b23c21a3fcc8a36185173a509c5eab24410a1dc8f7cf8cf7f82fd61cdd8,True,True,not_implied_by_inventory
final-aidd-screening/docking/ligands/HP-007.pdbqt,3598,b75fb4a3780f566121c1f1c24eadb99e68b0ec4f2b454f69bee639294dc23e47,True,True,not_implied_by_inventory
final-aidd-screening/docking/ligands/HP-008.pdbqt,2043,54a60485c28cead6da6034c3e17b729d1652de8e47f8164c744824780b54e173,True,True,not_implied_by_inventory
final-aidd-screening/docking/ligands/HP-009.pdbqt,2716,b8f877b60e19118f2fae1a9cb2113642b898052dea294a52144c426fe5d929bd,True,True,not_implied_by_inventory
final-aidd-screening/docking/ligands/HP-010.pdbqt,5636,72f8c0e8b79f306a072e2ec8ab021eca3f22484839ed9047d4560fffb3a4f691,True,True,not_implied_by_inventory
final-aidd-screening/docking/ligands/HP-011.pdbqt,2255,0412f2c9b6c6a73667eddd65b9eae42f76450fff238711a7ec327edd05a6a0d9,True,True,not_implied_by_inventory
final-aidd-screening/docking/ligands/HP-012.pdbqt,2043,4e7c7f83e3806a01c3749c8ca5835c8acf629e308395e5b325dc59976b48b7ad,True,True,not_implied_by_inventory
final-aidd-screening/docking/ligands/HP-013.pdbqt,3598,85cb7995e4e5386329535e892123642511d1caa25d48882e400932f70f18610f,True,True,not_implied_by_inventory
final-aidd-screening/docking/ligands/HP-014.pdbqt,2914,a495f8d2f0a87186a234a067503666162af73b0975df21213cc64dd9a64d4044,True,True,not_implied_by_inventory
final-aidd-screening/docking/ligands/HP-015.pdbqt,3525,372b8fcca8d0210dc80360f56e9cba10c02b88fb44368ad4d05461befff4aa8c,True,True,not_implied_by_inventory
final-aidd-screening/docking/ligands/HP-016.pdbqt,3021,bd14c89593d7be95ad0ec897160483c39a709bf89b63bf21163ee7c4233c44b0,True,True,not_implied_by_inventory
final-aidd-screening/docking/ligands/HP-017.pdbqt,2023,a2260117a83f392e1156d0d85cc6ceebcb27e01fbb14b1cb5744a5e23272217c,True,True,not_implied_by_inventory
final-aidd-screening/docking/ligands/HP-018.pdbqt,3748,03be51836fbe0979885ecc58df75c49bdb316dbbb8da61178bf20afaad3edd56,True,True,not_implied_by_inventory
final-aidd-screening/docking/ligands/HP-019.pdbqt,2747,ad586c629b29f8fc48165013c7a43e814e9b71f174bc8eab7ed4770510b1874b,True,True,not_implied_by_inventory
final-aidd-screening/docking/ligands/HP-020.pdbqt,2800,0f2ed9ef3784d1add75f798f5a08199e8a8b427209912ccc1e89c34d05d97216,True,True,not_implied_by_inventory
final-aidd-screening/docking/ligands/HP-021.pdbqt,1647,3a4e37ab77f4b7f657f3689b24907ef3ac351c496ca6a46e13cb95005015fb2c,True,True,not_implied_by_inventory
final-aidd-screening/docking/ligands/HP-022.pdbqt,1436,63296b93297a2a1200fc945c0baf28c847db9c48d2cefec103fac2a55d5407d0,True,True,not_implied_by_inventory
final-aidd-screening/docking/ligands/HP-023.pdbqt,1651,bb9f70ce49035e2d1ed7255177590a1b1788384011b6290b3148e2180243a2a1,True,True,not_implied_by_inventory
final-aidd-screening/docking/ligands/HP-024.pdbqt,1670,e815de81894c134d15502a3ebea6a3893dfcdbcdcd0f7ee233dd4f30cee5b925,True,True,not_implied_by_inventory
final-aidd-screening/docking/ligands/HP-025.pdbqt,1896,fa48644c019dc02a3045b31333417ac35b71f0c37b48608c0b6bdc470bf9c9a0,True,True,not_implied_by_inventory
final-aidd-screening/docking/ligands/HP-026.pdbqt,2021,240ad3a75248b523e72f79261174f4332e7b44edd4250cefd29bb608048c88e6,True,True,not_implied_by_inventory
final-aidd-screening/docking/ligands/HP-027.pdbqt,2646,9d09935ed8a29d5fa4544ab35d84f8cddf11dd43ac4bf78a4e4ab3f5cf886e04,True,True,not_implied_by_inventory
final-aidd-screening/docking/ligands/HP-028.pdbqt,2645,24454db9d48d9460b141eaf9c3bdcb6240f1b23d150f96a36fd9e99807ee31e5,True,True,not_implied_by_inventory
final-aidd-screening/docking/ligands/HP-029.pdbqt,4133,cf7bc30c57e9a88d2073b575e96d28d862311fb51de76f2c898cfddeb0e9c7a9,True,True,not_implied_by_inventory
final-aidd-screening/docking/ligands/HP-030.pdbqt,3212,dd31d4ef82b91df78468e30a093ac6c89afa3576484986bab2fa361cbc17c5cd,True,True,not_implied_by_inventory
final-aidd-screening/docking/ligands/HP-031.pdbqt,2098,d54a220def86dacbdfe283bd6615ad29a98982303d8dda0543c64f3189e5f0cb,True,True,not_implied_by_inventory
final-aidd-screening/docking/ligands/HP-032.pdbqt,2345,60897e5db66f4e134a56a57e493edff291301abf4892dda324b2208c86d7d949,True,True,not_implied_by_inventory
final-aidd-screening/docking/ligands/HP-033.pdbqt,2043,0b80dc18be9acd53327ccdca6874e06128915d5ec6d755525ec806b74126ce3a,True,True,not_implied_by_inventory
final-aidd-screening/docking/ligands/HP-034.pdbqt,2224,f9e93b9796f9067ecbaeb4e9fd66b36f744a0d1ab506e03184a7608e5ec5b0fa,True,True,not_implied_by_inventory
final-aidd-screening/docking/ligands/HP-035.pdbqt,3050,ee3b07a037e7ac136f0a36842ceb2f5c53e2001e7c11471b32da5843a6b7a8b9,True,True,not_implied_by_inventory
final-aidd-screening/docking/ligands/HP-036.pdbqt,2904,76d390c4f00e6aebfa4961bf195b3041e005b55c7557ae6c118087478224f631,True,True,not_implied_by_inventory
final-aidd-screening/docking/ligands/HP-037.pdbqt,2934,9a36b34818205a0e97be2d81e8ac42d6c28d1d0fe653c0117da9de380bf67462,True,True,not_implied_by_inventory
final-aidd-screening/docking/ligands/HP-038.pdbqt,3420,d7b95c3cf417ee7fb286ea9ea54842917775e7dd01509595829e57e4f8aefb3f,True,True,not_implied_by_inventory
final-aidd-screening/docking/ligands/HP-039.pdbqt,6535,e1f35cd66aacfb58f977df45c7c2d341654bbeaa0e9c2e6e6bf810082303df3a,True,True,not_implied_by_inventory
final-aidd-screening/docking/ligands/HP-040.pdbqt,3310,6532c82cdf10a64a4684b16e8a4b58d0bbf4042dc2451a4372df6a5c2ed61962,True,True,not_implied_by_inventory
final-aidd-screening/docking/ligands/HP-041.pdbqt,3310,dfd7a14c6c843b2c555379c6f16907ca9f7f8797828e4037bbf9ebf5e9bbff0e,True,True,not_implied_by_inventory
final-aidd-screening/docking/ligands/HP-042.pdbqt,2208,1d8b787848f9a4df7a6c86ccc8dcbdbead83e119a346c0eaf54de65c5a9a60c3,True,True,not_implied_by_inventory
final-aidd-screening/docking/ligands/HP-044.pdbqt,1318,cef6ab4d00c78d6ef5662bb88b19b8020fab4dc0a0bf57cde2ca8f9db96799a8,True,True,not_implied_by_inventory
final-aidd-screening/docking/ligands/HP-045.pdbqt,1244,7763258af34f38397fa36f85d25ac010ec223ac11bce18d9cab4ffc1a904d0dc,True,True,not_implied_by_inventory
final-aidd-screening/docking/ligands/HP-046.pdbqt,1476,3c5d96f79fbae10ecda6ea95174d88f5184ffdf6c9995611e3b7600a68156ff5,True,True,not_implied_by_inventory
final-aidd-screening/docking/ligands/HP-047.pdbqt,1475,7c9e9dad8a17d5df175378cdf3279de1dcbb1a2fcac81d8ccf8d761f95737173,True,True,not_implied_by_inventory
final-aidd-screening/docking/ligands/HP-048.pdbqt,1588,117145d6d3ab78383420da651c01368014e1f9ece5da6cdc27aac47d2631d8d0,True,True,not_implied_by_inventory
final-aidd-screening/docking/ligands/KEAP1_KELCH_IQK_redock.pdbqt,4081,2a07af2a0ae8fe3965721cb14e6997e6027159cc18731d67c9e4e363427386d3,True,True,not_implied_by_inventory
final-aidd-screening/docking/ligands/NV-001.pdbqt,3558,da1a547ec2ab0a46efda13c8c043a38ce629252ba9f5b4dbd49244e63c189ca8,True,True,not_implied_by_inventory
final-aidd-screening/docking/ligands/NV-002.pdbqt,3541,ec13984a9b7101bf4b0a629284fed065f543c3d707ba055e3635960a14a51e49,True,True,not_implied_by_inventory
final-aidd-screening/docking/ligands/NV-003.pdbqt,3663,a24c69a3dd49a37c5ab44110dbe76c6cb79279c27a5069db1988e824261bfbb1,True,True,not_implied_by_inventory
final-aidd-screening/docking/ligands/NV-004.pdbqt,3875,dab9ef7a2d4c30699bd6ab044d84fa29d28bce60b36de8545adeefa188c95e5e,True,True,not_implied_by_inventory
final-aidd-screening/docking/ligands/NV-005.pdbqt,2929,ebde8163fb7befe0d6bef4c473a1630701ac5b6188cbd4c656e3a0dc749e10e3,True,True,not_implied_by_inventory
final-aidd-screening/docking/ligands/NV-006.pdbqt,2456,77da24ad13e87104001e797b6282b7291ddf5a8a5715d3fa72fdf0662adf3a1a,True,True,not_implied_by_inventory
final-aidd-screening/docking/ligands/NV-007.pdbqt,2803,b57fea65b9ed214c2eed25f46618d28866a2accddc565f01f7df9d1f93a00c5b,True,True,not_implied_by_inventory
final-aidd-screening/docking/ligands/NV-008.pdbqt,3405,3cf37d88868eab273b426085811f8e67f92ac2c2fd9282bb13fff5affa1a3dbc,True,True,not_implied_by_inventory
final-aidd-screening/docking/ligands/NV-009.pdbqt,2802,8a251841d14eee4c36ba3b0e85797392de5d74c168c5c169fb53eaa93a63700a,True,True,not_implied_by_inventory
final-aidd-screening/docking/ligands/NV-010.pdbqt,2864,e9394f5d89518578dc654c7a542bd6fe50b6610ac68fb64f661ffb908e70e5cc,True,True,not_implied_by_inventory
final-aidd-screening/docking/ligands/NV-011.pdbqt,3214,5e239123c6a2cd4d7f791590cad0b4b167dc8af395f115bd3774fd3a4717cf38,True,True,not_implied_by_inventory
final-aidd-screening/docking/ligands/NV-012.pdbqt,3223,458b41af79be84bf4682addee8de744a7918357e4c60f5653e0e489c67ae9215,True,True,not_implied_by_inventory
final-aidd-screening/docking/outputs/FXR_LBD_FEX_redock_out.pdbqt,20840,462f4a5292b96ab62e9f63227aa8015b1a78e4f59e8121e9150b0073fed49323,True,True,not_implied_by_inventory
final-aidd-screening/docking/outputs/HP-001_FXR_LBD_out.pdbqt,26577,f2de373e6ae8db1613f717d5180a64ced1bd04a929a72f2e5d72a7a4e1675bf4,True,True,not_implied_by_inventory
final-aidd-screening/docking/outputs/HP-001_KEAP1_KELCH_out.pdbqt,26577,6edc7b5a5c1d704281c3b93568a5a5ef9bebe047978e0c20c73af1e88508332e,True,True,not_implied_by_inventory
final-aidd-screening/docking/outputs/HP-002_FXR_LBD_out.pdbqt,24633,69d587231b54cfe7c3776e29062d1fd7977cb91bb3c22f41f1e2d55805478579,True,True,not_implied_by_inventory
final-aidd-screening/docking/outputs/HP-002_KEAP1_KELCH_out.pdbqt,24633,248b42b8c0c2a5f0a00626b70e93858f21cba6844d6fd8913f00c70f013f1012,True,True,not_implied_by_inventory
final-aidd-screening/docking/outputs/HP-003_FXR_LBD_out.pdbqt,45680,423a7817d12d7aa89c3a99222a4db045c7b723e1c0a7b875d9436a06581834d8,True,True,not_implied_by_inventory
final-aidd-screening/docking/outputs/HP-003_KEAP1_KELCH_out.pdbqt,51390,b920c1963acc9719e91d015a24c772bda596fe5a664576c72383c97796389a68,True,True,not_implied_by_inventory
final-aidd-screening/docking/outputs/HP-004_FXR_LBD_out.pdbqt,22689,56eb2644ec0928e5ccc4144f13aee8a210de5cb2bf1f9b00c468024f79166b3a,True,True,not_implied_by_inventory
final-aidd-screening/docking/outputs/HP-004_KEAP1_KELCH_out.pdbqt,22689,91750f40154b83fadf13b123453a24da12fddeaa6a10b278844c40d2e342ca57,True,True,not_implied_by_inventory
final-aidd-screening/docking/outputs/HP-005_FXR_LBD_out.pdbqt,24633,088d56f2e40fb476d4aca875b791b5e58851a2a7839ee6345168a3d7f6a23cf4,True,True,not_implied_by_inventory
final-aidd-screening/docking/outputs/HP-005_KEAP1_KELCH_out.pdbqt,24633,8db6cac43ee0334ac3dcc8c0aeea46e8b6b06667ddd3647fa2c0e67a1150fa34,True,True,not_implied_by_inventory
final-aidd-screening/docking/outputs/HP-006_FXR_LBD_out.pdbqt,20754,a65120765503485f232aca4b02db2ba52b34cb06ec2a241c5685915072fa4e1f,True,True,not_implied_by_inventory
final-aidd-screening/docking/outputs/HP-006_KEAP1_KELCH_out.pdbqt,20754,82aa34f1aced9cc03ab6a6cc99228e07d40364786bd3c99277774b33b60ef68c,True,True,not_implied_by_inventory
final-aidd-screening/docking/outputs/HP-007_FXR_LBD_out.pdbqt,34992,ef400705469d2c10fd5b723a1cb0c3868282c772fedc93954b075a6e38a76ee5,True,True,not_implied_by_inventory
final-aidd-screening/docking/outputs/HP-007_KEAP1_KELCH_out.pdbqt,34992,fcc6fd472a8c8cbb227b43715f051dcdf1b9c5f64e4a1df57a2c53fcf6a214f3,True,True,not_implied_by_inventory
final-aidd-screening/docking/outputs/HP-008_FXR_LBD_out.pdbqt,20745,74cf5278af8cd37edecab194a84a3b8378abd0e4051ad9abb51b2774b9db1a41,True,True,not_implied_by_inventory
final-aidd-screening/docking/outputs/HP-008_KEAP1_KELCH_out.pdbqt,20745,4b2b06d43109af80810a6c031c1325da8b4f583fbc7346f2a8336abfbbbd3188,True,True,not_implied_by_inventory
final-aidd-screening/docking/outputs/HP-009_FXR_LBD_out.pdbqt,26964,6d05b14d220deae682bb4222950a7ff7f5445b15b5ae4b5e3c0e1329b1dc8adb,True,True,not_implied_by_inventory
final-aidd-screening/docking/outputs/HP-009_KEAP1_KELCH_out.pdbqt,26964,ae59b759de96a27b36ea8c5d2ad2530d6d5d4fa026037ba5f71ec31bd5c527a2,True,True,not_implied_by_inventory
final-aidd-screening/docking/outputs/HP-010_FXR_LBD_out.pdbqt,53721,0d438aaf5ee4e56a591592ab644ebeaf99af55c4d3d7a9e61bddb7130c66813c,True,True,not_implied_by_inventory
final-aidd-screening/docking/outputs/HP-010_KEAP1_KELCH_out.pdbqt,53721,15a1823ea87fb444d27894e11e8118a8c02ea3288f06bb501532653cac11dfd8,True,True,not_implied_by_inventory
final-aidd-screening/docking/outputs/HP-011_FXR_LBD_out.pdbqt,22689,e190f385103bc024de1b3b88df90594677a2974d38c91fa5ca85ab8a0cd27587,True,True,not_implied_by_inventory
final-aidd-screening/docking/outputs/HP-011_KEAP1_KELCH_out.pdbqt,22689,60c1ad33a168a14335b3b0af81263566f52d3b1f7c2920814ce64a537fbf7e5e,True,True,not_implied_by_inventory
final-aidd-screening/docking/outputs/HP-012_FXR_LBD_out.pdbqt,20745,0240ca5c82a5d24d930c0b2f95b54e9516be5fb1916cd775422522bba63eba7e,True,True,not_implied_by_inventory
final-aidd-screening/docking/outputs/HP-012_KEAP1_KELCH_out.pdbqt,20745,9ad4aa606a9d55710302d9cc8f118cd42bf657561d267f8cfafb8b8cc8fc38ad,True,True,not_implied_by_inventory
final-aidd-screening/docking/outputs/HP-013_FXR_LBD_out.pdbqt,34992,d7e48fe82b4efe5966b697394fb9ab00351287b4720ad70f6ad9813a7493e7fb,True,True,not_implied_by_inventory
final-aidd-screening/docking/outputs/HP-013_KEAP1_KELCH_out.pdbqt,34992,3e2ea3762d3cd4ab6242d4d61ef5e7e78b46585211cc1562da79934c6c490df6,True,True,not_implied_by_inventory
final-aidd-screening/docking/outputs/HP-014_FXR_LBD_out.pdbqt,28737,d5c6634c72357e109fd33718ca06c2760df27b7889a22cd60b87c7786a65379f,True,True,not_implied_by_inventory
final-aidd-screening/docking/outputs/HP-014_KEAP1_KELCH_out.pdbqt,28737,b5f60b3a2f0524cb5db7618f06d3d2798b272e12cec83a009dadbf6a68452a3e,True,True,not_implied_by_inventory
final-aidd-screening/docking/outputs/HP-015_FXR_LBD_out.pdbqt,34407,4e83e24b711819ff5e2ded3d5cf4ce40e5621b5d5747ceb868062c38f06d8a2f,True,True,not_implied_by_inventory
final-aidd-screening/docking/outputs/HP-015_KEAP1_KELCH_out.pdbqt,34407,c047f6b4cf229389a24797629ea5238a159f09a11cb5d538aeef7659a2a18a34,True,True,not_implied_by_inventory
final-aidd-screening/docking/outputs/HP-016_FXR_LBD_out.pdbqt,29754,799922259e855c363feca28affc324182fc64fe9588434801621f5a79efcb9c0,True,True,not_implied_by_inventory
final-aidd-screening/docking/outputs/HP-016_KEAP1_KELCH_out.pdbqt,29754,1b682ac0a455aba01c35ceffdb2597d2b5542646a0c0c1ef06fc467547c813b0,True,True,not_implied_by_inventory
final-aidd-screening/docking/outputs/HP-017_FXR_LBD_out.pdbqt,20592,7d49dbe976c767914e7f9e2306c2d07c28a6be3089df055cd1047b8c6446ec26,True,True,not_implied_by_inventory
final-aidd-screening/docking/outputs/HP-017_KEAP1_KELCH_out.pdbqt,20592,57c85bb9b9a8f2271f7ee6fea60639af38cae69eeda29169e88bfece8f5de9ae,True,True,not_implied_by_inventory
final-aidd-screening/docking/outputs/HP-018_FXR_LBD_out.pdbqt,36405,f2792d950e7e1823c0aeabc4472293becee660a667a22068db9b29953ffb6c3d,True,True,not_implied_by_inventory
final-aidd-screening/docking/outputs/HP-018_KEAP1_KELCH_out.pdbqt,36405,0753d88a0526e78db0a03a27355a09fc4d4c1e5a49bcc83ea1b71c2e58d9d96c,True,True,not_implied_by_inventory
final-aidd-screening/docking/outputs/HP-019_FXR_LBD_out.pdbqt,27252,8b02f20d26d247ca2bda31d2c7790920e21ad76fb2264398a9134cf88a3a9962,True,True,not_implied_by_inventory
final-aidd-screening/docking/outputs/HP-019_KEAP1_KELCH_out.pdbqt,27252,9bfdd69a5a3d3493a9a3eb84578ac04a04d431b7cf3e469c02dce757ecb437ca,True,True,not_implied_by_inventory
final-aidd-screening/docking/outputs/HP-020_FXR_LBD_out.pdbqt,27720,ef7842a02fea0c152b6770c58951292e0dfd5cf615252300d2e7715730cd7817,True,True,not_implied_by_inventory
final-aidd-screening/docking/outputs/HP-020_KEAP1_KELCH_out.pdbqt,27720,96c180c0a3d1f26d776dc50dcf8a137c5a77a992e3e8316d8d06805f83d4e85a,True,True,not_implied_by_inventory
final-aidd-screening/docking/outputs/HP-021_FXR_LBD_out.pdbqt,17163,3b47a410280cc0d585c04405e3bf88b084bfdb61accaf04ccec67e919e21fee1,True,True,not_implied_by_inventory
final-aidd-screening/docking/outputs/HP-021_KEAP1_KELCH_out.pdbqt,17163,ad8cc4dd6c65d64a93ab030c3554ac76fb8273b11802e8ae371503999504af0c,True,True,not_implied_by_inventory
final-aidd-screening/docking/outputs/HP-022_FXR_LBD_out.pdbqt,15228,665bf09fd74110f035d449d39cbff07887973b09fa25b4f398320e3232444ff2,True,True,not_implied_by_inventory
final-aidd-screening/docking/outputs/HP-022_KEAP1_KELCH_out.pdbqt,15228,1eafcec9ac4538200b4a5baf1f4fbb2d095ba5087d376ee9e733b22a49297500,True,True,not_implied_by_inventory
final-aidd-screening/docking/outputs/HP-023_FXR_LBD_out.pdbqt,17199,03385b4f0c7ddfa449aef093355be4d7006e32f679f5eba136fc6630c49262f4,True,True,not_implied_by_inventory
final-aidd-screening/docking/outputs/HP-023_KEAP1_KELCH_out.pdbqt,17199,f72e1fbb3727c2655902ba2b7aa7efd62fc543a5fc7dc4df678656e4007e1c1d,True,True,not_implied_by_inventory
final-aidd-screening/docking/outputs/HP-024_FXR_LBD_out.pdbqt,17379,58560b10be898895030df421385e4f1563995e1e1742cce928832ec8d52a0c13,True,True,not_implied_by_inventory
final-aidd-screening/docking/outputs/HP-024_KEAP1_KELCH_out.pdbqt,17379,f5b24938c737e5fe2eb3a041147e8fd01d972cab38e5d959562ceb4d86525ec3,True,True,not_implied_by_inventory
final-aidd-screening/docking/outputs/HP-025_FXR_LBD_out.pdbqt,19422,5d147328f480224443a2873f22de2a31e49d1ec14b9e8de8c49daaafca4c4f74,True,True,not_implied_by_inventory
final-aidd-screening/docking/outputs/HP-025_KEAP1_KELCH_out.pdbqt,19422,829732e83f923e63f079ae7e047404e11c62bac5d628845c16c05d21a6d746ad,True,True,not_implied_by_inventory
final-aidd-screening/docking/outputs/HP-026_FXR_LBD_out.pdbqt,20574,ef31ae3e23b9fce2e8ecda1e1df3d9a9a35655fab3b9da1a46c98d8274d9d72c,True,True,not_implied_by_inventory
final-aidd-screening/docking/outputs/HP-026_KEAP1_KELCH_out.pdbqt,20574,f6844b38500cc1588b9828df1ffae7d000b614292094c92b61b20458939d2dc4,True,True,not_implied_by_inventory
final-aidd-screening/docking/outputs/HP-027_FXR_LBD_out.pdbqt,26298,0ddf78ab82ba0a9634a59e3e4d4e4ec274a670f4fd57aa4583919bdcf210c1b5,True,True,not_implied_by_inventory
final-aidd-screening/docking/outputs/HP-027_KEAP1_KELCH_out.pdbqt,26298,3c2f1984c14882f7a895b89457cbebd66fdf8738cf45b3d3d628e103b4ffda4c,True,True,not_implied_by_inventory
final-aidd-screening/docking/outputs/HP-028_FXR_LBD_out.pdbqt,26289,8231defd12f56b86a3dc4773637755afd48b9548085ea2684520dc53d861f6ce,True,True,not_implied_by_inventory
final-aidd-screening/docking/outputs/HP-028_KEAP1_KELCH_out.pdbqt,26289,356b261021ed17733e4cafa15ae4173ca202d92b34576bdc58d62c332d3521b3,True,True,not_implied_by_inventory
final-aidd-screening/docking/outputs/HP-029_FXR_LBD_out.pdbqt,39924,e7faa85365a29d83b7f289644a2a4afcb7b89de82cfaaa1ff9e57f4ad1d8f0de,True,True,not_implied_by_inventory
final-aidd-screening/docking/outputs/HP-029_KEAP1_KELCH_out.pdbqt,39924,0e26149d4b60744656684bdb388fd97d1514b294ffbac55091e239bc075522e8,True,True,not_implied_by_inventory
final-aidd-screening/docking/outputs/HP-030_FXR_LBD_out.pdbqt,31536,249ea88337ed50365d2ec5e89989a9ab2ea6b81cb481ece13aab973b0bb3a930,True,True,not_implied_by_inventory
final-aidd-screening/docking/outputs/HP-030_KEAP1_KELCH_out.pdbqt,31536,7a009e6e3f4db9149a404f0ed86a3ce400a8207abb7ce5c70214ebac05467b54,True,True,not_implied_by_inventory
final-aidd-screening/docking/outputs/HP-031_FXR_LBD_out.pdbqt,21231,c847a01a43a1168432298603f9794365e15cef81d25b05fe61c9e19ebe08c625,True,True,not_implied_by_inventory
final-aidd-screening/docking/outputs/HP-031_KEAP1_KELCH_out.pdbqt,21231,c3f6124feb191bc35eb7ef6fd5885aa6f9c9a5f53e33882e50f5f88d6a4d2ad2,True,True,not_implied_by_inventory
final-aidd-screening/docking/outputs/HP-032_FXR_LBD_out.pdbqt,23508,afb1ab076f685bdf6208e6e943f59fc635be3bfe91ba5ab78d3ce684e857da0a,True,True,not_implied_by_inventory
final-aidd-screening/docking/outputs/HP-032_KEAP1_KELCH_out.pdbqt,23508,0e687aac7876d6774b1a46a9d5d9dee6750eb3cae8b5d972112b314e0c833b7f,True,True,not_implied_by_inventory
final-aidd-screening/docking/outputs/HP-033_FXR_LBD_out.pdbqt,20745,3f123ad2caa7f1aa2cdb0cc7adebb0de8dc1c42d4b4ebf1e0d8ac0f34e6dab15,True,True,not_implied_by_inventory
final-aidd-screening/docking/outputs/HP-033_KEAP1_KELCH_out.pdbqt,20745,7a84bd6d5c61c9efb5fe39f9894814b8af9215b94d423d68687de076a0e117c5,True,True,not_implied_by_inventory
final-aidd-screening/docking/outputs/HP-034_FXR_LBD_out.pdbqt,22392,b4fe4dd60b638d1534e3ef26411a4d2f10c837687ab91b511c2e9cd1e9a71344,True,True,not_implied_by_inventory
final-aidd-screening/docking/outputs/HP-034_KEAP1_KELCH_out.pdbqt,22392,9da0f2efb20a7281bb22bc52d01448da7ac454508e2344bcb05137cbe2517400,True,True,not_implied_by_inventory
final-aidd-screening/docking/outputs/HP-035_FXR_LBD_out.pdbqt,30033,3f01092dcecf3a5de18976573db3ce4e1774de1b3c5472470577ce0a6e9a8396,True,True,not_implied_by_inventory
final-aidd-screening/docking/outputs/HP-035_KEAP1_KELCH_out.pdbqt,30033,ae3fcadf2042a57527cac594a2cba519d5b6acd7b150851c71c0641c96ef6264,True,True,not_implied_by_inventory
final-aidd-screening/docking/outputs/HP-036_FXR_LBD_out.pdbqt,28683,96db95fdb04b756c0656d1a7c848805bc0f2c6ed68d9e1b13b02d3cc4f606e84,True,True,not_implied_by_inventory
final-aidd-screening/docking/outputs/HP-036_KEAP1_KELCH_out.pdbqt,28683,09b1064362ae754ea09796009bf297039287ee10b54fb344b1b24cc35cfdfd18,True,True,not_implied_by_inventory
final-aidd-screening/docking/outputs/HP-037_FXR_LBD_out.pdbqt,28953,d69c6c00e99db13d92fb7fab96ed9511e4dffb239f94bee1984c6635ab49a0a8,True,True,not_implied_by_inventory
final-aidd-screening/docking/outputs/HP-037_KEAP1_KELCH_out.pdbqt,28953,52c80ca935d0e4d009221578ba95efab7d72a61bff55ecf1af8e4fbe354fb714,True,True,not_implied_by_inventory
final-aidd-screening/docking/outputs/HP-038_FXR_LBD_out.pdbqt,14796,beb3c87492188cd64421813603318d7330f27c0c4e5fdbdc6348ba11955588e6,True,True,not_implied_by_inventory
final-aidd-screening/docking/outputs/HP-038_KEAP1_KELCH_out.pdbqt,33291,1f6009e00ba896c969ac1c72eb2932594af211c062a270289d3df46a5ff0efab,True,True,not_implied_by_inventory
final-aidd-screening/docking/outputs/HP-039_FXR_LBD_out.pdbqt,27480,9ab815dcda92f9a21094974e6dd510c23c7d5b0fb61f5c3082f5df21fe8ec07e,True,True,not_implied_by_inventory
final-aidd-screening/docking/outputs/HP-039_KEAP1_KELCH_out.pdbqt,61830,75e229b6c27f5b2ea2e353230d051dbb45a2527c6efab2ad4f7c8f71e9d66d5c,True,True,not_implied_by_inventory
final-aidd-screening/docking/outputs/HP-040_FXR_LBD_out.pdbqt,28696,117e05c55c5a771e8ec5aaecbc595956c3cdd3ea2990c87a59fc0cf8fadf08b0,True,True,not_implied_by_inventory
final-aidd-screening/docking/outputs/HP-040_KEAP1_KELCH_out.pdbqt,32283,152ba45584d0a8f1b3ded1677f685b3fb74a0a301e50d2caaad4e47c67098f20,True,True,not_implied_by_inventory
final-aidd-screening/docking/outputs/HP-041_FXR_LBD_out.pdbqt,21522,f9bdf9ec12fa71cf1a63b385752ec29fd792175eae654807d76ffee6a880222a,True,True,not_implied_by_inventory
final-aidd-screening/docking/outputs/HP-041_KEAP1_KELCH_out.pdbqt,32283,f6982751acaac9d534c785a0c461fe8bc6f0902475dd1424509da771e4d60460,True,True,not_implied_by_inventory
final-aidd-screening/docking/outputs/HP-042_FXR_LBD_out.pdbqt,22311,f7976bfbb6e1aefb5540d9c5c03c3d833ddae9538227d7ea0d75f77d1f65e8e3,True,True,not_implied_by_inventory
final-aidd-screening/docking/outputs/HP-042_KEAP1_KELCH_out.pdbqt,22311,f629230050ed6411910dd2bfe87364db8093f5bed750dff2b9a28e3e1d795e63,True,True,not_implied_by_inventory
final-aidd-screening/docking/outputs/HP-044_FXR_LBD_out.pdbqt,14103,d7123c78fac45e11f1a1a62b1e8e95cdb03b0f6e69ee41fce17272ab2364130f,True,True,not_implied_by_inventory
final-aidd-screening/docking/outputs/HP-044_KEAP1_KELCH_out.pdbqt,12536,1dd2f22328000e7070e8da267887eb461516c0efa6077d7161621d5961b36c51,True,True,not_implied_by_inventory
final-aidd-screening/docking/outputs/HP-045_FXR_LBD_out.pdbqt,13437,cbf6e6b87ccf14060b276dcfd7ac526375230eac74b0241b237a423782c91b83,True,True,not_implied_by_inventory
final-aidd-screening/docking/outputs/HP-045_KEAP1_KELCH_out.pdbqt,13437,e925f4dda0bf9a345524a841d8bce2e3d62507636881e1576b4b4e1251465d4f,True,True,not_implied_by_inventory
final-aidd-screening/docking/outputs/HP-046_FXR_LBD_out.pdbqt,15570,eedc70ee2f9f8318f542bbf32657a383431b2d6fc0ab2e500c6dbbc190a35644,True,True,not_implied_by_inventory
final-aidd-screening/docking/outputs/HP-046_KEAP1_KELCH_out.pdbqt,15570,85d2182de6756fcaf9918bdb8543fe8ff7f7f603f7935fbc92ded53221ed6ee4,True,True,not_implied_by_inventory
final-aidd-screening/docking/outputs/HP-047_FXR_LBD_out.pdbqt,15561,e154d6aecc3518bb9cffc408df3a322476a4ee9cc973bead8d277b20149453b1,True,True,not_implied_by_inventory
final-aidd-screening/docking/outputs/HP-047_KEAP1_KELCH_out.pdbqt,15561,8a273975280a77a32086572c6665ec07830e93b23263557cbdd0ae64a3003c57,True,True,not_implied_by_inventory
final-aidd-screening/docking/outputs/HP-048_FXR_LBD_out.pdbqt,16560,6bdf0fab03224950c1cb942cdf0fecc0fd37a81e7e33c8d440c1008d0c92505e,True,True,not_implied_by_inventory
final-aidd-screening/docking/outputs/HP-048_KEAP1_KELCH_out.pdbqt,16560,4af013195dc055cb9afa8c77876b3f6924c608c473fe9ab16da19c1e6ff552d1,True,True,not_implied_by_inventory
final-aidd-screening/docking/outputs/KEAP1_KELCH_IQK_redock_out.pdbqt,39438,d5a7ec499fe5b712c72b4241df2f84eacac7c39b9b2748d32d47d03fd51b7a47,True,True,not_implied_by_inventory
final-aidd-screening/docking/outputs/NV-001_FXR_LBD_out.pdbqt,11511,e0927fb775dfbdd9312008da218172708c200559f84fb97abb55fbcd215cdd56,True,True,not_implied_by_inventory
final-aidd-screening/docking/outputs/NV-001_KEAP1_KELCH_out.pdbqt,23022,1b76cf43fc3d5d47c1b6ca828559cf78b8555fcad41f64907eb93f8305fa23b9,True,True,not_implied_by_inventory
final-aidd-screening/docking/outputs/NV-002_FXR_LBD_out.pdbqt,26761,dc02f3834f47003a971a2bfa4043de1ef406219ad71a4942d9729cb7e8df5b59,True,True,not_implied_by_inventory
final-aidd-screening/docking/outputs/NV-002_KEAP1_KELCH_out.pdbqt,34407,58a603ccc0b195d453025ea4627f48cd912bbc89441bd37bd17f798768756f86,True,True,not_implied_by_inventory
final-aidd-screening/docking/outputs/NV-003_FXR_LBD_out.pdbqt,15792,a701a2a761178960cde5b2f97ecd1770d254f728eb58a8b0f0299a1a74b2411c,True,True,not_implied_by_inventory
final-aidd-screening/docking/outputs/NV-003_KEAP1_KELCH_out.pdbqt,35532,10d7c39304898d75d9d554146c45a02e7c3c0b431ea5eeb99b65bcc774271584,True,True,not_implied_by_inventory
final-aidd-screening/docking/outputs/NV-004_FXR_LBD_out.pdbqt,29148,e0ba4359b3ff7945e98cf2c3e48b1bc112792cdec01b73bb2caa8251df2cb4b2,True,True,not_implied_by_inventory
final-aidd-screening/docking/outputs/NV-004_KEAP1_KELCH_out.pdbqt,37476,626bd315cdae94be4e5b6ab1151af7550f8a60375ea90379e2ce403459b3b586,True,True,not_implied_by_inventory
final-aidd-screening/docking/outputs/NV-005_FXR_LBD_out.pdbqt,9627,26a24fa075b22544cb81f41fbdb24d54b92d004bfc084acafce8802423ee5426,True,True,not_implied_by_inventory
final-aidd-screening/docking/outputs/NV-005_KEAP1_KELCH_out.pdbqt,28881,1823b534242088021f9cb6a010ee83dabc34eb07c0fc08c6de64b1d8cd1b52f8,True,True,not_implied_by_inventory
final-aidd-screening/docking/outputs/NV-006_FXR_LBD_out.pdbqt,24525,e9ec06c05e3fad1dd315c2d2c482e94f654f2d170ddcf5e9593dd9ce14caa037,True,True,not_implied_by_inventory
final-aidd-screening/docking/outputs/NV-006_KEAP1_KELCH_out.pdbqt,24525,2a37a71d1b2370673973f2c5313e1fc4df077720bc5e3deabbdc6e3c843cb4bf,True,True,not_implied_by_inventory
final-aidd-screening/docking/outputs/NV-007_FXR_LBD_out.pdbqt,27756,53184977df2db1e2f5ef9d35e6f3c4cbe2323941785a08ee46e87a7ae2470fde,True,True,not_implied_by_inventory
final-aidd-screening/docking/outputs/NV-007_KEAP1_KELCH_out.pdbqt,27756,8ae6cd54be93c64667b806b827760d4b343e131c7de1bcf36f4cfa60840f56ce,True,True,not_implied_by_inventory
final-aidd-screening/docking/outputs/NV-008_FXR_LBD_out.pdbqt,7390,cf94fe49700d36b99d6348ca8514cd9150db48fd366fa1736633c562541f516b,True,True,not_implied_by_inventory
final-aidd-screening/docking/outputs/NV-008_KEAP1_KELCH_out.pdbqt,33255,23ddc770c34842882fe336157f5c5819627f08f35745405ef65c914166cd067e,True,True,not_implied_by_inventory
final-aidd-screening/docking/outputs/NV-009_FXR_LBD_out.pdbqt,27702,e2d1b239d5daf0a876c13642eb20aaad48e729d4e500ee5ec3a115efd720e873,True,True,not_implied_by_inventory
final-aidd-screening/docking/outputs/NV-009_KEAP1_KELCH_out.pdbqt,27702,5a0281b437843da9c1b17d248fbc0e6303d6e022d1ca27f8b5e97c5a3610fbdc,True,True,not_implied_by_inventory
final-aidd-screening/docking/outputs/NV-010_FXR_LBD_out.pdbqt,28332,0539419fd6d392003b0a572511ad978f3be262fc29e4a2528d45b2fc9abce138,True,True,not_implied_by_inventory
final-aidd-screening/docking/outputs/NV-010_KEAP1_KELCH_out.pdbqt,28332,1ff8f980df73b3b45ee4db6d315a5f0e3863673816e09d294a59421dce470a84,True,True,not_implied_by_inventory
final-aidd-screening/docking/outputs/NV-011_FXR_LBD_out.pdbqt,31482,d3ac464a56d57c08f7ea0a24bdc7a8062ad6bbc7d373e8f3ae441d727ba9c641,True,True,not_implied_by_inventory
final-aidd-screening/docking/outputs/NV-011_KEAP1_KELCH_out.pdbqt,31482,c56b0ee0ebce2920862405b71c037eda10860fdff890ea41b67857d3dbc62649,True,True,not_implied_by_inventory
final-aidd-screening/docking/outputs/NV-012_FXR_LBD_out.pdbqt,31491,ec31bdc64c62adea8ea4c95e85300a48c8a6ab574494ba2de7f38eb93430d7e0,True,True,not_implied_by_inventory
final-aidd-screening/docking/outputs/NV-012_KEAP1_KELCH_out.pdbqt,31491,1144e3ad58a0cd9509248b00104344595fff52fd4ebf63b77c926114928bc5b3,True,True,not_implied_by_inventory
final-aidd-screening/docking/pdb/1OSH.pdb,197316,cc43337561882616da7089e0e3f3843ad1a827d58ad39970ac5c257dfeb40215,True,True,not_implied_by_inventory
final-aidd-screening/docking/pdb/2FLU.pdb,258795,0c39f72503c0e88a85948bcc65161a785eded4e5afb37c2d19e10b5feba941aa,True,True,not_implied_by_inventory
final-aidd-screening/docking/pdb/4IQK.pdb,227367,e48207069ed7381a4b6d8ff4c89f6b0fd6396ce281291e19b01076168bbe703d,True,True,not_implied_by_inventory
final-aidd-screening/docking/pdb/4L7B.pdb,438210,8679c17f2c89ab2713df0a667650218060a6c0d81f9882460632fa0cbc455da9,True,True,not_implied_by_inventory
final-aidd-screening/docking/receptors/FXR_LBD_1OSH.pdbqt,173583,3ba5f9faf94b93ea9fb795f035891017181ee2e4c495c2a5fc79b0fcc3fc4c3c,True,True,not_implied_by_inventory
final-aidd-screening/docking/receptors/FXR_LBD_1OSH_FEX_crystal.sdf,8214,d8af6dd860a7fad7971a1d1c3ec0ec827e7dcc6e82a39715e2f57f62d2897287,True,True,not_implied_by_inventory
final-aidd-screening/docking/receptors/FXR_LBD_1OSH_FEX_lig.pdb,3039,335b222b17d10805f962631b09b6dfd8ab26869390cbab97468cfaa08e556baf,True,True,not_implied_by_inventory
final-aidd-screening/docking/receptors/FXR_LBD_1OSH_clean.pdb,145063,51ae41d7f317bca4ef1af060da9ff98bf0518825516ae6c523fb42c8f6a9ee82,True,True,not_implied_by_inventory
final-aidd-screening/docking/receptors/KEAP1_KELCH_4IQK.pdbqt,218052,1f703f1dfb7d0b0d365659257e4f8dd24a2ccab5d5f7069e7598f14c2aa59b4d,True,True,not_implied_by_inventory
final-aidd-screening/docking/receptors/KEAP1_KELCH_4IQK_IQK_crystal.sdf,7095,03f6e565b97aab56eded51e9c27e4da7c52b832277649b2b56053af6d68ca26f,True,True,not_implied_by_inventory
final-aidd-screening/docking/receptors/KEAP1_KELCH_4IQK_IQK_lig.pdb,2793,ab9c0ae9216450731f43c32c7cceacdd0fa5318b0706e624df6a69f5208c33e4,True,True,not_implied_by_inventory
final-aidd-screening/docking/receptors/KEAP1_KELCH_4IQK_clean.pdb,179257,bde83c4545aadebd4996277160c95cf84e44bc19f4cae3f97c9775ddb35dbb6b,True,True,not_implied_by_inventory
final-aidd-screening/docking/redock_gate.json,211,705022e8c024bb5fbd13396e02da2d4dc10c267d7b79b3af465926b30896a33b,True,True,not_implied_by_inventory
final-aidd-screening/results/STATUS.md,219,b8edbd7d2a48d7f49d11e2f433cf0be84e34095700e5f65ab46fe873bf660da9,True,True,not_implied_by_inventory
final-aidd-screening/results/figures/diverse_top10.png,64564,75680f6cb8c2eae2a9793e26bf9c1a5efc90f32f3c4d8462056541d16687c900,True,True,not_implied_by_inventory
final-aidd-screening/results/figures/model_vs_dock_real.png,121004,6c124f5fc7e0e66ba7ef0c41697abba0ded07cac26a077f2e5f0a870ab962a01,True,True,not_implied_by_inventory
final-aidd-screening/results/figures/reliability_diagram.png,55956,e2b9c26a61a38964c4fd7ac4e22a6d184e7186662e3ac8e7f362cdf5ec0123db,True,True,not_implied_by_inventory
final-aidd-screening/results/logs_s4.txt,677,8cc7b94086f234fe00a356bbe16a13b07c56047aa1de24e0e104a7fdb7f8c486,True,True,not_implied_by_inventory
final-aidd-screening/results/metrics/fusion_summary.json,1032,948f400476ef7e75def7aee7784a1fda89d44c959820784e6a48a185548291da,True,True,not_implied_by_inventory
final-aidd-screening/results/metrics/model_summary.json,608,ed5f107fea7ff79da1078cfee100ba43b587fc588e47ad7e53d4f46c421dc7b2,True,True,not_implied_by_inventory
final-aidd-screening/results/predictions/fullpool_predictions.csv,3829,198bb3eb5e68df9a1b6a783ae1d8a690d8853d2e50e1e00dd1aa833ccd28ced5,True,True,not_implied_by_inventory
final-aidd-screening/results/predictions/test_predictions.csv,1164,87d83b64d60c29428fd19d6bcdc10fc54898960ac7eb3c4de2a6d9c724e64df2,True,True,not_implied_by_inventory
final-aidd-screening/results/summary.json,2123,03e2183cc12b2739594a7f62c18113121ae26e921b3b9ce15b203c7d21d8fe8c,True,True,not_implied_by_inventory
final-aidd-screening/results/tables/diverse_top10.csv,1360,59811dda784f1a1a03fcf477b0d2e28d025c39884c35d77d18f78f7ef9425b12,True,True,not_implied_by_inventory
final-aidd-screening/results/tables/docking_real_scores.csv,5373,62faa0e534d828a21903671c38afa6f42e57b1aad55e6d9e6ae24126ab67656d,True,True,not_implied_by_inventory
final-aidd-screening/results/tables/final_ranking_v2_real.csv,7070,df5739f70269922b1fbd9bf4cab09788502dd34eed6fe74fb2604b7908a36680,True,True,not_implied_by_inventory
final-aidd-screening/results/tables/prefilter_report.csv,1644,ddbbc8480ce75f11bdf055c7286b54108dd03f478b386c411f5a916064acd086,True,True,not_implied_by_inventory
final-aidd-screening/results/targets.json,1272,223d0e88ed9dc4fb8a9e2e61a566fbb3b49f413e07fa0f9302708e8ac945c441,True,True,not_implied_by_inventory
final-aidd-screening/run_all.py,68,211efb6e44e72441e4564f4043f7ac3314dc5a54c5bf1af934f90c0da1942271,True,True,not_implied_by_inventory
final-aidd-screening/run_revised.py,2784,b3aa8b086e2e914db7dc65699a6705aa622867e0c8bb68ec84dbaa05d3aaf0e2,True,True,not_implied_by_inventory
final-aidd-screening/src/batch_docking.py,3336,b8efe67ed8b7ca8379859b904d68e31633ca3ed179e22a3b1c859a5d56448de0,True,True,not_implied_by_inventory
final-aidd-screening/src/common.py,8103,edb1e2f9afefa612d8c70dcfe3db892715c2dfab3995d8594f2d20a3bda397e8,True,True,not_implied_by_inventory
final-aidd-screening/src/provenance.py,699,6714b68a1c14050eb3e851820e7a094e6e79923d900beb1d84f7575b94332413,True,True,not_implied_by_inventory
final-aidd-screening/src/redock.py,6657,4ea73d2f692420ef67e0bbb065ffc3f580cb8eabd1ae8e16e759b5477cbb1916,True,True,not_implied_by_inventory
final-aidd-screening/src/s1_target_profile.py,2500,65bc48d2df317ede0ab7de331b1a9163206a0c3c5417467b759b92176bd9b33e,True,True,not_implied_by_inventory
final-aidd-screening/src/s2_prep_redock.py,129,224063b8861d2d56bffadec077410467d293ed18f7c247c678611a58cee0f1f8,True,True,not_implied_by_inventory
final-aidd-screening/src/s3_model.py,13200,feacd0af2b25a5b9d8523b2f6864c0d4bf6fc5f445709c68dac68fc3f18a9973,True,True,not_implied_by_inventory
final-aidd-screening/src/s4_dock.py,2907,8f2409c50cfbd9ad76de7a7e2fce37f134ee56abc3909cfcc2a871a495b9d787,True,True,not_implied_by_inventory
final-aidd-screening/src/s5_fuse_select.py,6760,57f3722fec9fe8ddc732609c98b14cd0777b4c121851a73d11e7000cba24e375,True,True,not_implied_by_inventory
final-aidd-screening/src/s6_report.py,4836,b797ff37926ef0a8630014df7a2ba5583a51f531787f73018fa494e487eb789c,True,True,not_implied_by_inventory
learning/代维斯丹/flow_state.json,52,5f9962de808061f23eaffa8d3156f6830f19bf0a13dbc346d89d07922f093480,True,True,not_implied_by_inventory
learning/代维斯丹/review_v2/W01.md,468,e9b8e716bcdd9f135c186b0f8a24a35abc9a0092c6860a700287c032d3cdc38d,True,True,not_implied_by_inventory
learning/代维斯丹/review_v2/W02.md,470,57d42defee71c7a178ae463198b63dda9dd5974042ba098628a90a49c9a85bfb,True,True,not_implied_by_inventory
learning/代维斯丹/review_v2/W03.md,464,5f51025de40f75abb41d36bdfd7a8d15d89e09cb6553b563cc9f5f17a396948b,True,True,not_implied_by_inventory
learning/代维斯丹/review_v2/W04.md,455,9f1347c0edf2792ba98bbb3ee6882df3b76638e096669ca4a003193eb7990a4c,True,True,not_implied_by_inventory
learning/代维斯丹/review_v2/W05.md,461,63c40a4c0089b79ab7eacd8c97de81230b660c593b7dc3ed1d036cb9a4850e4f,True,True,not_implied_by_inventory
learning/代维斯丹/review_v2/W06.md,452,bd33de94421ff5d86da25856ba4de8c579222f697ac476394fd3e61f7877dcf6,True,True,not_implied_by_inventory
learning/代维斯丹/review_v2/W07.md,446,4dabc0610199032da089293ba6571a584b0b96930e8032f6e15a6fc939f62d70,True,True,not_implied_by_inventory
learning/代维斯丹/review_v2/W08.md,487,5d15b4867cedb63d0c8be83e7ad715aecebec5dd39163e28194b594a82800391,True,True,not_implied_by_inventory
learning/代维斯丹/review_v2/W09.md,450,f48307ccec55b2259075bbac0b57cee524037c2c0b2202024aabe341fb94f580,True,True,not_implied_by_inventory
learning/代维斯丹/review_v2/W10.md,442,388878ab9cb187a5ee6b63dfe2c518d7e57e1d4ef4ead80458ebf1acd5383ef0,True,True,not_implied_by_inventory
learning/代维斯丹/review_v2/W11.md,464,140f86b03c4ea7fe39d87825685701743dd9424e44df7e864022b3a29eb904f2,True,True,not_implied_by_inventory
learning/代维斯丹/review_v2/W12.md,440,02d644469604121dc827dec753f6b3b64e94e505a9bd9de4524b0bdfb1c69c67,True,True,not_implied_by_inventory
learning/代维斯丹/review_v2/W13.md,459,73c22f93831a92c90f85b0eacb85d34ec7acf1353f44e5172c184cfe5786b40f,True,True,not_implied_by_inventory
learning/代维斯丹/review_v2/W14.md,443,0b3e751dd971e2227cf2a97c2a284708d076f93dc1953e490e9467ccc9e4af7f,True,True,not_implied_by_inventory
learning/代维斯丹/review_v2/W15.md,452,d0246bb191928c30ca12ba28018274ecf5a28faf6a12f778fc49a735c9fcee69,True,True,not_implied_by_inventory
learning/代维斯丹/review_v2/W16.md,458,b3906e95e2e31282753e265ad6c2bfd184ca98e870635a1eb05b2408d9420f29,True,True,not_implied_by_inventory
learning/代维斯丹/week03_redock.sh,1176,6b91ef23eca42841b3b0aeac9f270271a4f34ae473795ce55cdd2c761f1b7fe8,True,True,not_implied_by_inventory
learning/代维斯丹/week07_baselines.py,1682,ae02581c9bab189fac469f1414f5c3db9896977a7eb68ecaf546b1533159fd1e,True,True,not_implied_by_inventory
learning/代维斯丹/week08_reliability.py,1711,a3d668d062ff868bacad057e9010c266620b383b835e0c03e575d7702daad85f,True,True,not_implied_by_inventory
learning/共享/GCN归一化与梯度核验.md,513,ca7ef84f5681c7e5f723c94d5b60350acc6d91c74f1f4214b3f1ef0dc9bd281e,True,True,not_implied_by_inventory
learning/共享/人工智能药物设计-手写学习笔记.pdf,2563381,abf9f6382c70352c1ffe4694eb276094c7c7f27a7d5fd6323e9ad3f7fdbf9e93,True,True,not_implied_by_inventory
learning/共享/复旦AIDD课程_学习任务.md,2263,ee29a1a25316d82caaaf1d17e1d6e1fd0381c935e8f27118b14c620d77213446,True,True,not_implied_by_inventory
learning/宁显泷/flow_state.json,271,a89595e67e8cc4fe8796ede80e67b82ed58607081f589392eec08bfe75bd21ce,True,True,not_implied_by_inventory
learning/宁显泷/review_v2/W01.md,467,1a1a9bb92d65260f64297ff43be6281c8ad50e7deba07bc59789c5fe3e5b89d7,True,True,not_implied_by_inventory
learning/宁显泷/review_v2/W02.md,462,9c4ceab92648c873c0fec93bea6d8b32778e8e3ec35a628d9f8da9d958ea9033,True,True,not_implied_by_inventory
learning/宁显泷/review_v2/W03.md,470,400853b060ba985fffc5a94bded711bf835587d6060fb71a8e3a752a8db4638e,True,True,not_implied_by_inventory
learning/宁显泷/review_v2/W04.md,435,5ba94e84a3f408406adf2f11e57f82a149e55501908a7b7a863d5570b39ddca5,True,True,not_implied_by_inventory
learning/宁显泷/review_v2/W05.md,461,91f57ff0c794806f2bd51cfa92424cd9140de51c86f7c540f4caab7fe92b331b,True,True,not_implied_by_inventory
learning/宁显泷/review_v2/W06.md,460,624ebc280739ccb7acf78b5aca667c65f3e391ff6443e75ae3d12407e6a40bcf,True,True,not_implied_by_inventory
learning/宁显泷/review_v2/W07.md,458,a3e8b4356886e9b3098ea4878cf62401f6a89d0b34f8ec14182440abce4df0c8,True,True,not_implied_by_inventory
learning/宁显泷/review_v2/W08.md,443,16de1aaf026cf7048e7128ae18da9df262dd9f599d851eb9d90a16967295b177,True,True,not_implied_by_inventory
learning/宁显泷/review_v2/W09.md,449,9fffb95515dad22b35c7c89880589f15a98fe1e0f85446cf5badb154080bb2ad,True,True,not_implied_by_inventory
learning/宁显泷/review_v2/W10.md,452,5f85843b3231b557b84f339f571d1623f765bc370cebb43d22920579b6bd7ac2,True,True,not_implied_by_inventory
learning/宁显泷/review_v2/W11.md,443,89633d528e48f858e779fb64983419caf472529aaf1c5976854bad805770074f,True,True,not_implied_by_inventory
learning/宁显泷/review_v2/W12.md,446,c30a462f91094ae674ee31bc6d491363ae1fa7b6d52b4421ed69c597d2d7c3a3,True,True,not_implied_by_inventory
learning/宁显泷/review_v2/W13.md,443,e809f41f474d0fb9fb5e996b29b19703cb3253bf7c7c9b7bd43bd5462297d575,True,True,not_implied_by_inventory
learning/宁显泷/review_v2/W14.md,440,d49c29fb90c766c222c0800ed6169c607245b12509b52b1f9ab5b808bc82a8a5,True,True,not_implied_by_inventory
learning/宁显泷/review_v2/W15.md,440,4c961f01fe2797bbfd3cbdc5014e8d23da528b64d6eb73497fbc4712759c71f3,True,True,not_implied_by_inventory
learning/宁显泷/review_v2/W16.md,443,81f0eac3eb6bc3ba5ff6dd53e9254298fd54ffc6316dfa4af830b222bee18ecf,True,True,not_implied_by_inventory
learning/宁显泷/week02_backprop.py,1714,dce4ed9e1fe363b5c8f71bba006eb6278116f865d574387aa97368a5cbc1282f,True,True,not_implied_by_inventory
learning/宁显泷/week03_pyg_convert.py,1769,9d006c70ade2c6a6b541dccad48d5f6c5a2f76c915cea3d6f2e4338c8f4282e9,True,True,not_implied_by_inventory
learning/宁显泷/week04_gcn_numpy.py,1743,14bca5f52ddbf0adb475686cbf495b0a38f08d0655e49a45523e5aa4bc6db408,True,True,not_implied_by_inventory
learning/宁显泷/week05_gcn_vs_gin.py,1783,59ddf5ba4d7fbaba62b7d59488983e4d5f36372faee1c391d9ef54d12a6483b3,True,True,not_implied_by_inventory
learning/宁显泷/week06_torch_trial.py,1721,f77b08a4f0cffa684e8c791b03abfca815888e1d6b0a27a055b83106f677e606,True,True,not_implied_by_inventory
learning/宁显泷/week08_mc_dropout.py,1703,0373a2204bf5c7eba417b1a840252c114ecae92ed418618b074aa451b0ffe861,True,True,not_implied_by_inventory
learning/宁显泷/week09_calibration.py,1663,3619932917c8182ca9116bd0d0500467306126c146fd46cd8f90a67d577045c6,True,True,not_implied_by_inventory
learning/宁显泷/week10_hpo.py,1598,f99b5c64b37c10fc0daf4f36dbd1a72d0d9334b2577278c83738e7f5b16aa638,True,True,not_implied_by_inventory
learning/宁显泷/week11_explainer.py,1729,5ac3b386feb9f8c48c2ba3f188408149a28e8a815e87b928efcb71b77bffaaea,True,True,not_implied_by_inventory
learning/王启龙/flow_state.json,5110,96fa4ed1def05b5b04095a94afe8a782b002be8fcfffee9c44ca85e461b25b92,True,True,not_implied_by_inventory
learning/王启龙/review_v2/W01.md,470,356bd94104c59dda6ebb75e674ec47bf794ca5c9cefcc9c97679c9c9019c48be,True,True,not_implied_by_inventory
learning/王启龙/review_v2/W02.md,456,1c85c61c827a4c43c360c5b436ac4225c9f474f9b2f3a8cf240c861b93f72712,True,True,not_implied_by_inventory
learning/王启龙/review_v2/W03.md,449,481eb7038006d049c345c73affaacc42c61bf18a2b2b95dcd91ee713248e31ea,True,True,not_implied_by_inventory
learning/王启龙/review_v2/W04.md,464,2d6535b4b6df8ef0b27282ab26821a896f9830b7fe71bba17b188223c730cc97,True,True,not_implied_by_inventory
learning/王启龙/review_v2/W05.md,447,020cd5a43d642f650a12b355e93f9c7325f935e57e37b035551e8b3f5b1a23aa,True,True,not_implied_by_inventory
learning/王启龙/review_v2/W06.md,437,d307119f59aebc81055e04bf2f2f4f78664773cfcc0ad8c64239ad9fa07be03f,True,True,not_implied_by_inventory
learning/王启龙/review_v2/W07.md,434,8c316608bf2177117e2a8bf6ec8dc19b13815a5300a516c5f972585fac4e5bf5,True,True,not_implied_by_inventory
learning/王启龙/review_v2/W08.md,480,46ab7718b0bb9a8bccbff811ddbcf79fbdbd5a4e346cfe8fb859d9bf2fa95d93,True,True,not_implied_by_inventory
learning/王启龙/review_v2/W09.md,456,7b9f03c3bb8ccc4b6470129f8b18af9b4081530858fda2057067d3226cf4fc93,True,True,not_implied_by_inventory
learning/王启龙/review_v2/W10.md,453,913ee429a0fb737f15f246709f389773944eff6690f02a7008bb777f7c290c92,True,True,not_implied_by_inventory
learning/王启龙/review_v2/W11.md,452,ee16f30d2b43d2e21226881a373702f29ed83d2e366b89d3741a9a3665af3d3e,True,True,not_implied_by_inventory
learning/王启龙/review_v2/W12.md,443,ef63c193ae5c4dfd1a8b5cb0861b7886e60cc7e3395b15d5437748a4413e160a,True,True,not_implied_by_inventory
learning/王启龙/review_v2/W13.md,449,0fe3724d9bd8d13351fc634f2e0a19ad1839d25d8807b2c7d95dc7447a2887d0,True,True,not_implied_by_inventory
learning/王启龙/review_v2/W14.md,438,6e4bddf1b0885c8c24a3285e0fbd0d7cada6254e719ade4b3dcad2860c33d82b,True,True,not_implied_by_inventory
learning/王启龙/review_v2/W15.md,443,727ec0cc6cb423380b9a4db5a2cb164e9efa673e79161082613584d51efb530d,True,True,not_implied_by_inventory
learning/王启龙/review_v2/W16.md,461,e5420be4d0f9e636271850869e3d94ea7579f4432d0373fe5b88d9a9a1dcad19,True,True,not_implied_by_inventory
learning/王启龙/week01_exercise.py,970,6b27dd199b2bc7d4d8cb16561704ea20648329ca962dc27a3e153937db410f24,True,True,not_implied_by_inventory
learning/王启龙/week02_notes.md,1006,7fd3b96d812636bd980c75bc2d4f2fc9801ffdf8e742588f33ac34f1eb39b98a,True,True,not_implied_by_inventory
learning/王启龙/week03_rdkit_recalc.py,1787,2e2069a3c52e97c60bf5671ed76b0b8eae144247fbe6ec95725fcf3cbbcde79b,True,True,not_implied_by_inventory
learning/王启龙/week04_pubchem_fetch.py,1843,9e49a4432badb54e3e8f823a05f1de30c742765d50ee93a16e8c865274e193d2,True,True,not_implied_by_inventory
learning/王启龙/week05_redock_selftest.py,1759,8110bc921e11c09f80ff9b31ae61e94bcb9b8e2f0dc980e373f5738f408941c2,True,True,not_implied_by_inventory
learning/王启龙/week07_torch_lr.py,1634,a257719b2e0e3a5efde78035f0fea4fc35279471767c110876bfb8d9590bc1a4,True,True,not_implied_by_inventory
learning/王启龙/week08_pyg_convert.py,1744,65ad1f77c0ee6435a462ab00f7c56f4abd27ca122546921aa16eed995ca45b16,True,True,not_implied_by_inventory
learning/王启龙/week09_gnn_torch_train.py,1667,6ac0ea6007aa1dafe21aaa9aad42daae912b6899b45f84c03bb5527f7cb6e5f6,True,True,not_implied_by_inventory
learning/王启龙/week10_calibration.py,1688,cceb95604581b994dde8b315f43a8070cf181a02ec0c0600807dd1e5258bad13,True,True,not_implied_by_inventory
learning/王启龙/week11_receptor_audit.py,1713,808e89f34b8feea730ba56afa846cbf9c216360d2335e210ce11aac177b4ad33,True,True,not_implied_by_inventory
learning/王启龙/week12_lit_llm_assist.md,1585,d2d0f9976d59a6c8459e79093d0ebd9da6f602157212f471384937eae0280e57,True,True,not_implied_by_inventory
learning/王启龙/week13_notes.md,347,d2f11aff56c39e7d078ee2ee446dbc426abe2f47f0f4cc0e32c7040b81520efa,True,True,not_implied_by_inventory
learning/王启龙/week14_drill_report.md,529,c2c2caf8cb45cd62261f2e82dfc72bda07cd2973c5e9040d4f73e1afebfb4dac,True,True,not_implied_by_inventory
learning/王散曼/flow_state.json,52,5f9962de808061f23eaffa8d3156f6830f19bf0a13dbc346d89d07922f093480,True,True,not_implied_by_inventory
learning/王散曼/review_v2/W01.md,487,aac9b7cf1fd30e9dd4beaf0fcca6231aacafb6ee61844aad8b7d5029f0c49689,True,True,not_implied_by_inventory
learning/王散曼/review_v2/W02.md,475,a737d7558cd43a468e6f38a31ee0e0af2d40dd68cbabb2b000035e72ab2ad297,True,True,not_implied_by_inventory
learning/王散曼/review_v2/W03.md,471,7e88f0b7aa51d28ee8dd8798f3143cee3bc9cd3ce8f6672172bed2ccae8b5810,True,True,not_implied_by_inventory
learning/王散曼/review_v2/W04.md,453,4659f4d0f3d243d750a4e0bf17988deaab756976066f0f60b8d960fbdc3a49b5,True,True,not_implied_by_inventory
learning/王散曼/review_v2/W05.md,480,67c12b583c6d4e18c412771c73c731d5825f15144cbd1309569b989030679fea,True,True,not_implied_by_inventory
learning/王散曼/review_v2/W06.md,486,9bdde5a4cd7921f55f7b7045d09418d91a6f9678227e33b24da7acdf1b9540f1,True,True,not_implied_by_inventory
learning/王散曼/review_v2/W07.md,483,c4362755ec78e295b69a90891e2c19626e4cebc65754cc438d7eb8e33af6c99e,True,True,not_implied_by_inventory
learning/王散曼/review_v2/W08.md,476,de16f6431eb9af5637f4a87e7b7497e2063923f03da56bb70dc940aa02ed77dc,True,True,not_implied_by_inventory
learning/王散曼/review_v2/W09.md,447,e56270604acc01103853c462de5429566632b7ebea877fb2b7f90bc839114899,True,True,not_implied_by_inventory
learning/王散曼/review_v2/W10.md,458,1ad82efa6cde664cb0d73a64f49be197512771c6f4d656ccc7f000100dc8aba9,True,True,not_implied_by_inventory
learning/王散曼/review_v2/W11.md,444,b04c6aed2b3534296e41b3cd4b18a4e60395ca0f151691242bc1bf18868b8473,True,True,not_implied_by_inventory
learning/王散曼/review_v2/W12.md,458,b639cdcfd5e5723fcf708caceda912fbdc86c15e1dde65c631518205cc486078,True,True,not_implied_by_inventory
learning/王散曼/review_v2/W13.md,448,6fa496c751f9c3ef621091dbeb5a39b0ca68b32899726a7776ecb5dafabf9c17,True,True,not_implied_by_inventory
learning/王散曼/review_v2/W14.md,455,9ae2e7398ae07e24946f264dbd1b1bf87544957e5eb213f686d2ef43f1668033,True,True,not_implied_by_inventory
learning/王散曼/review_v2/W15.md,440,409794128f5de04af54514ce29867554545b60e575ca34ac123b3b1875267517,True,True,not_implied_by_inventory
learning/王散曼/review_v2/W16.md,464,5a464e41c4137f78ddde6356e40e64a3bee4a2e2d043cae07c1b252809451a70,True,True,not_implied_by_inventory
learning/王散曼/week05_llm_assist.md,1570,f111d337623c2e8461ee6b953a2eb2d27d4c553583da7d3e8f6b7978d21cb079,True,True,not_implied_by_inventory
learning/衣思淼/flow_state.json,52,5f9962de808061f23eaffa8d3156f6830f19bf0a13dbc346d89d07922f093480,True,True,not_implied_by_inventory
learning/衣思淼/review_v2/W01.md,469,aa763faa0e8cb0689d1e8ac9bb0d6f1d4bc85f82bca4449e39ef2690bfa43fa1,True,True,not_implied_by_inventory
learning/衣思淼/review_v2/W02.md,461,50be67fc99117c3d8c219bf73154bf03fae4218585db9c8c023ca9e2134f5c74,True,True,not_implied_by_inventory
learning/衣思淼/review_v2/W03.md,483,eda18273ad9b0c0e03b11f81e72948f2db593cdff27c46521522b064048129c6,True,True,not_implied_by_inventory
learning/衣思淼/review_v2/W04.md,439,6cfa9f8fdb62da502f3a97ed2f88fdbfdf280e26acf691455fad822e81d8c33f,True,True,not_implied_by_inventory
learning/衣思淼/review_v2/W05.md,459,168ca3671840be68b87631ef42fe28ca00a7096572d9e85010e6d90c2fa0a994,True,True,not_implied_by_inventory
learning/衣思淼/review_v2/W06.md,455,d290e1cce49927fe2b4e956cee65ce34b3f4dd85b430998d65e0a02ce858178b,True,True,not_implied_by_inventory
learning/衣思淼/review_v2/W07.md,452,8ca412aa2da13e454f304b11e981927523e143bab061c8a2c7a6134792bd0c77,True,True,not_implied_by_inventory
learning/衣思淼/review_v2/W08.md,446,591d49669d5351ed00ee89498598e903454373d18e20bbe6f727cef307c2ebfb,True,True,not_implied_by_inventory
learning/衣思淼/review_v2/W09.md,455,da8851acc9d76192110ca7a6115a400ff5e54af23978848acba758290c5efa00,True,True,not_implied_by_inventory
learning/衣思淼/review_v2/W10.md,441,811ead13cb1623074c4304c4f3836cdf14962a42c5619b7aa8fae9f08e5871e7,True,True,not_implied_by_inventory
learning/衣思淼/review_v2/W11.md,452,f114152befc84bcf94325bdc1bda2dd63304102ca6ee954c2047629cf1d9e6e2,True,True,not_implied_by_inventory
learning/衣思淼/review_v2/W12.md,446,e5d3ee80d57b8efb4ebf17c93e0bec570c313818fc69e23358be75805efb8ac6,True,True,not_implied_by_inventory
learning/衣思淼/review_v2/W13.md,452,8c71a595dd6a44ed94ce209778cc1f8706417ea33d1d3a80c983ac9838d02ff7,True,True,not_implied_by_inventory
learning/衣思淼/review_v2/W14.md,443,eb420561fa5db68f9e60a7504c5cdf443f72f661437001aba83d621b1016d291,True,True,not_implied_by_inventory
learning/衣思淼/review_v2/W15.md,431,a28a0ca4ee3e3e853b13c6dc8fbbc61b2f17b71d4ba4ba1be11b9223c2bebf8b,True,True,not_implied_by_inventory
learning/衣思淼/review_v2/W16.md,440,1a99be1fd12443057d09d649c81a8cf27a24fbc5f720bee96c2945a3a522c8f8,True,True,not_implied_by_inventory
learning/衣思淼/week02_rdkit_recalc.py,1705,7bd5c30384ac2674e5ad569d812b095bac3e2bc04ef0dca15cd2612451dddb3b,True,True,not_implied_by_inventory
learning/衣思淼/week04_dedup.py,1652,bd521f4abf145b05bbb2be38854bb73736a1782e3100b20f8dde1649a05a7520,True,True,not_implied_by_inventory
learning/衣思淼/week07_bootstrap.py,1669,4fb45db4b42362276fa93ae7c1b343d0a698ad4d1a556fd916cae4454f54fa17,True,True,not_implied_by_inventory
learning/衣思淼/week08_split_ad.py,1629,ce781bfe77c1e021da118edf20c3c0ef773acabe810fcd10e9ba60a6e3225b2f,True,True,not_implied_by_inventory
learning/衣思淼/week10_audit.py,1616,fb67cdc82ce85e0060fb1aa235a2929b9e6973b2ae6e0b390a997c76090c49ed,True,True,not_implied_by_inventory
learning/衣思淼/week12_sensitivity.py,1679,8f58a0213c4801fba30415734277e9be8baa1c7b8e12f0b22c05013e01842dd4,True,True,not_implied_by_inventory
literature/01_classic_evidence.md,2858,6ed2bee59cf73a87d8a82de9b1f9a51dc91547bad4f765c7aaf806ccec80a52e,True,True,not_implied_by_inventory
literature/02_novel_terpenes_lignans.md,2401,b747831c0cb77bd8693d2982cf5b2cc2d3b0c2cce36336a1a4b5e1b1768053ba,True,True,not_implied_by_inventory
literature/03_top_candidate_mechanisms.md,2955,b48a989b45679b074a3005c1c46da012bac9b1f088c5525f045055d8e6016e21,True,True,not_implied_by_inventory
phase2_semester/WP1_verify_baseline.md,436,a9d04265f116e5a57934914e9e1fc7d29a3650625292297722533cdb781de084,True,True,not_implied_by_inventory
phase2_semester/WP2_real_docking.md,553,01205b83fa67a83a0587acf5d46eb2bd1ab8086e360e2e05c97f315f3aa1afc6,True,True,not_implied_by_inventory
phase2_semester/WP3_data_expansion.md,513,5a4f60e6b5b94d2c83b4bde53a411f6a88eab38c42b4c213a120172ef6d9694f,True,True,not_implied_by_inventory
phase2_semester/WP4_model_upgrade.md,550,dabbb5f2a7b1915209bdc98809cbe00fc58eee622167101203f16e59dc026f6f,True,True,not_implied_by_inventory
phase2_semester/WP5_experiment_bridge.md,528,f882e4c4cfc26b31ddb3a850499e4fb01a2c13b82133742a26d3f120a1a7d6d4,True,True,not_implied_by_inventory
phase2_semester/推进程序_负责人_王启龙.md,537,b269c6a9df1c281e3dcd5ae4833deb23ed55a6cdb0fef23e41d8bf6d2e39d345,True,True,not_implied_by_inventory
reports/midterm_report.md,6533,47752be7fba2b39206fab9695847418340ae3af8dd94e5b69fae477836cc3685,True,True,not_implied_by_inventory
reports/pdf_all/CONTRIBUTORS.pdf,47402,e9f5a78270987c8c8f5b819c5fd5a57c04c2b39749df1710162e8168b306b30c,True,True,not_implied_by_inventory
reports/pdf_all/README.pdf,73100,3df6bdf5d75e406c00d2e0bd52548e6bdb570e87f27e86df51a310f539ea7d20,True,True,not_implied_by_inventory
reports/pdf_all/docs/00_environment.pdf,115852,df29e338dd520505ac9f1f51dbb51934b2d5fb90be2d72614c590d19bc848494,True,True,not_implied_by_inventory
reports/pdf_all/docs/01_data_dictionary.pdf,145950,b5c14ae77b353419886ec7f868ffba94737f783779c8f1bfdf7fccc380b68a74,True,True,not_implied_by_inventory
reports/pdf_all/docs/02_model_notes.pdf,127180,b4e91365da888aa67dd8a754b7cca7fa270c004b1f6b753ceb142e1854ba5e5f,True,True,not_implied_by_inventory
reports/pdf_all/docs/03_docking_protocol.pdf,125765,33d30a057eaf9b178a1b33c4444c0ca2484b37d3955b53cc6575a756375559d6,True,True,not_implied_by_inventory
reports/pdf_all/docs/MANIFEST.pdf,219181,c89cd324fca03ea364767ee29d165b7f8682063f2f07efd3fd6104ab805e4a1e,True,True,not_implied_by_inventory
reports/pdf_all/docs/MEMBER_WORKBENCH.pdf,173186,348a3b7b9e10921f791026de88845667a3c8b04f2e8654e182c8fa2d0684c052,True,True,not_implied_by_inventory
reports/pdf_all/docs/PHASE_PLAN.pdf,118945,b9943b3ab669c4bcad8d9fa9a144df2d7b1543626361a870aeb7a57f298153b7,True,True,not_implied_by_inventory
reports/pdf_all/docs/VERIFY_MANUAL.pdf,183861,fc0c39dcae81afa1b567f08aa9897c04fe76c666c7c4d8ec27a54505357b6a68,True,True,not_implied_by_inventory
reports/pdf_all/docs/VERIFY_TASKS.pdf,241915,67d30f524e71456a8e077bf7074794e87653112204799e3004e4b84b2a87dbc3,True,True,not_implied_by_inventory
reports/pdf_all/docs/minutes/week1-2.pdf,127627,0f20731bf5ceb0479663b516a14785c5d114d3ceb902744a6565c5a0677c4128,True,True,not_implied_by_inventory
reports/pdf_all/docs/minutes/week3-4.pdf,125613,04a37b45d5f1b9bba88c2a6b5b6a807fc5daff232770600a23cc896c1a39691a,True,True,not_implied_by_inventory
reports/pdf_all/docs/minutes/week5-6.pdf,127147,23253d0d2a9d13a675f1be3f393279e5253e60ec8b8c01e8e678700be78eae02,True,True,not_implied_by_inventory
reports/pdf_all/docs/personal/00_工作量与成果总表.pdf,89717,3ab9725af96cfed0be4d18946c5b902988b04df466e6017248b4442022b8b54c,True,True,not_implied_by_inventory
reports/pdf_all/docs/personal/P1_王启龙.pdf,118844,fcffd4be4cf9e18e556e3fc5815f967d841be7175ebef346d9c88a750d47105f,True,True,not_implied_by_inventory
reports/pdf_all/docs/personal/P2_宁显泷.pdf,116968,beda641af0eab868d1ace4430079098bee402039cf1ef409975eb2cbffc3c494,True,True,not_implied_by_inventory
reports/pdf_all/docs/personal/P3_衣思淼.pdf,125138,7c48498e9ffb2ab674cb900c52544e27737282301a12c6e0b956bfadb2e73633,True,True,not_implied_by_inventory
reports/pdf_all/docs/personal/P4_代维斯丹.pdf,121022,baf3b412273aa6b9724e77c39a1dbbae64629d1699ff9fa6d3a1d7060b9e38a3,True,True,not_implied_by_inventory
reports/pdf_all/docs/personal/P5_王散曼.pdf,123656,f70be99989a7d2c535ae25eb42b0f40079c67e7aaf109309d5d1889aae2b1420,True,True,not_implied_by_inventory
reports/pdf_all/literature/01_classic_evidence.pdf,154873,ff8e5dfa9e2e6368bd4331b6ca8ace434acf4c83e9353fa8b2404e59ef0a239e,True,True,not_implied_by_inventory
reports/pdf_all/literature/02_novel_terpenes_lignans.pdf,142854,751406aa84153915b2699af7419ef7637468a86d6ca3cf2f61409e2a79fa5d7d,True,True,not_implied_by_inventory
reports/pdf_all/literature/03_top_candidate_mechanisms.pdf,151391,f2e18c19e667d14d53f10fe90f8f9ec108a681e14e5c68aa12352c88e793134e,True,True,not_implied_by_inventory
reports/pdf_all/phase2_semester/WP1_verify_baseline.pdf,119274,fc597d415ed33d42b42f2a3502178c76bf05c499383b74673f52969e47c29555,True,True,not_implied_by_inventory
reports/pdf_all/phase2_semester/WP2_real_docking.pdf,123322,b7d5e6a0d0d1afd4313477e6619d0bb653f8709dc079eae27689ff5ddc6cfe80,True,True,not_implied_by_inventory
reports/pdf_all/phase2_semester/WP3_data_expansion.pdf,142614,50217f2ea6b0008057f8aadbb00fb74364cf7ee677a45bc678e0439626b953dd,True,True,not_implied_by_inventory
reports/pdf_all/phase2_semester/WP4_model_upgrade.pdf,116954,739ad368deaf2c7f2afaad38061579477f7236beee5d6d5599845a49c22542df,True,True,not_implied_by_inventory
reports/pdf_all/phase2_semester/WP5_experiment_bridge.pdf,122296,36c1c523ca491afc5baf53018fc5b5a7cc59fb07958e947baf30267771c310bf,True,True,not_implied_by_inventory
reports/pdf_all/phase2_semester/推进程序_负责人_王启龙.pdf,320825,4bbb4cff6470ddf6ff33405605e125958a0042e37d89d208e63f27a31f4509c8,True,True,not_implied_by_inventory
reports/pdf_all/reports/midterm_report.pdf,196182,3e8f17b9bac05e9eb23c1819988c1271989da8bb4817a5bfc5de846c933e47be,True,True,not_implied_by_inventory
reports/pdf_all/reports/真实对接与统一筛选报告.pdf,165435,db7a3f71f98f42c42fe3c6c1bf3a837d159f56cd5733a7156dc38bc999a94e89,True,True,not_implied_by_inventory
reports/pdf_all/results/docking/real/README.pdf,120639,0fef555dc8861fd066cb65bdd3bf0811ecc23a77a900d944b26220361584bcd5,True,True,not_implied_by_inventory
reports/pdf_all/tools/使用说明_学期推进流.pdf,77751,3fea8d51817fe6d62f71f60adf65eedde6c6b6843ecabe4f01f7d6230ffc8d14,True,True,not_implied_by_inventory
reports/pdf_all/代维斯丹/工作台.pdf,155969,2b33506f233d16a024e16fc190fffb8480fceebf3c76ad355ee9a9372ccd0af1,True,True,not_implied_by_inventory
reports/pdf_all/宁显泷/工作台.pdf,153255,6ad263c04641c198c69ef5348e369f199811f0df335a7213f65b0fd79ee391f8,True,True,not_implied_by_inventory
reports/pdf_all/王启龙/工作台.pdf,154647,b97ab3617b12237e5c7c70352748768c84cead0c721c3c7ee413bb9f2a4d706c,True,True,not_implied_by_inventory
reports/pdf_all/王散曼/工作台.pdf,155357,c92ac550673e60bea20561f28edb1316d5f0627267dfd6b038b85cd24eda5308,True,True,not_implied_by_inventory
reports/pdf_all/衣思淼/工作台.pdf,155503,71abb6d9a93f0a9b22f05ebdbada1781eb93e64fbf7a343d8fb61df415770c85,True,True,not_implied_by_inventory
reports/pdf_build/aidd_blobs.json,69256,9ee595fbea4515420b13e90e90870f9aba689420ec1be1571ff9ab5173c74baf,True,True,not_implied_by_inventory
reports/pdf_build/aidd_notes.py,6199,1392d298d13bf6e378eceae6f8675985860fef53896a87baba1233d77f7115c9,True,True,not_implied_by_inventory
reports/pdf_build/aidd_run2.log,954,75f26c4dc0db7f17f6369c6e704d556796faf0e019ab4a8621180b08658d0131,True,True,not_implied_by_inventory
reports/pdf_build/aidd_run3.log,1696,06abbcded2d826a2c7d924f72f670488a132beca2ff7048c0a029b11aa166b71,True,True,not_implied_by_inventory
reports/pdf_build/aidd_run4.log,2455,17ca62c2ddbe99d5bb0ba3a46cf2450cd735b311e24e44dca3beabfb8c41a801,True,True,not_implied_by_inventory
reports/pdf_build/api_blobs_done.json,6468,7fc5c7d65950568332b437222efdd03ae85404f73bfe3d5e611284e1fe23481a,True,True,not_implied_by_inventory
reports/pdf_build/body.pdf,493750,acc92ca558ff01fad5ae8c01c8f7c6a09669430aab70f614bf7f6f3ab6278673,True,True,not_implied_by_inventory
reports/pdf_build/body_phase1.pdf,383505,609f38919fb016263497c76cd35e35d09e7807c2b5cf147b5df6ed28316489e4,True,True,not_implied_by_inventory
reports/pdf_build/build_body.py,33664,55959ba36799cf9ce36a8b6c8b48ea60d0a73aeeac53ed18e854fec6be3bb575,True,True,not_implied_by_inventory
reports/pdf_build/build_phase1.py,25735,4a9bbf05a1e5e7dabcb52898aeef87e48908e86445439cc3556e2e7585679401,True,True,not_implied_by_inventory
reports/pdf_build/cover.html,3250,d8498fede5c12560215b1c16e9b1d46e74689b46ca1959e714cc545652854c42,True,True,not_implied_by_inventory
reports/pdf_build/cover.pdf,77096,290dce8501a1dcf9b7b86ae9d0665c799b5a487f0e5aaf0a17dd25bfa7edfb59,True,True,not_implied_by_inventory
reports/pdf_build/cover_phase1.html,3059,d43583b6a9af3ebdbb7a2f79c92b1c097d67ef3b3b338747f211eeb42e6b6c06,True,True,not_implied_by_inventory
reports/pdf_build/cover_phase1.pdf,67679,8b2d45f402ab1298117c80057b12d69924649bd87438b63b6501571fed9d3c34,True,True,not_implied_by_inventory
reports/pdf_build/finalize_aidd.py,4272,4d12280fee9464e71c961e7e990358d9e43dd67c223053717daecf5069740abc,True,True,not_implied_by_inventory
reports/pdf_build/md2pdf.py,14188,38a12130b1e787bd37b6c251a667911f21c276cd8b0e80d068f52224637084b9,True,True,not_implied_by_inventory
reports/pdf_build/merge_final.py,1292,fdf2aebedf48dd94730cb1e9522999a85445e05e57f2b866b18eefdd23a04c56,True,True,not_implied_by_inventory
reports/pdf_build/patch_phase1.py,2489,0d1d45f0bb2b0078f6456bcee103b99dbe3a3473561b628460cb0eaa2db81e61,True,True,not_implied_by_inventory
reports/pdf_build/push_via_api.py,5960,49732e0647ff07d0f6757eeaca28a703a181a91526db7dc664af7a85c1c85086,True,True,not_implied_by_inventory
reports/pdf_build/t_req.json,27525,ec4916b9664fa137f4f7cec835fe8e804a3002aa5afbbf1b886abdad44adf15f,True,True,not_implied_by_inventory
reports/pdf_build/tree02.json,166365,668e9ac9b2683bed27fdccfafd492474372f759169d413a3c3e15dc7fa0ad50c,True,True,not_implied_by_inventory
reports/pdf_build/upload_aidd.py,11306,ccaa3d43d5719728e36a04850f883b67bb467ceaa6d43a1418dfceb3df140d85,True,True,not_implied_by_inventory
reports/pdf_build/verify.py,7990,5e7572b5f96c0315d1c7319040d6322375a1da678eb2bf972aa01be363d32fdf,True,True,not_implied_by_inventory
reports/pdf_build/文件备注清单.csv,260262,d2a9cdf36c100ad1d8dd27f44f9978af7d9e9027495d4090eb995fb1ce28929a,True,True,not_implied_by_inventory
reports/当前状态说明.md,242,b3fa721e2b4d8e48828144b1569a38a96eac34b461a16b8eb10eaaa3b6bffe7a,True,True,not_implied_by_inventory
reports/暑假阶段报告汇总.pdf,453923,d33bc4d86e87900870de1e534a46dd9110b552575ffa7fa6f84924c465b9b9b3,True,True,not_implied_by_inventory
reports/真实对接与统一筛选报告.md,5695,a47ecfc8469c6a543826089cc1791d798655092c64045952e13e0a8c14d42f89,True,True,not_implied_by_inventory
reports/课题详解与阶段结果说明.pdf,574366,fd2c1c44146c7ccdb7d2d1d9b94a5cc889fa722ac470cb3703794a6b13cd8124,True,True,not_implied_by_inventory
requirements-validated.txt,207,c65eb8221c95463beb146878a7b7f30341b7be5e2b40515e9bba0740b0395695,True,True,not_implied_by_inventory
requirements.txt,154,a2bde8710b4c9eee24320dc73bfce7e1b85425a3a32c9618a86c0d86aa07a8d9,True,True,not_implied_by_inventory
results/STATUS.md,139,a7107614d6f20977508e725e738fece3e95fbfc1245af02d4ab53b7e2eb94d2e,True,True,not_implied_by_inventory
results/ad/ad_report.csv,4112,5107ed4c638fd6b60fd58dd794b5ec42441657780f00f1fe9f936a1bc63c37b6,True,True,not_implied_by_inventory
results/docking/docking_scores.csv,9431,35d5de042f39b3487252fdbf3b04d76323db5d48c277247eb35e27fb49e2cbfd,True,True,not_implied_by_inventory
results/docking/real/README.md,1970,fd3cdc91682bc32e6321a445c185640bcb71f206c01b301a4dced84e487a2682,True,True,not_implied_by_inventory
results/docking/real/docking_real_4targets_16ligands.csv,1959,f9d29c5825824141420239cdbb565ea700c45919a7509222924ac7377775019b,True,True,not_implied_by_inventory
results/docking/real/docking_real_ppar_prior40.csv,10127,076547fe8155f73333987653d336f49c45fbc97c7ff5b68c4cb3f355a6fa5783,True,True,not_implied_by_inventory
results/figures/model_dock_scatter.png,40549,7cfb51189e1603a44eb0cbac383d8f38982e0955d14f30ffa2ae51bf12354cf4,True,True,not_implied_by_inventory
results/figures/reliability_diagram.png,43716,528e3480a68831d217a7b130ced59a7954e30fcbdc81145fdbf5b2223a802ac8,True,True,not_implied_by_inventory
results/figures/top_candidates.png,18844,cd4e0ae42cdca6aabb57796b14963e76986b1eb39a5dcd30ea0af5002a50c2a4,True,True,not_implied_by_inventory
results/figures/uncertainty_vs_error.png,26324,80947f3825454a855fece156f2f485c87030b7de1c03eacf6820c1e20d5fb138,True,True,not_implied_by_inventory
results/metrics/baseline.csv,133,645d35f999c209e17a1b1c5b1f97d783c50d5675b6b3efcbb4eb569e7e55f1c1,True,True,not_implied_by_inventory
results/metrics/reliability_curve.csv,169,38b73a74c594df8bd7932fa0ca11d9fdeab9f2389788f97e1d2d4c0f10ba0cea,True,True,not_implied_by_inventory
results/predictions/fullpool_predictions.csv,3686,6de64d1d72929561735c9e57de9e9c33696d399bf820d357f3a807ec48c3c0dc,True,True,not_implied_by_inventory
results/predictions/test_mean.npy,264,fb4e28cb48d471aab1ae07d3141c97ef9c727fc637b190ae2ea98cb595915954,True,False,not_implied_by_inventory
results/predictions/test_predictions.csv,1114,2d57825c5e00524e34bac2195f0d6dd7e859ce54eec702c5a9dcc61c45b6660c,True,True,not_implied_by_inventory
results/predictions/test_var.npy,264,100620e0ed49a5ac8a318ea9a870d8db0349ce2f2651f57d40319a96395ed8d6,True,False,not_implied_by_inventory
results/rankings/final_ranking.csv,5210,78327fb3d1e75ce577bed09463228cd04782e78a0dc5d73330b9bd21347d2146,True,True,not_implied_by_inventory
results/rankings/v2/Top10_最终候选.csv,686,ceb22e2f14b9341a1ffdbe76b1e11d9aa4f86cb5cfb66ff7770b185f210f3cc9,True,True,not_implied_by_inventory
results/rankings/v2/ppar_new_candidates.json,11299,e491880418b7201599ea526cbe2d28b668f21c955d74a78dd842a150f9a82c83,True,True,not_implied_by_inventory
results/validation/README.md,618,4c9e004cb216a14256083e8a24b79e51bce76d03ed0213341a66f71c08179199,True,True,not_implied_by_inventory
results/validation/checkin_checks.json,322,bc12e2ac8a90bf9e475e53931daa1f737347469c836243fb7534e9a893e5c4dd,True,True,not_implied_by_inventory
results/validation/gnn_model_diagnostic/results/metrics/gnn_weights.npz,9382,7f5e082dee07ef50ddc59db9c44da96867ea48d0a10b92df5b396074cd894139,True,True,not_implied_by_inventory
results/validation/gnn_model_diagnostic/results/metrics/model_summary.json,646,b20bb0aca8d996f355a96a24ec68453668b6a441e07477ad08f57aecab5e20b3,True,True,not_implied_by_inventory
results/validation/gnn_model_diagnostic/results/predictions/baseline_test_predictions.csv,620,09687faea5a709a6bca46dd63ad2ea3127a99e42cf5bd6b55d6158fe7a1335d9,True,True,not_implied_by_inventory
results/validation/gnn_model_diagnostic/results/predictions/fullpool_predictions.csv,3807,958f5916f640368b55b23b4ea059b33eef65740a6cec5ad27204bb196db6a3a1,True,True,not_implied_by_inventory
results/validation/gnn_model_diagnostic/results/predictions/test_predictions.csv,1150,d85ce4f8e1234c6223aceaf1d6c885de2277b9c676db68bbffa210615ed12167,True,True,not_implied_by_inventory
results/validation/gnn_model_diagnostic/run_manifest.json,399,71fa5fc8f6fda9371b55c5bad8134af8f0ba8078eea474cb9b0729dedb6656a8,True,True,not_implied_by_inventory
results/validation/gnn_model_diagnostic/splits/test.csv,9702,65b9ab4bf1f8e651f0ad83d831ef11f5bbf2dc81988f6044c1abfd14ab5964ed,True,True,not_implied_by_inventory
results/validation/gnn_model_diagnostic/splits/train.csv,28246,fde0263f9625b8681607a580f00bc06ddbbcd2f954cef6d691ce1f13cdded48f,True,True,not_implied_by_inventory
results/validation/gnn_model_diagnostic/splits/val.csv,7007,06d43529c75aa5ff790272cde55d60e9fa0435f949ffcd371f1a418785c26081,True,True,not_implied_by_inventory
results/validation/gnn_redock_diagnostic/docking/boxes.json,386,9b0581e17ee61fbb2c9d2fc71d4758a787197495c085f04144106cfeadc4d171,True,True,not_implied_by_inventory
results/validation/gnn_redock_diagnostic/docking/ligands/FXR_LBD_FEX_redock.pdbqt,3784,eb35a2ada59fc0d34875b0281ea8322768b1667f2d92a4ae55a38ea84432d1de,True,True,not_implied_by_inventory
results/validation/gnn_redock_diagnostic/docking/ligands/KEAP1_KELCH_IQK_redock.pdbqt,3589,3a21797d030f0331989f6bbe4c273329c26f464781dce1e9f151fc7dd6a0d215,True,True,not_implied_by_inventory
results/validation/gnn_redock_diagnostic/docking/outputs/FXR_LBD_FEX_redock_out.pdbqt,36720,fa6e08f68a28316b7cc28d7a168423646923eaf1fdd7bd2d873f1cecee25c08c,True,True,not_implied_by_inventory
results/validation/gnn_redock_diagnostic/docking/outputs/FXR_LBD_FEX_redock_out.pdbqt.log,2287,7bf375176fe234abca2516898ce27ade7c77fc8e18ef73e6873760af3985c212,True,True,not_implied_by_inventory
results/validation/gnn_redock_diagnostic/docking/outputs/FXR_LBD_FEX_redock_out.pdbqt.run.json,845,a66d635998ea9070ba0a41e2a791e48bba9ab2d3bfaef3882032bccd6e3298d4,True,True,not_implied_by_inventory
results/validation/gnn_redock_diagnostic/docking/outputs/KEAP1_KELCH_IQK_redock_out.pdbqt,34902,0ecefc88fd155fe2e4d7e124ba067715c6247e4df18b79619244ef3dd8b0a462,True,True,not_implied_by_inventory
results/validation/gnn_redock_diagnostic/docking/outputs/KEAP1_KELCH_IQK_redock_out.pdbqt.log,2300,bb8e5ae2dc393009d297c4c84e1ab60704f7feff35c7dec6de19d4e91ddb9824,True,True,not_implied_by_inventory
results/validation/gnn_redock_diagnostic/docking/outputs/KEAP1_KELCH_IQK_redock_out.pdbqt.run.json,860,afd0d8e29b5a9ce489763bafb4538d05c50adeb576879c65b99e9756a85c4551,True,True,not_implied_by_inventory
results/validation/gnn_redock_diagnostic/docking/pdb/1OSH.pdb,197316,cc43337561882616da7089e0e3f3843ad1a827d58ad39970ac5c257dfeb40215,True,True,not_implied_by_inventory
results/validation/gnn_redock_diagnostic/docking/pdb/4IQK.pdb,227367,e48207069ed7381a4b6d8ff4c89f6b0fd6396ce281291e19b01076168bbe703d,True,True,not_implied_by_inventory
results/validation/gnn_redock_diagnostic/docking/receptors/FXR_LBD_1OSH.pdbqt,173583,3ba5f9faf94b93ea9fb795f035891017181ee2e4c495c2a5fc79b0fcc3fc4c3c,True,True,not_implied_by_inventory
results/validation/gnn_redock_diagnostic/docking/receptors/FXR_LBD_1OSH.pdbqt.cache.json,167,e7ba25c8a377e9e60e38c0638b2b0bbad17fa86918b8d7709355050820a4a70c,True,True,not_implied_by_inventory
results/validation/gnn_redock_diagnostic/docking/receptors/FXR_LBD_1OSH.pdbqt.log,167,9c66d73872384be2b4dd72b2974a46eb2f40a187ba85c3b3fa8111f06bce2303,True,True,not_implied_by_inventory
results/validation/gnn_redock_diagnostic/docking/receptors/FXR_LBD_1OSH_FEX_crystal.sdf,6500,d4ab502bd17788d58a7a79668a8ba3906a93a41ada40629fbdfd2dc476a4de7a,True,True,not_implied_by_inventory
results/validation/gnn_redock_diagnostic/docking/receptors/FXR_LBD_1OSH_clean.pdb,145063,51ae41d7f317bca4ef1af060da9ff98bf0518825516ae6c523fb42c8f6a9ee82,True,True,not_implied_by_inventory
results/validation/gnn_redock_diagnostic/docking/receptors/KEAP1_KELCH_4IQK.pdbqt,218052,1f703f1dfb7d0b0d365659257e4f8dd24a2ccab5d5f7069e7598f14c2aa59b4d,True,True,not_implied_by_inventory
results/validation/gnn_redock_diagnostic/docking/receptors/KEAP1_KELCH_4IQK.pdbqt.cache.json,167,44e9ba32269d435c5114f0c5e33e32cd8f26db4c2b619be275dc1d1cb9de6a7a,True,True,not_implied_by_inventory
results/validation/gnn_redock_diagnostic/docking/receptors/KEAP1_KELCH_4IQK.pdbqt.log,171,8229717befe297adf03e12b6f5f2025ddea76e341a9dc3cffa0a16520e2ddf18,True,True,not_implied_by_inventory
results/validation/gnn_redock_diagnostic/docking/receptors/KEAP1_KELCH_4IQK_IQK_crystal.sdf,4885,16ec4207bad94dceb375d0d518b71e7ecd34c9f2f067656a429e6e276c7d1098,True,True,not_implied_by_inventory
results/validation/gnn_redock_diagnostic/docking/receptors/KEAP1_KELCH_4IQK_clean.pdb,179257,bde83c4545aadebd4996277160c95cf84e44bc19f4cae3f97c9775ddb35dbb6b,True,True,not_implied_by_inventory
results/validation/gnn_redock_diagnostic/docking/redock_gate.json,1391,9427e0f11b4f671761716a6a8a7746e2cd5554bec32edfb1349362b9ddd87a16,True,True,not_implied_by_inventory
results/validation/gnn_redock_diagnostic/run_manifest.json,449,4389750d58a0119e241d5ff627dbf7b3dab9c574274ce99d10aa78546a46b74c,True,True,not_implied_by_inventory
results/validation/software_checks.json,1905,f0f76caf4c9a4956cecbafc91c80b5098dd61f37a5bd5f7ff2fd47467fdef2a0,True,True,not_implied_by_inventory
run_all.py,2098,e43dcf30d1e6a74ff64adcf10e1aa0b75223df49bcbae6e8f62aecee9aee64a1,True,True,not_implied_by_inventory
src/__init__.py,0,e3b0c44298fc1c149afbf4c8996fb92427ae41e4649b934ca495991b7852b855,True,True,not_implied_by_inventory
src/chem/__init__.py,0,e3b0c44298fc1c149afbf4c8996fb92427ae41e4649b934ca495991b7852b855,True,True,not_implied_by_inventory
src/chem/descriptors.py,3004,c32396838b6722d8abf3edaf70dbabfd75c98cd6c756f5ba3c5f9dc1030687be,True,True,not_implied_by_inventory
src/chem/fingerprints.py,1303,175ac372fe1e007cb8dfe8a28c17307d8dd620593581ecc9aedd28ed08b32728,True,True,not_implied_by_inventory
src/chem/smiles_graph.py,8573,539e294fc0a767a389810630bd02201123b4057302f2815b880390d3a775b65b,True,True,not_implied_by_inventory
src/data/__init__.py,0,e3b0c44298fc1c149afbf4c8996fb92427ae41e4649b934ca495991b7852b855,True,True,not_implied_by_inventory
src/data/ad.py,2804,b823ab8828eb3e4905907f53bb1cb14a745f3b1d156fc125db56eb9fa5da2896,True,True,not_implied_by_inventory
src/data/clean.py,3050,461d6dd4299d7d02566f0bedac4522df1000a7e081ca5d399dac5f8f8709362d,True,True,not_implied_by_inventory
src/data/split.py,2095,69000f3da019c046fe8713c63e56800b68afb00d1a3fb9dae34d8a6d6857192a,True,True,not_implied_by_inventory
src/docking/__init__.py,0,e3b0c44298fc1c149afbf4c8996fb92427ae41e4649b934ca495991b7852b855,True,True,not_implied_by_inventory
src/docking/grid_box.py,1268,b7dec518809d74aa3af86355caeed9543a51cd803ebd2c4e5bafae096488ed46,True,True,not_implied_by_inventory
src/docking/mock_docking.py,3344,eb637ae37c190391d2e3d953b99cb450687c5ad1e77dabe95e04221f1059f165,True,True,not_implied_by_inventory
src/docking/run_vina.sh,1649,f126b0b6474b53d212644ed2bb07786d72bb8765c76e39a3cca0c301493709ff,True,True,not_implied_by_inventory
src/models/__init__.py,0,e3b0c44298fc1c149afbf4c8996fb92427ae41e4649b934ca495991b7852b855,True,True,not_implied_by_inventory
src/models/baseline.py,4159,efcf2ff54a8efb045492d71a7f536368562beff97c115c9f70afeacec0c30fc5,True,True,not_implied_by_inventory
src/models/dataset.py,2061,59cdd8876d903275e0c4d6d490bd679a63b649cfd1be12a4086d9af38dce8660,True,True,not_implied_by_inventory
src/models/gnn.py,9306,ac4072c5bfc0c0a751c2b00e2a26d6a075022e61f4347f872e2c29633ab240e0,True,True,not_implied_by_inventory
src/scoring/__init__.py,0,e3b0c44298fc1c149afbf4c8996fb92427ae41e4649b934ca495991b7852b855,True,True,not_implied_by_inventory
src/scoring/fuse.py,4313,c19da8eedb893330cee297bc31a313b29b87c4a165cd902177a2f2ff36b5bc7c,True,True,not_implied_by_inventory
src/viz/__init__.py,0,e3b0c44298fc1c149afbf4c8996fb92427ae41e4649b934ca495991b7852b855,True,True,not_implied_by_inventory
src/viz/plots.py,4156,eedd67fcaf127b91477bca845e6d57c5217057a56d96f184f427d556e4a9df56,True,True,not_implied_by_inventory
tools/gen_member_pages.py,783,131e8259372a5e1a802131fa4d79fcf268c5c52bfe7fd81cd706d827f720902a,True,True,not_implied_by_inventory
tools/push_incremental_api.py,5493,8a77a6f05cb1f621b2278078c21fbc9799bad7af4cba7cd0105aaa025658fe73,True,True,not_implied_by_inventory
tools/semester_flow.py,2302,3ff97b8f6452b2be556c5726eeb6bd12c40b07e2158c8b7b3835f140b4aab343,True,True,not_implied_by_inventory
tools/snapshot_member_files.py,439,091e2d178dc170a06faa588060b984185d36a358657cc34765a0ba208175abbe,True,True,not_implied_by_inventory
tools/templates/checkin.html,15135,61433502450291e273c87202508824fc3232e3b3585c1c12f0235a3308bddec6,True,True,not_implied_by_inventory
tools/test_checkin_contract.cjs,2700,706c615d4a939b1a49137d5ed70de4810519b3ddce3e6bd5d3780a91c6c9221d,True,True,not_implied_by_inventory
tools/update_inventory.py,1992,c8995416f6b1e2583e0400ec6ada60c721fcae761a0eb5f2d7ab8357a158de77,True,True,not_implied_by_inventory
tools/verify_research.py,7830,3c3d4f7a3514046ec2c8c8d756c16f50726c74732bafb31d7ec31bd042c6b849,True,True,not_implied_by_inventory
tools/使用说明_学期推进流.md,423,10dea5ca013de49f945400a814abc08e593082e62153394c7d52ad333ac30e01,True,True,not_implied_by_inventory
代维斯丹/工作台.md,2320,3c3c674ede0c7c7a0812422e3da1087b3ccd3268b88afe19d5ae03a98a0fe448,True,True,not_implied_by_inventory
代维斯丹/待核文件/docs/03_docking_protocol.md,1749,1442536d1926443d4e5357aef5709966d7d596f0bfdfb9e938ce0ca056a62939,True,True,not_implied_by_inventory
代维斯丹/待核文件/results/docking/docking_scores.csv,9431,35d5de042f39b3487252fdbf3b04d76323db5d48c277247eb35e27fb49e2cbfd,True,True,not_implied_by_inventory
代维斯丹/待核文件/results/figures/model_dock_scatter.png,40549,7cfb51189e1603a44eb0cbac383d8f38982e0955d14f30ffa2ae51bf12354cf4,True,True,not_implied_by_inventory
代维斯丹/待核文件/results/figures/reliability_diagram.png,43716,528e3480a68831d217a7b130ced59a7954e30fcbdc81145fdbf5b2223a802ac8,True,True,not_implied_by_inventory
代维斯丹/待核文件/results/figures/top_candidates.png,18844,cd4e0ae42cdca6aabb57796b14963e76986b1eb39a5dcd30ea0af5002a50c2a4,True,True,not_implied_by_inventory
代维斯丹/待核文件/results/figures/uncertainty_vs_error.png,26324,80947f3825454a855fece156f2f485c87030b7de1c03eacf6820c1e20d5fb138,True,True,not_implied_by_inventory
代维斯丹/待核文件/src/__init__.py,0,e3b0c44298fc1c149afbf4c8996fb92427ae41e4649b934ca495991b7852b855,True,True,not_implied_by_inventory
代维斯丹/待核文件/src/chem/__init__.py,0,e3b0c44298fc1c149afbf4c8996fb92427ae41e4649b934ca495991b7852b855,True,True,not_implied_by_inventory
代维斯丹/待核文件/src/chem/fingerprints.py,1303,175ac372fe1e007cb8dfe8a28c17307d8dd620593581ecc9aedd28ed08b32728,True,True,not_implied_by_inventory
代维斯丹/待核文件/src/data/__init__.py,0,e3b0c44298fc1c149afbf4c8996fb92427ae41e4649b934ca495991b7852b855,True,True,not_implied_by_inventory
代维斯丹/待核文件/src/docking/__init__.py,0,e3b0c44298fc1c149afbf4c8996fb92427ae41e4649b934ca495991b7852b855,True,True,not_implied_by_inventory
代维斯丹/待核文件/src/docking/grid_box.py,1268,b7dec518809d74aa3af86355caeed9543a51cd803ebd2c4e5bafae096488ed46,True,True,not_implied_by_inventory
代维斯丹/待核文件/src/docking/mock_docking.py,3344,eb637ae37c190391d2e3d953b99cb450687c5ad1e77dabe95e04221f1059f165,True,True,not_implied_by_inventory
代维斯丹/待核文件/src/docking/run_vina.sh,1649,f126b0b6474b53d212644ed2bb07786d72bb8765c76e39a3cca0c301493709ff,True,True,not_implied_by_inventory
代维斯丹/待核文件/src/models/__init__.py,0,e3b0c44298fc1c149afbf4c8996fb92427ae41e4649b934ca495991b7852b855,True,True,not_implied_by_inventory
代维斯丹/待核文件/src/scoring/__init__.py,0,e3b0c44298fc1c149afbf4c8996fb92427ae41e4649b934ca495991b7852b855,True,True,not_implied_by_inventory
代维斯丹/待核文件/src/viz/__init__.py,0,e3b0c44298fc1c149afbf4c8996fb92427ae41e4649b934ca495991b7852b855,True,True,not_implied_by_inventory
代维斯丹/待核文件/src/viz/plots.py,4156,eedd67fcaf127b91477bca845e6d57c5217057a56d96f184f427d556e4a9df56,True,True,not_implied_by_inventory
代维斯丹/待核文件/历史状态说明.md,176,7a6d7639ce1f3821498fa2c5112e627e93f292f1874b573c2110c9a54db809ee,True,True,not_implied_by_inventory
代维斯丹/待核文件/快照清单.md,1342,a1c383d655b5f1a7b57157e83b84d54328924098c35d455b15bd0684130f3b66,True,True,not_implied_by_inventory
代维斯丹/打卡_代维斯丹.html,71433,d0d01ac481dad52d421f8dc8ea1a359a878db3e3f7592c63b466313f5b86654d,True,True,not_implied_by_inventory
宁显泷/工作台.md,2212,9cc4fa8bf38310dd88c4d9702ee9af549e0bd38bdbaf5196d750cf0943b67082,True,True,not_implied_by_inventory
宁显泷/待核文件/docs/02_model_notes.md,1986,4a212bcf7607f4f086d88c9020d92d3d2436a5c50de5729d4ea4ef5eac93d46a,True,True,not_implied_by_inventory
宁显泷/待核文件/reports/pdf_build/verify.py,7990,5e7572b5f96c0315d1c7319040d6322375a1da678eb2bf972aa01be363d32fdf,True,True,not_implied_by_inventory
宁显泷/待核文件/results/metrics/baseline.csv,133,645d35f999c209e17a1b1c5b1f97d783c50d5675b6b3efcbb4eb569e7e55f1c1,True,True,not_implied_by_inventory
宁显泷/待核文件/results/metrics/reliability_curve.csv,169,38b73a74c594df8bd7932fa0ca11d9fdeab9f2389788f97e1d2d4c0f10ba0cea,True,True,not_implied_by_inventory
宁显泷/待核文件/results/predictions/fullpool_predictions.csv,3686,6de64d1d72929561735c9e57de9e9c33696d399bf820d357f3a807ec48c3c0dc,True,True,not_implied_by_inventory
宁显泷/待核文件/results/predictions/test_predictions.csv,1114,2d57825c5e00524e34bac2195f0d6dd7e859ce54eec702c5a9dcc61c45b6660c,True,True,not_implied_by_inventory
宁显泷/待核文件/run_all.py,1720,f28a6ddf2a8f029878649aead7fd306fadb4850857f3dfe7722aa199e4b00ad8,True,True,not_implied_by_inventory
宁显泷/待核文件/src/chem/smiles_graph.py,8573,539e294fc0a767a389810630bd02201123b4057302f2815b880390d3a775b65b,True,True,not_implied_by_inventory
宁显泷/待核文件/src/models/baseline.py,4159,efcf2ff54a8efb045492d71a7f536368562beff97c115c9f70afeacec0c30fc5,True,True,not_implied_by_inventory
宁显泷/待核文件/src/models/dataset.py,2061,59cdd8876d903275e0c4d6d490bd679a63b649cfd1be12a4086d9af38dce8660,True,True,not_implied_by_inventory
宁显泷/待核文件/src/models/gnn.py,9267,6304f7a5181df5ba32d11148adf7cd23fe5b97843938b05fee58308e5aee1162,True,True,not_implied_by_inventory
宁显泷/待核文件/src/scoring/fuse.py,4313,c19da8eedb893330cee297bc31a313b29b87c4a165cd902177a2f2ff36b5bc7c,True,True,not_implied_by_inventory
宁显泷/待核文件/历史状态说明.md,176,7a6d7639ce1f3821498fa2c5112e627e93f292f1874b573c2110c9a54db809ee,True,True,not_implied_by_inventory
宁显泷/待核文件/快照清单.md,1002,6393b60740e6b5a113de20fb611c9bedc9d8a9d3e9ffc28d4042ab87a93f4891,True,True,not_implied_by_inventory
宁显泷/打卡_宁显泷.html,71424,7688acd6555654fc8984911f3021fb5b4f713b261e5760faf4627fbbd1e0059c,True,True,not_implied_by_inventory
王启龙/工作台.md,2262,9ae90c5df12c3e1f41ee0c1b720fd3d8bcd2cd1e403eb36976dd544bb5278c95,True,True,not_implied_by_inventory
王启龙/待核文件/.gitignore,58,fd17a650816240f5d937a200c9bff2f6d56aea32a4f411b0ef605bb6abfb991a,True,True,not_implied_by_inventory
王启龙/待核文件/CONTRIBUTORS.md,914,28747010c6c8c2928c7d32d0361c97df85d52043b3dd7ad30b68ef409607a7c0,True,True,not_implied_by_inventory
王启龙/待核文件/README.md,4876,313e2a38f51d1ff9821b13f5a28d4dede0ae8246c30c39893cb2f4901e6a3ca8,True,True,not_implied_by_inventory
王启龙/待核文件/docs/00_environment.md,1445,a0e254c9a17a833843c48aeccf734150b3d2bf2073b774d7af0e1fd24b3be199,True,True,not_implied_by_inventory
王启龙/待核文件/docs/MANIFEST.md,21931,074611b25ff1fa0cf44c4b9d6af6a4108722feb31dbf0dfb049d123936904ceb,True,True,not_implied_by_inventory
王启龙/待核文件/docs/PHASE_PLAN.md,5217,94e56ce1f3a6479fdd6b153d3daf6a788a97247518eb613d757c66ea0a2a19dc,True,True,not_implied_by_inventory
王启龙/待核文件/docs/VERIFY_MANUAL.md,6864,42f690ffaf64de93ee51454dbb534f18d5cf9a79e65197b018a981d5dde23576,True,True,not_implied_by_inventory
王启龙/待核文件/docs/VERIFY_TASKS.md,16411,a784e6994c1733be08706c5409f6bfc1ad35293b2e6b90a6f727cc491d3dd695,True,True,not_implied_by_inventory
王启龙/待核文件/docs/minutes/week1-2.md,1652,17881b0ff228678bd3f0ad65abe7e1504e1d9fae2b91e28f0414a5f4b9faf2b4,True,True,not_implied_by_inventory
王启龙/待核文件/docs/minutes/week3-4.md,1884,06c3e69d2bcd5108208b9ec0cf5241892b6d4d6a182802ea3996733ae7f31507,True,True,not_implied_by_inventory
王启龙/待核文件/docs/minutes/week5-6.md,1611,c8da324836ff0e7f0548a455ba3bc399cfc57375384e0dceb047bf5ee5e988b0,True,True,not_implied_by_inventory
王启龙/待核文件/docs/personal/00_工作量与成果总表.md,3068,3a3cd5835105fbfb8fa7138faa11178c03a45251d1fc460057cb133194535775,True,True,not_implied_by_inventory
王启龙/待核文件/docs/personal/P1_王启龙.md,1693,ea32456ce3c1473b9280906ca355f51a11dd9ad7fd8f80716899e8841f641aef,True,True,not_implied_by_inventory
王启龙/待核文件/docs/personal/P2_宁显泷.md,1708,c8a39975c8f998719d2b63b084f88fbfb35e477c8f02a8f41972c8e3a90f2dcf,True,True,not_implied_by_inventory
王启龙/待核文件/docs/personal/P3_衣思淼.md,1725,71a8ecdf7244d5f8570228dc34fdb410c6d1a8731b8afedbb97fa702c6a9380e,True,True,not_implied_by_inventory
王启龙/待核文件/docs/personal/P4_代维斯丹.md,1607,79711480eebbfdf56e78989fec54bc81e2fc98030af8baaf3601594bb8823687,True,True,not_implied_by_inventory
王启龙/待核文件/docs/personal/P5_王散曼.md,1874,dd67febe901ab931f9d1c94692638124c76c9453dad7451347abdb17bdb29824,True,True,not_implied_by_inventory
王启龙/待核文件/learning/王启龙/flow_state.json,5110,e8bd69d78198a25d0ea5d5bab626fa294a14d7b43d307a7b1b0804d205ae9082,True,True,not_implied_by_inventory
王启龙/待核文件/learning/王启龙/week01_exercise.py,970,6b27dd199b2bc7d4d8cb16561704ea20648329ca962dc27a3e153937db410f24,True,True,not_implied_by_inventory
王启龙/待核文件/learning/王启龙/week03_rdkit_recalc.py,1787,2e2069a3c52e97c60bf5671ed76b0b8eae144247fbe6ec95725fcf3cbbcde79b,True,True,not_implied_by_inventory
王启龙/待核文件/phase2_semester/WP1_verify_baseline.md,1602,f36630bf90c824f42340c06e93d3ee5dcfaae16bec6e825d0f7b8cab63cf85df,True,True,not_implied_by_inventory
王启龙/待核文件/phase2_semester/WP2_real_docking.md,1890,6755864df7dc7cfeb107fa2e3f7348fcd8d7ada89f6a63f7853b6a537c5e02ca,True,True,not_implied_by_inventory
王启龙/待核文件/phase2_semester/WP3_data_expansion.md,2792,cd8f7c476d36a73eb519e85a9722a3081823a4cb5e9141bc513e5d048af30b48,True,True,not_implied_by_inventory
王启龙/待核文件/phase2_semester/WP4_model_upgrade.md,1647,39721c52db86da6c6c90c79ce9a742e7cd8d3151df930fb494affe20d689056f,True,True,not_implied_by_inventory
王启龙/待核文件/phase2_semester/WP5_experiment_bridge.md,1776,bf06c9134595f7cb7ab0d5b519c49e0194cb0ed6fcfcc639d8b08c557cdd6578,True,True,not_implied_by_inventory
王启龙/待核文件/phase2_semester/推进程序_负责人_王启龙.md,36280,5205a1716b7e4f2ac6da85c987290731423d72e23794eb4bbc6ca069f24064a1,True,True,not_implied_by_inventory
王启龙/待核文件/reports/midterm_report.md,6533,47752be7fba2b39206fab9695847418340ae3af8dd94e5b69fae477836cc3685,True,True,not_implied_by_inventory
王启龙/待核文件/requirements.txt,154,a2bde8710b4c9eee24320dc73bfce7e1b85425a3a32c9618a86c0d86aa07a8d9,True,True,not_implied_by_inventory
王启龙/待核文件/tools/gen_member_pages.py,67741,5a6af13c511a960adf1fdea54ab2de7fcfe2a3eccf19241dd133a1acaceea967,True,True,not_implied_by_inventory
王启龙/待核文件/tools/semester_flow.py,93835,bd359e823b46a344716984844087a1dd0f238f0c894befa75f921338828cd5dc,True,True,not_implied_by_inventory
王启龙/待核文件/tools/使用说明_学期推进流.md,1357,f4a03681fcdd4776e760acece127ad5237e00105915a42ca0a44e3105898b91a,True,True,not_implied_by_inventory
王启龙/待核文件/历史状态说明.md,176,7a6d7639ce1f3821498fa2c5112e627e93f292f1874b573c2110c9a54db809ee,True,True,not_implied_by_inventory
王启龙/待核文件/快照清单.md,2636,eb5dc4ee7cfe353dd77271db4127d770e4decad1892fe39ad5907cfd1a6b0509,True,True,not_implied_by_inventory
王启龙/打卡_王启龙.html,71424,1fd34edcaa1e8b8371a7e4c02809b40397a99201489e10908bb5c504ae5d8531,True,True,not_implied_by_inventory
王散曼/工作台.md,2393,777016baf6eb5f7af982bf22e0fcc6123bfdd93ea6b824e445ecee03e575afba,True,True,not_implied_by_inventory
王散曼/待核文件/data/raw/novel_terpenes_lignans.csv,2097,598e0d32ea69eef9483cbf867e4359c4a0d49ed4b0e1c4430dc29721229d001d,True,True,not_implied_by_inventory
王散曼/待核文件/literature/01_classic_evidence.md,2858,6ed2bee59cf73a87d8a82de9b1f9a51dc91547bad4f765c7aaf806ccec80a52e,True,True,not_implied_by_inventory
王散曼/待核文件/literature/02_novel_terpenes_lignans.md,2401,b747831c0cb77bd8693d2982cf5b2cc2d3b0c2cce36336a1a4b5e1b1768053ba,True,True,not_implied_by_inventory
王散曼/待核文件/literature/03_top_candidate_mechanisms.md,2955,b48a989b45679b074a3005c1c46da012bac9b1f088c5525f045055d8e6016e21,True,True,not_implied_by_inventory
王散曼/待核文件/历史状态说明.md,176,7a6d7639ce1f3821498fa2c5112e627e93f292f1874b573c2110c9a54db809ee,True,True,not_implied_by_inventory
王散曼/待核文件/快照清单.md,576,e36521f01c40e03ccb9ddae7b9c1e8968f36a8c4d423672aced75bcc7d6e6aff,True,True,not_implied_by_inventory
王散曼/打卡_王散曼.html,71424,f4cf97a2336cc12fb6e7cec12273dcf4d5b4cc1d96f32e6b7737678872e8da9a,True,True,not_implied_by_inventory
衣思淼/工作台.md,2224,c557468aa39206c3f8da0f55cee5b3c82dcfacfac397fd6163130da1ddbbbd9a,True,True,not_implied_by_inventory
衣思淼/待核文件/data/processed/cleaned_compounds.csv,22184,b0263caa0fe3d0660e34a71fadc51e40a20008492532043204f553bda23cf934,True,True,not_implied_by_inventory
衣思淼/待核文件/data/processed/rejected.csv,35,f1b0d8c7ca228123d2e31ac2cc0dbb352f846d948b64fea55432af0d7fa4d179,True,True,not_implied_by_inventory
衣思淼/待核文件/data/processed/screening_pool.csv,4213,3cf2c4b10a3c23f883f8386c6e9d3e4f2d0a1cd83cf1cd2bbe1367975b9677c9,True,True,not_implied_by_inventory
衣思淼/待核文件/data/raw/tcm_seed_compounds.csv,12333,f448b47b6a466105474646791c73c92ab9f2f669e0c8ac7aaddb6eebff752c2a,True,True,not_implied_by_inventory
衣思淼/待核文件/data/splits/test.csv,5181,0808e6275290e89a63a3d47cb4a474d9ba6a3e0db7e72f8bb0e3aaf5e2582bf2,True,True,not_implied_by_inventory
衣思淼/待核文件/data/splits/train.csv,13398,ad1442b94fbd4ac74cd126981690a5ecf83626614270523832f532d5360d2138,True,True,not_implied_by_inventory
衣思淼/待核文件/data/splits/val.csv,3935,e8cb8018434cf9a7d059a24e35a09280ca58e4103ff89e4da77af2081bbffbcc,True,True,not_implied_by_inventory
衣思淼/待核文件/docs/01_data_dictionary.md,3380,7e216ea096cb78d2d4c0cbdb16c9ca7062c815400f2bd869e7ab198fc662a68f,True,True,not_implied_by_inventory
衣思淼/待核文件/results/ad/ad_report.csv,4112,5107ed4c638fd6b60fd58dd794b5ec42441657780f00f1fe9f936a1bc63c37b6,True,True,not_implied_by_inventory
衣思淼/待核文件/results/rankings/final_ranking.csv,5210,78327fb3d1e75ce577bed09463228cd04782e78a0dc5d73330b9bd21347d2146,True,True,not_implied_by_inventory
衣思淼/待核文件/src/chem/descriptors.py,3004,c32396838b6722d8abf3edaf70dbabfd75c98cd6c756f5ba3c5f9dc1030687be,True,True,not_implied_by_inventory
衣思淼/待核文件/src/data/ad.py,2804,b823ab8828eb3e4905907f53bb1cb14a745f3b1d156fc125db56eb9fa5da2896,True,True,not_implied_by_inventory
衣思淼/待核文件/src/data/clean.py,3050,461d6dd4299d7d02566f0bedac4522df1000a7e081ca5d399dac5f8f8709362d,True,True,not_implied_by_inventory
衣思淼/待核文件/src/data/split.py,2095,69000f3da019c046fe8713c63e56800b68afb00d1a3fb9dae34d8a6d6857192a,True,True,not_implied_by_inventory
衣思淼/待核文件/历史状态说明.md,176,7a6d7639ce1f3821498fa2c5112e627e93f292f1874b573c2110c9a54db809ee,True,True,not_implied_by_inventory
衣思淼/待核文件/快照清单.md,1100,0a1dd08a6c6eae6ceaa3652be324032c21bf9dc20a46dc6ec40cc119ef64e91a,True,True,not_implied_by_inventory
衣思淼/打卡_衣思淼.html,71424,b6b220959eca3092df154d3461f17294851fc340864a411982840141f65ccd05,True,True,not_implied_by_inventory
